scientific_tag,run_id,model,method,seed,task,wall_seconds,accelerator_count,accelerator_name,h100_hours,cell_fingerprint,source_path,source_sha256,completion_path,completion_sha256
q3_l2r_abstention_confirmation_34c342d4_AC-ALG1_FORCED_seed389,34c342d4,qwen3-1.7b-base,AC-ALG1,389,gsm8k,2382.0,1,NVIDIA H100 80GB HBM3,0.6616666666666666,9a03581ec1070bdb912c05b3e35635a19e1469bda2f8a9e8f4c13c5088f9b404,research_repository/ResultsArchive/incoming/abstention-confirmation__34c342d4/artifacts/cell_result_gsm8k__q3_l2r_abstention_confirmation_34c342d4_AC-ALG1_FORCED_seed389__AC-ALG1_s389.json,2c490a8f470026e336dd25a1288f8ffc5118c34f3484c77a0b920b08e6e49368,research_repository/ResultsArchive/incoming/abstention-confirmation__34c342d4/artifacts/complete_gsm8k__q3_l2r_abstention_confirmation_34c342d4_AC-ALG1_FORCED_seed389__AC-ALG1_s389.json,1286ba1868add6139934fb5e14fd1f927aac9291f75e11c6eb8975ef0fb504b1
q3_l2r_abstention_confirmation_34c342d4_AC-ALG1_FORCED_seed397,34c342d4,qwen3-1.7b-base,AC-ALG1,397,gsm8k,2243.4,1,NVIDIA H100 80GB HBM3,0.6231666666666666,46138cc87bc564a32c1926edc9e30e454884ee93b6d53e29b41e315ef8035f6a,research_repository/ResultsArchive/incoming/abstention-confirmation__34c342d4/artifacts/cell_result_gsm8k__q3_l2r_abstention_confirmation_34c342d4_AC-ALG1_FORCED_seed397__AC-ALG1_s397.json,79555ef9dc0c4eee3bb18dd33fa9a88a56769e10241cae52412e11ebf1038105,research_repository/ResultsArchive/incoming/abstention-confirmation__34c342d4/artifacts/complete_gsm8k__q3_l2r_abstention_confirmation_34c342d4_AC-ALG1_FORCED_seed397__AC-ALG1_s397.json,08b17c90414a06413ba2b82b8af9bb536bf89f7a71f25324a40ae9afb2f8c3b0
q3_l2r_abstention_confirmation_34c342d4_AC-ALG1_FORCED_seed433,34c342d4,qwen3-1.7b-base,AC-ALG1,433,gsm8k,2218.2,1,NVIDIA H100 80GB HBM3,0.6161666666666666,f201bc2fe832a45dacb536454417f01fb1d7b12a1bc261a5010216dd0c9a530f,research_repository/ResultsArchive/incoming/abstention-confirmation__34c342d4/artifacts/cell_result_gsm8k__q3_l2r_abstention_confirmation_34c342d4_AC-ALG1_FORCED_seed433__AC-ALG1_s433.json,dfeb7233a5a0f68240890bdf5cb53b58be4bf5ec5354bbd5f765bb9d665747f6,research_repository/ResultsArchive/incoming/abstention-confirmation__34c342d4/artifacts/complete_gsm8k__q3_l2r_abstention_confirmation_34c342d4_AC-ALG1_FORCED_seed433__AC-ALG1_s433.json,4b60d121b27a10f7ef9f842dac7b4d8eb7f7548350423427e092c0fad6572875
q3_l2r_abstention_confirmation_34c342d4_AC-ALG1_FORCED_seed439,34c342d4,qwen3-1.7b-base,AC-ALG1,439,gsm8k,2338.1,1,NVIDIA H100 80GB HBM3,0.6494722222222222,c4ce6972660c402ffb03336a4d8005424b542c805441c3a6a76e4b78154d5906,research_repository/ResultsArchive/incoming/abstention-confirmation__34c342d4/artifacts/cell_result_gsm8k__q3_l2r_abstention_confirmation_34c342d4_AC-ALG1_FORCED_seed439__AC-ALG1_s439.json,54d536874d2f3a9c8e4a17b1c25b8fedd827e4b792b0b286c75e1fb92b9c6827,research_repository/ResultsArchive/incoming/abstention-confirmation__34c342d4/artifacts/complete_gsm8k__q3_l2r_abstention_confirmation_34c342d4_AC-ALG1_FORCED_seed439__AC-ALG1_s439.json,b4a3fbc3917cb56db4f4c35f0101db71c0e0843efe7d4d97746efe6c0585bae4
q3_l2r_abstention_confirmation_34c342d4_AC-ALG1_FORCED_seed443,34c342d4,qwen3-1.7b-base,AC-ALG1,443,gsm8k,2173.3,1,NVIDIA H100 80GB HBM3,0.6036944444444445,7bd63a4124ce35d23b03b53e7c02077ea5b4fed2503e0b2f40b83aca176eee3e,research_repository/ResultsArchive/incoming/abstention-confirmation__34c342d4/artifacts/cell_result_gsm8k__q3_l2r_abstention_confirmation_34c342d4_AC-ALG1_FORCED_seed443__AC-ALG1_s443.json,cbee11d0775e6026509929e617afbd78039694784a309dc3b0556296b205b29d,research_repository/ResultsArchive/incoming/abstention-confirmation__34c342d4/artifacts/complete_gsm8k__q3_l2r_abstention_confirmation_34c342d4_AC-ALG1_FORCED_seed443__AC-ALG1_s443.json,7cc9b68fac8ae903e1f79c2a2e52913f091bcb8405b5553aac49b2ae6b7eeeef
q3_l2r_abstention_confirmation_34c342d4_AC-ALG1_FORCED_seed449,34c342d4,qwen3-1.7b-base,AC-ALG1,449,gsm8k,2421.2,1,NVIDIA H100 80GB HBM3,0.6725555555555555,262e0b06382e2d29bbbe2cd094e6ba20e963f0614dff93ca25af7454630a550a,research_repository/ResultsArchive/incoming/abstention-confirmation__34c342d4/artifacts/cell_result_gsm8k__q3_l2r_abstention_confirmation_34c342d4_AC-ALG1_FORCED_seed449__AC-ALG1_s449.json,58b665b45bf67a32ba215b83cac55795aee70bf1cc080ffdd17a62da25a36b0d,research_repository/ResultsArchive/incoming/abstention-confirmation__34c342d4/artifacts/complete_gsm8k__q3_l2r_abstention_confirmation_34c342d4_AC-ALG1_FORCED_seed449__AC-ALG1_s449.json,46dff94ad26c3f0d83680699e1a80eaac994837920ef3151022df06ac4e6ac97
q3_l2r_abstention_confirmation_34c342d4_AC-ALG1_FORCED_seed457,34c342d4,qwen3-1.7b-base,AC-ALG1,457,gsm8k,2183.4,1,NVIDIA H100 80GB HBM3,0.6065,4b63d73d349aa18d89588090b19168c209897460ba9e1c2db213b52b6f030315,research_repository/ResultsArchive/incoming/abstention-confirmation__34c342d4/artifacts/cell_result_gsm8k__q3_l2r_abstention_confirmation_34c342d4_AC-ALG1_FORCED_seed457__AC-ALG1_s457.json,3861274ad9ed92bc2e9201578167a1b4dd7eca51806c59d9e1049c534c1c0683,research_repository/ResultsArchive/incoming/abstention-confirmation__34c342d4/artifacts/complete_gsm8k__q3_l2r_abstention_confirmation_34c342d4_AC-ALG1_FORCED_seed457__AC-ALG1_s457.json,20740184bf1c2a8c66bda93381e86793a09dea62dcc0289839997da840fdb752
q3_l2r_abstention_confirmation_34c342d4_AC-ALG1_NULL-LATENT_seed389,34c342d4,qwen3-1.7b-base,AC-ALG1,389,gsm8k,2290.2,1,NVIDIA H100 80GB HBM3,0.6361666666666667,6bd3109bec2655a8b0741cc713d29f3ca751fe00d463dee03f5198372c9ae581,research_repository/ResultsArchive/incoming/abstention-confirmation__34c342d4/artifacts/cell_result_gsm8k__q3_l2r_abstention_confirmation_34c342d4_AC-ALG1_NULL-LATENT_seed389__AC-ALG1_s389.json,4623337c545986c0616589ef96f0a7e4d346b2e3c27f8c021ff7adf4e813c3a7,research_repository/ResultsArchive/incoming/abstention-confirmation__34c342d4/artifacts/complete_gsm8k__q3_l2r_abstention_confirmation_34c342d4_AC-ALG1_NULL-LATENT_seed389__AC-ALG1_s389.json,275af644ffee6f7d16f4a5c05f225d1e4d5bd32c7c82d8790dc333f248d8efac
q3_l2r_abstention_confirmation_34c342d4_AC-ALG1_NULL-LATENT_seed397,34c342d4,qwen3-1.7b-base,AC-ALG1,397,gsm8k,2265.9,1,NVIDIA H100 80GB HBM3,0.6294166666666667,2228c291d907b39b0c1fe697e438ffac9771e288ff13717e5e0a757265dac8f8,research_repository/ResultsArchive/incoming/abstention-confirmation__34c342d4/artifacts/cell_result_gsm8k__q3_l2r_abstention_confirmation_34c342d4_AC-ALG1_NULL-LATENT_seed397__AC-ALG1_s397.json,fb4ac7c3713cf53b470b3861d66ff53861789638bf6da6b1338c0215e3cc90d6,research_repository/ResultsArchive/incoming/abstention-confirmation__34c342d4/artifacts/complete_gsm8k__q3_l2r_abstention_confirmation_34c342d4_AC-ALG1_NULL-LATENT_seed397__AC-ALG1_s397.json,3ad7fa10b9cf11fba1e2b20c4b556e55e8dde0dec02477538d5008810bf57664
q3_l2r_abstention_confirmation_34c342d4_AC-ALG1_NULL-LATENT_seed433,34c342d4,qwen3-1.7b-base,AC-ALG1,433,gsm8k,2024.4,1,NVIDIA H100 80GB HBM3,0.5623333333333334,5a501af7a1b2dd877e5a276eb990765b8cf655cc12af768c84be4cd3c15ebf52,research_repository/ResultsArchive/incoming/abstention-confirmation__34c342d4/artifacts/cell_result_gsm8k__q3_l2r_abstention_confirmation_34c342d4_AC-ALG1_NULL-LATENT_seed433__AC-ALG1_s433.json,6cf985a6415610605c442ebf176122e30d87082edf80fb522d86e99678da6b2e,research_repository/ResultsArchive/incoming/abstention-confirmation__34c342d4/artifacts/complete_gsm8k__q3_l2r_abstention_confirmation_34c342d4_AC-ALG1_NULL-LATENT_seed433__AC-ALG1_s433.json,82b079a27e1466587b85b214b14ed73f821b286b762c5b33b694dc036bb6448c
q3_l2r_abstention_confirmation_34c342d4_AC-ALG1_NULL-LATENT_seed439,34c342d4,qwen3-1.7b-base,AC-ALG1,439,gsm8k,2325.7,1,NVIDIA H100 80GB HBM3,0.6460277777777778,4f16dc2c1f29c2ab8b34b89c8ff5b518be1854adfd64ba345cb9bacb64a18a10,research_repository/ResultsArchive/incoming/abstention-confirmation__34c342d4/artifacts/cell_result_gsm8k__q3_l2r_abstention_confirmation_34c342d4_AC-ALG1_NULL-LATENT_seed439__AC-ALG1_s439.json,ebf08a9ccffd0d3ff43b99fcfde8999d660eb208ff31e4ac056f49afba84a2ca,research_repository/ResultsArchive/incoming/abstention-confirmation__34c342d4/artifacts/complete_gsm8k__q3_l2r_abstention_confirmation_34c342d4_AC-ALG1_NULL-LATENT_seed439__AC-ALG1_s439.json,07b2b1a8f480d738f05797f703c5cf1326915bb54389011e4fe4de8f7c387d14
q3_l2r_abstention_confirmation_34c342d4_AC-ALG1_NULL-LATENT_seed443,34c342d4,qwen3-1.7b-base,AC-ALG1,443,gsm8k,2041.9,1,NVIDIA H100 80GB HBM3,0.5671944444444444,af475526dc9583337497bd90a9fa52d7d37037b36bd25fc86663878143e5b75c,research_repository/ResultsArchive/incoming/abstention-confirmation__34c342d4/artifacts/cell_result_gsm8k__q3_l2r_abstention_confirmation_34c342d4_AC-ALG1_NULL-LATENT_seed443__AC-ALG1_s443.json,97535700471d27a7bfc2c1d738941772006cc3a40dde18d19dcd7a1b8ef1d370,research_repository/ResultsArchive/incoming/abstention-confirmation__34c342d4/artifacts/complete_gsm8k__q3_l2r_abstention_confirmation_34c342d4_AC-ALG1_NULL-LATENT_seed443__AC-ALG1_s443.json,f40d945b5a0f05163d5effcc8e55b0c7aa693495768469e3bc30601aa6c82268
q3_l2r_abstention_confirmation_34c342d4_AC-ALG1_NULL-LATENT_seed449,34c342d4,qwen3-1.7b-base,AC-ALG1,449,gsm8k,2738.4,1,NVIDIA H100 80GB HBM3,0.7606666666666667,73b493419f75959bb30593ba7a5b7feb1df96a8f2bdffa99554e15d3c8edf0e6,research_repository/ResultsArchive/incoming/abstention-confirmation__34c342d4/artifacts/cell_result_gsm8k__q3_l2r_abstention_confirmation_34c342d4_AC-ALG1_NULL-LATENT_seed449__AC-ALG1_s449.json,b928764adba5e88282a7a3db701482befac5666f5dc0f7691e7dd524c67abdec,research_repository/ResultsArchive/incoming/abstention-confirmation__34c342d4/artifacts/complete_gsm8k__q3_l2r_abstention_confirmation_34c342d4_AC-ALG1_NULL-LATENT_seed449__AC-ALG1_s449.json,71a4e3ccffb180e8f83efe2d83badc01bdc13da390b29916afc1f9702a16711a
q3_l2r_abstention_confirmation_34c342d4_AC-ALG1_NULL-LATENT_seed457,34c342d4,qwen3-1.7b-base,AC-ALG1,457,gsm8k,2167.6,1,NVIDIA H100 80GB HBM3,0.602111111111111,0d6dead234d41930452afaf9292dd177495d985e8ede363352e88bc664b01862,research_repository/ResultsArchive/incoming/abstention-confirmation__34c342d4/artifacts/cell_result_gsm8k__q3_l2r_abstention_confirmation_34c342d4_AC-ALG1_NULL-LATENT_seed457__AC-ALG1_s457.json,ecc6e71f4ddc4624d0c272c9008b4def8ffbed71c1291a20ebf313a53eef2a70,research_repository/ResultsArchive/incoming/abstention-confirmation__34c342d4/artifacts/complete_gsm8k__q3_l2r_abstention_confirmation_34c342d4_AC-ALG1_NULL-LATENT_seed457__AC-ALG1_s457.json,594c1c6f26008c9d7ade67d63ae399cbce6054046c60ef05ef30c2d4716ecc35
q3_l2r_abstention_confirmation_34c342d4_base_CTRL-base_seed389,34c342d4,qwen3-1.7b-base,base,389,gsm8k,380.3,1,NVIDIA H100 80GB HBM3,0.1056388888888889,474c6d6947672eb0c989209b9eee2b262cac65fa20cd2e93322d7848da40c10a,research_repository/ResultsArchive/incoming/abstention-confirmation__34c342d4/artifacts/cell_result_gsm8k__q3_l2r_abstention_confirmation_34c342d4_base_CTRL-base_seed389__base_s389.json,c76958717ebd223425dac21f8ab17eb92653b7c6cf56bb04a2a9286a8d480b52,research_repository/ResultsArchive/incoming/abstention-confirmation__34c342d4/artifacts/complete_gsm8k__q3_l2r_abstention_confirmation_34c342d4_base_CTRL-base_seed389__base_s389.json,8ce1637a982e8fac9c4c5c855b3c6d45cc499ba82d5ea52c51668c4a1e6ee8f2
q3_l2r_abstention_confirmation_34c342d4_base_CTRL-base_seed397,34c342d4,qwen3-1.7b-base,base,397,gsm8k,347.0,1,NVIDIA H100 80GB HBM3,0.09638888888888889,fe1c6a7b1e08a4338b848acec4fb369de807a14bb8badf803edec82e10e92ebe,research_repository/ResultsArchive/incoming/abstention-confirmation__34c342d4/artifacts/cell_result_gsm8k__q3_l2r_abstention_confirmation_34c342d4_base_CTRL-base_seed397__base_s397.json,62d8630c1bfe3dfd4764db79e2a04c84438055af992c5e59ff69adde3b323440,research_repository/ResultsArchive/incoming/abstention-confirmation__34c342d4/artifacts/complete_gsm8k__q3_l2r_abstention_confirmation_34c342d4_base_CTRL-base_seed397__base_s397.json,d1e2838ff9a0783fa2f8d787396f6a57e926a9c6f415b547110066a4d92ba60a
q3_l2r_abstention_confirmation_34c342d4_base_CTRL-base_seed433,34c342d4,qwen3-1.7b-base,base,433,gsm8k,338.5,1,NVIDIA H100 80GB HBM3,0.09402777777777778,e8ee44e16d13403cd4ff8728b400a8e72eecca3f387a2192e610b684f4227600,research_repository/ResultsArchive/incoming/abstention-confirmation__34c342d4/artifacts/cell_result_gsm8k__q3_l2r_abstention_confirmation_34c342d4_base_CTRL-base_seed433__base_s433.json,b513c9aece34f37d381b5c8813c05477c42c3c43b2f98cdf570b86f1b2eb1cd3,research_repository/ResultsArchive/incoming/abstention-confirmation__34c342d4/artifacts/complete_gsm8k__q3_l2r_abstention_confirmation_34c342d4_base_CTRL-base_seed433__base_s433.json,bd7c4731e03d7ef4f26efbe6abbc36b6f43c8fced5ec798c9b522723d835a157
q3_l2r_abstention_confirmation_34c342d4_base_CTRL-base_seed439,34c342d4,qwen3-1.7b-base,base,439,gsm8k,388.3,1,NVIDIA H100 80GB HBM3,0.10786111111111112,db8b80b6a521c0099a9780e7cdb1b419b569c671a8a55fac5e6d44089c4b4028,research_repository/ResultsArchive/incoming/abstention-confirmation__34c342d4/artifacts/cell_result_gsm8k__q3_l2r_abstention_confirmation_34c342d4_base_CTRL-base_seed439__base_s439.json,ae1de0b2ad829152c02d96469c6106aa78c20846c2672a19aba7719d57273063,research_repository/ResultsArchive/incoming/abstention-confirmation__34c342d4/artifacts/complete_gsm8k__q3_l2r_abstention_confirmation_34c342d4_base_CTRL-base_seed439__base_s439.json,acd7383b15a30712878c43c6e4c34bb08493348fbe18f8c0fc3beba8a41b8bef
q3_l2r_abstention_confirmation_34c342d4_base_CTRL-base_seed443,34c342d4,qwen3-1.7b-base,base,443,gsm8k,309.4,1,NVIDIA H100 80GB HBM3,0.08594444444444443,ae67409b1c6b242bac038bfe243817b963e23199ddac030d3bf7c84438c19ac1,research_repository/ResultsArchive/incoming/abstention-confirmation__34c342d4/artifacts/cell_result_gsm8k__q3_l2r_abstention_confirmation_34c342d4_base_CTRL-base_seed443__base_s443.json,2bf3a22fe85eb36cfe72e828b3558fe829866e71780d19019be089f846274b9b,research_repository/ResultsArchive/incoming/abstention-confirmation__34c342d4/artifacts/complete_gsm8k__q3_l2r_abstention_confirmation_34c342d4_base_CTRL-base_seed443__base_s443.json,c418b6a9273bca43c883299ef571d6ddb1e08944995fbbe2571032c6e2529075
q3_l2r_abstention_confirmation_34c342d4_base_CTRL-base_seed449,34c342d4,qwen3-1.7b-base,base,449,gsm8k,357.5,1,NVIDIA H100 80GB HBM3,0.09930555555555555,acf59288d72e5a31930df1fb7f9782438a055e5813f72b16e1fa25b9c707f509,research_repository/ResultsArchive/incoming/abstention-confirmation__34c342d4/artifacts/cell_result_gsm8k__q3_l2r_abstention_confirmation_34c342d4_base_CTRL-base_seed449__base_s449.json,8dcfe26a021e4b9df9ab5893b2f5bb473f9047a473ef1b018e606de83e560029,research_repository/ResultsArchive/incoming/abstention-confirmation__34c342d4/artifacts/complete_gsm8k__q3_l2r_abstention_confirmation_34c342d4_base_CTRL-base_seed449__base_s449.json,4ea8aa60704499ed342c0a3c853afc493c29aa9ce279e90d194250a7dba0162f
q3_l2r_abstention_confirmation_34c342d4_base_CTRL-base_seed457,34c342d4,qwen3-1.7b-base,base,457,gsm8k,361.0,1,NVIDIA H100 80GB HBM3,0.10027777777777777,ab1c40065694873e9885c035b711b11aebff9253246ada91a77a76852bdbe3b5,research_repository/ResultsArchive/incoming/abstention-confirmation__34c342d4/artifacts/cell_result_gsm8k__q3_l2r_abstention_confirmation_34c342d4_base_CTRL-base_seed457__base_s457.json,ab07ed8649d0d4ad3d7370fb5aa72344c4a9e8b1eb5ea3f96a407c21bfde0ff5,research_repository/ResultsArchive/incoming/abstention-confirmation__34c342d4/artifacts/complete_gsm8k__q3_l2r_abstention_confirmation_34c342d4_base_CTRL-base_seed457__base_s457.json,af3138ed2c03fe57ba298b202234d0f65ed21eaa803a51423e5c12a8ab83682c
q3_l2r_abstention_pilot_7b4e1a92_AC-ALG1_FORCED_seed337,7b4e1a92,qwen3-1.7b-base,AC-ALG1,337,gsm8k,2427.6,1,NVIDIA H100 80GB HBM3,0.6743333333333333,bafcbe502c142f1f6872f21d1f97663a699f56458463190aa6263c1ebf0a13ad,research_repository/ResultsArchive/incoming/abstention-pilot__7b4e1a92/artifacts/cell_result_gsm8k__q3_l2r_abstention_pilot_7b4e1a92_AC-ALG1_FORCED_seed337__AC-ALG1_s337.json,a1b9a3d995d919a5043e34418784001ce3aed7b07adc9dc8f2b6354fa643bdcb,research_repository/ResultsArchive/incoming/abstention-pilot__7b4e1a92/artifacts/complete_gsm8k__q3_l2r_abstention_pilot_7b4e1a92_AC-ALG1_FORCED_seed337__AC-ALG1_s337.json,aff2f257baea6f501391bb4bdbf9ca3545a980cd7077b085d0af257face7d2a7
q3_l2r_abstention_pilot_7b4e1a92_AC-ALG1_FORCED_seed347,7b4e1a92,qwen3-1.7b-base,AC-ALG1,347,gsm8k,2471.5,1,NVIDIA H100 80GB HBM3,0.6865277777777777,20d6f7dd64473e814f008dcebc06d756dc06803450accddd2a1396891af69672,research_repository/ResultsArchive/incoming/abstention-pilot__7b4e1a92/artifacts/cell_result_gsm8k__q3_l2r_abstention_pilot_7b4e1a92_AC-ALG1_FORCED_seed347__AC-ALG1_s347.json,a691cc4cfac4818ebfde90c9280343be5476c7cd3df4e183e0ce7d47610f5e18,research_repository/ResultsArchive/incoming/abstention-pilot__7b4e1a92/artifacts/complete_gsm8k__q3_l2r_abstention_pilot_7b4e1a92_AC-ALG1_FORCED_seed347__AC-ALG1_s347.json,ec3330109751605cf0f2bea824ba729c5dd986c8ed352d8834d2d9c664da1f28
q3_l2r_abstention_pilot_7b4e1a92_AC-ALG1_FORCED_seed349,7b4e1a92,qwen3-1.7b-base,AC-ALG1,349,gsm8k,2087.5,1,NVIDIA H100 80GB HBM3,0.5798611111111112,3cf750ed64bb92622fcfa9c986af91e652b05132b73f3801c353f8be3246999c,research_repository/ResultsArchive/incoming/abstention-pilot__7b4e1a92/artifacts/cell_result_gsm8k__q3_l2r_abstention_pilot_7b4e1a92_AC-ALG1_FORCED_seed349__AC-ALG1_s349.json,ace352073bda326fa1118502d1a9769c1fa2f4489a30582e8bcce784f2c1bfe0,research_repository/ResultsArchive/incoming/abstention-pilot__7b4e1a92/artifacts/complete_gsm8k__q3_l2r_abstention_pilot_7b4e1a92_AC-ALG1_FORCED_seed349__AC-ALG1_s349.json,04a5ee2c224d7e693bbc9f7ceb7842b5e3d7a16b9015ba24f2aa4e6db8c50ef9
q3_l2r_abstention_pilot_7b4e1a92_AC-ALG1_HARD-SKIP_seed337,7b4e1a92,qwen3-1.7b-base,AC-ALG1,337,gsm8k,2309.3,1,NVIDIA H100 80GB HBM3,0.6414722222222222,3db6a269ed478042bf81e8838604d4d7c2668e183334de84a2da76608c300a07,research_repository/ResultsArchive/incoming/abstention-pilot__7b4e1a92/artifacts/cell_result_gsm8k__q3_l2r_abstention_pilot_7b4e1a92_AC-ALG1_HARD-SKIP_seed337__AC-ALG1_s337.json,340aa8b0186539b3dd5944882086b3dd3a275db661d4f0bdcca5254abc806587,research_repository/ResultsArchive/incoming/abstention-pilot__7b4e1a92/artifacts/complete_gsm8k__q3_l2r_abstention_pilot_7b4e1a92_AC-ALG1_HARD-SKIP_seed337__AC-ALG1_s337.json,8fd6136e96b5d49de38dfd567ba4e8ded7154975f89631b2fe365fa5e93b91bc
q3_l2r_abstention_pilot_7b4e1a92_AC-ALG1_HARD-SKIP_seed347,7b4e1a92,qwen3-1.7b-base,AC-ALG1,347,gsm8k,2158.5,1,NVIDIA H100 80GB HBM3,0.5995833333333334,bcbc222a0ad39279798839a0905fb2fd42993f9ce90d5a053b2b3dacd5254c02,research_repository/ResultsArchive/incoming/abstention-pilot__7b4e1a92/artifacts/cell_result_gsm8k__q3_l2r_abstention_pilot_7b4e1a92_AC-ALG1_HARD-SKIP_seed347__AC-ALG1_s347.json,670bfe70d26afeff66838aa8ca2dd27c1224a6307ba5ebcee4e281c19f726dcd,research_repository/ResultsArchive/incoming/abstention-pilot__7b4e1a92/artifacts/complete_gsm8k__q3_l2r_abstention_pilot_7b4e1a92_AC-ALG1_HARD-SKIP_seed347__AC-ALG1_s347.json,43cc4d6e15c5baa7848a19a87f007cd4fb5d012f1df0800659d41c92fc265b83
q3_l2r_abstention_pilot_7b4e1a92_AC-ALG1_HARD-SKIP_seed349,7b4e1a92,qwen3-1.7b-base,AC-ALG1,349,gsm8k,2323.7,1,NVIDIA H100 80GB HBM3,0.6454722222222222,a963c81fd118a4de8d3880a2c639c728f30602e04d32f4a8ea9c0bdca44f78a9,research_repository/ResultsArchive/incoming/abstention-pilot__7b4e1a92/artifacts/cell_result_gsm8k__q3_l2r_abstention_pilot_7b4e1a92_AC-ALG1_HARD-SKIP_seed349__AC-ALG1_s349.json,baa78f679c808527e578504c9361eb9b9b02d7cf5535b2fe1bc983fb6fb61e7a,research_repository/ResultsArchive/incoming/abstention-pilot__7b4e1a92/artifacts/complete_gsm8k__q3_l2r_abstention_pilot_7b4e1a92_AC-ALG1_HARD-SKIP_seed349__AC-ALG1_s349.json,56a8d1a9e99ea610fc6b50e7d9a8af02fec95b8b6c9e1b6321b0f4139530214e
q3_l2r_abstention_pilot_7b4e1a92_AC-ALG1_NULL-LATENT_seed337,7b4e1a92,qwen3-1.7b-base,AC-ALG1,337,gsm8k,2423.9,1,NVIDIA H100 80GB HBM3,0.6733055555555556,8ee58b6a12c035515ab0836afcac79a115c81fad1174285f3f9a57729a6c0d0c,research_repository/ResultsArchive/incoming/abstention-pilot__7b4e1a92/artifacts/cell_result_gsm8k__q3_l2r_abstention_pilot_7b4e1a92_AC-ALG1_NULL-LATENT_seed337__AC-ALG1_s337.json,513455192e31d24db3c225df714b4d612de83a107a02bbd8d2cdc681ae06a1e3,research_repository/ResultsArchive/incoming/abstention-pilot__7b4e1a92/artifacts/complete_gsm8k__q3_l2r_abstention_pilot_7b4e1a92_AC-ALG1_NULL-LATENT_seed337__AC-ALG1_s337.json,9fb96e48bf6c690db2d36aaf4e087c03a1d1dfec8849f8c5ac0c7082b4726f59
q3_l2r_abstention_pilot_7b4e1a92_AC-ALG1_NULL-LATENT_seed347,7b4e1a92,qwen3-1.7b-base,AC-ALG1,347,gsm8k,2410.0,1,NVIDIA H100 80GB HBM3,0.6694444444444444,2961316be6672640a0f8c577271b057ab4c91447c71be0a3adc96d5dcb4557e3,research_repository/ResultsArchive/incoming/abstention-pilot__7b4e1a92/artifacts/cell_result_gsm8k__q3_l2r_abstention_pilot_7b4e1a92_AC-ALG1_NULL-LATENT_seed347__AC-ALG1_s347.json,873adc0e7b0839d739aa6ca28337b63423fb04fe0380c264fb64c3084159b4d3,research_repository/ResultsArchive/incoming/abstention-pilot__7b4e1a92/artifacts/complete_gsm8k__q3_l2r_abstention_pilot_7b4e1a92_AC-ALG1_NULL-LATENT_seed347__AC-ALG1_s347.json,cb6e058067a4c1e7d9c9e14b8affae86b9687e325e397b5034023bca6fd85741
q3_l2r_abstention_pilot_7b4e1a92_AC-ALG1_NULL-LATENT_seed349,7b4e1a92,qwen3-1.7b-base,AC-ALG1,349,gsm8k,2061.7,1,NVIDIA H100 80GB HBM3,0.5726944444444444,2cc4ae5ae595ee686723db955724c3433cb3f782fdf0616d6510b5ce292a9c5d,research_repository/ResultsArchive/incoming/abstention-pilot__7b4e1a92/artifacts/cell_result_gsm8k__q3_l2r_abstention_pilot_7b4e1a92_AC-ALG1_NULL-LATENT_seed349__AC-ALG1_s349.json,eab41fe4df917e95de59c6f2e26a184a1dd7fe23669deb6a020bd8671d40be5a,research_repository/ResultsArchive/incoming/abstention-pilot__7b4e1a92/artifacts/complete_gsm8k__q3_l2r_abstention_pilot_7b4e1a92_AC-ALG1_NULL-LATENT_seed349__AC-ALG1_s349.json,9b37db3b684acf1be47f968f86228d2bb0bd0347d157c601e8819ac9e928638b
q3_l2r_abstention_pilot_7b4e1a92_base_CTRL-base_seed337,7b4e1a92,qwen3-1.7b-base,base,337,gsm8k,388.4,1,NVIDIA H100 80GB HBM3,0.10788888888888888,7efc99bec9f050a5c64e6265463c7e4856017d6ab56be55eb34bb17f42c50478,research_repository/ResultsArchive/incoming/abstention-pilot__7b4e1a92/artifacts/cell_result_gsm8k__q3_l2r_abstention_pilot_7b4e1a92_base_CTRL-base_seed337__base_s337.json,3fdeec165da01b9a8c8e4d2849f38911697078579d5b61390cce86dd97e1de86,research_repository/ResultsArchive/incoming/abstention-pilot__7b4e1a92/artifacts/complete_gsm8k__q3_l2r_abstention_pilot_7b4e1a92_base_CTRL-base_seed337__base_s337.json,12712a334c809e6a50aaca2696aac210875702df2af7f99f09b446346560d18d
q3_l2r_abstention_pilot_7b4e1a92_base_CTRL-base_seed347,7b4e1a92,qwen3-1.7b-base,base,347,gsm8k,377.5,1,NVIDIA H100 80GB HBM3,0.10486111111111111,2c6234bd41e741bae433a4f271a5392782baca392599adcd325b27022ce12338,research_repository/ResultsArchive/incoming/abstention-pilot__7b4e1a92/artifacts/cell_result_gsm8k__q3_l2r_abstention_pilot_7b4e1a92_base_CTRL-base_seed347__base_s347.json,bfce4e6aa7eed0565cfa1b51f7eb0da92abeba6abbeba1bb8c42aa9283577bc1,research_repository/ResultsArchive/incoming/abstention-pilot__7b4e1a92/artifacts/complete_gsm8k__q3_l2r_abstention_pilot_7b4e1a92_base_CTRL-base_seed347__base_s347.json,0ab72f8162f4021fd0753591a80dd0b0052da01376f6f11da979956cf2261979
q3_l2r_abstention_pilot_7b4e1a92_base_CTRL-base_seed349,7b4e1a92,qwen3-1.7b-base,base,349,gsm8k,314.4,1,NVIDIA H100 80GB HBM3,0.08733333333333333,93f6c1556ccd947f117e2e35caf956f4d560e0a520e1a4e86e11ad34fbda4ec2,research_repository/ResultsArchive/incoming/abstention-pilot__7b4e1a92/artifacts/cell_result_gsm8k__q3_l2r_abstention_pilot_7b4e1a92_base_CTRL-base_seed349__base_s349.json,bb5dd814262b1f13199461145222d535fd1fa56faef6db1e022deb95fa199867,research_repository/ResultsArchive/incoming/abstention-pilot__7b4e1a92/artifacts/complete_gsm8k__q3_l2r_abstention_pilot_7b4e1a92_base_CTRL-base_seed349__base_s349.json,ceb49b1a9817edbfa7dd1b5673ff47658d7b75c977c240502003e4ba8088fe04
q3_l2r_bayesian_fusion_ba600e5c_AC-ALG1_FUSION-BAYES_seed373,ba600e5c,qwen3-1.7b-base,AC-ALG1,373,gsm8k,2287.5,1,NVIDIA H100 80GB HBM3,0.6354166666666666,f0c3750db8a37b38fdfd037870402b5c0b05c2e37b30758c26f571877bf83d65,research_repository/ResultsArchive/incoming/bayesian-fusion__ba600e5c/artifacts/cell_result_gsm8k__q3_l2r_bayesian_fusion_ba600e5c_AC-ALG1_FUSION-BAYES_seed373__AC-ALG1_s373.json,de7f28e895ca260c53c593033372ed8a70cedc5465cbe21e8aba8cc2a32deb8c,research_repository/ResultsArchive/incoming/bayesian-fusion__ba600e5c/artifacts/complete_gsm8k__q3_l2r_bayesian_fusion_ba600e5c_AC-ALG1_FUSION-BAYES_seed373__AC-ALG1_s373.json,be5464529694427453124ee889c8a32dac364bdb9fdbec70b2d3ce9ffce272d9
q3_l2r_bayesian_fusion_ba600e5c_AC-ALG1_FUSION-BAYES_seed379,ba600e5c,qwen3-1.7b-base,AC-ALG1,379,gsm8k,2353.0,1,NVIDIA H100 80GB HBM3,0.6536111111111111,a461831bfb693819b5eb3442335a9f1d119f80f51c83767712b694549f044855,research_repository/ResultsArchive/incoming/bayesian-fusion__ba600e5c/artifacts/cell_result_gsm8k__q3_l2r_bayesian_fusion_ba600e5c_AC-ALG1_FUSION-BAYES_seed379__AC-ALG1_s379.json,55131620f5c314a43aa4ae342b7603dbe8459dfe3d1774de02424cf3613d7407,research_repository/ResultsArchive/incoming/bayesian-fusion__ba600e5c/artifacts/complete_gsm8k__q3_l2r_bayesian_fusion_ba600e5c_AC-ALG1_FUSION-BAYES_seed379__AC-ALG1_s379.json,713f2a60aca4623da07eb1d559e768f39b60c2647c5d4231516662b35e221c0b
q3_l2r_bayesian_fusion_ba600e5c_AC-ALG1_FUSION-BAYES_seed383,ba600e5c,qwen3-1.7b-base,AC-ALG1,383,gsm8k,2435.5,1,NVIDIA H100 80GB HBM3,0.6765277777777777,edbfa0c74e094bfec5189a1beeb54cbdfc883395d8a72386da0cfe796644a602,research_repository/ResultsArchive/incoming/bayesian-fusion__ba600e5c/artifacts/cell_result_gsm8k__q3_l2r_bayesian_fusion_ba600e5c_AC-ALG1_FUSION-BAYES_seed383__AC-ALG1_s383.json,8f617343b8c040244501442a972f4cd7d6c02e175d38fe9127d1d72ba83fca11,research_repository/ResultsArchive/incoming/bayesian-fusion__ba600e5c/artifacts/complete_gsm8k__q3_l2r_bayesian_fusion_ba600e5c_AC-ALG1_FUSION-BAYES_seed383__AC-ALG1_s383.json,5cafac059c8eed38a74d3192194a6b62c3ed46b6edcb55d41183d52a17dc97b1
q3_l2r_common_factorial_f31c2a6e_AC-ALG1_PIS-S16-B16-U1_seed31,f31c2a6e,qwen3-1.7b-base,AC-ALG1,31,gsm8k,4101.3,1,NVIDIA H100 80GB HBM3,1.13925,7a35656d8a4ca3055a586b6dc50296de5b09bd642e17becfa0a901db3980ff36,research_repository/ResultsArchive/incoming/common-protocol-structural-factorial__f31c2a6e/cell_result_gsm8k__q3_l2r_common_factorial_f31c2a6e_AC-ALG1_PIS-S16-B16-U1_seed31__AC-ALG1_s31.json,ca706badd849c9902955d7d94a949c45eabb5c5027f70e5ee5d3f3a19f4ccada,research_repository/ResultsArchive/incoming/common-protocol-structural-factorial__f31c2a6e/complete_gsm8k__q3_l2r_common_factorial_f31c2a6e_AC-ALG1_PIS-S16-B16-U1_seed31__AC-ALG1_s31.json,ee91e85cf79f94a8845236facf58959843cbabd36e123f33db51406dbd209921
q3_l2r_common_factorial_f31c2a6e_AC-ALG1_PIS-S16-B16-U1_seed47,f31c2a6e,qwen3-1.7b-base,AC-ALG1,47,gsm8k,5078.1,1,NVIDIA H100 80GB HBM3,1.4105833333333335,146408d743d70cfccef46ba21c94ddec137738e7753b96bad71682131652ad1b,research_repository/ResultsArchive/incoming/common-protocol-structural-factorial__f31c2a6e/cell_result_gsm8k__q3_l2r_common_factorial_f31c2a6e_AC-ALG1_PIS-S16-B16-U1_seed47__AC-ALG1_s47.json,41d1275b5f489c3e412835221ac340db74bee9c24fd3e9153f00f2f7af15f127,research_repository/ResultsArchive/incoming/common-protocol-structural-factorial__f31c2a6e/complete_gsm8k__q3_l2r_common_factorial_f31c2a6e_AC-ALG1_PIS-S16-B16-U1_seed47__AC-ALG1_s47.json,f96edb64554572022b2feb28ae6a41c8c4a7de3ada684324184e0f8388a73109
q3_l2r_common_factorial_f31c2a6e_AC-ALG1_PIS-S16-B16-U1_seed73,f31c2a6e,qwen3-1.7b-base,AC-ALG1,73,gsm8k,3920.3,1,NVIDIA H100 80GB HBM3,1.0889722222222222,b90fff6cedbbf1c3cac78da5d1551e9caa1e4da3cbbe02cabd8cb2311499792a,research_repository/ResultsArchive/incoming/common-protocol-structural-factorial__f31c2a6e/cell_result_gsm8k__q3_l2r_common_factorial_f31c2a6e_AC-ALG1_PIS-S16-B16-U1_seed73__AC-ALG1_s73.json,6d333a75ab5f412c3413693dc6dd8285d8fef90c967dbd31b1c3a4eb173401ab,research_repository/ResultsArchive/incoming/common-protocol-structural-factorial__f31c2a6e/complete_gsm8k__q3_l2r_common_factorial_f31c2a6e_AC-ALG1_PIS-S16-B16-U1_seed73__AC-ALG1_s73.json,5060d9ca2ce7c381837319368917911152b3c885cad12b1b2a440a33286b9228
q3_l2r_common_factorial_f31c2a6e_AC-ALG1_PIS-S16-B16-U2_seed31,f31c2a6e,qwen3-1.7b-base,AC-ALG1,31,gsm8k,4478.7,1,NVIDIA H100 80GB HBM3,1.2440833333333332,48db920622ef478d6914d764763824687161516f6c990dfcaa92c32a33438bab,research_repository/ResultsArchive/incoming/common-protocol-structural-factorial__f31c2a6e/cell_result_gsm8k__q3_l2r_common_factorial_f31c2a6e_AC-ALG1_PIS-S16-B16-U2_seed31__AC-ALG1_s31.json,481e4d5e0c70cd42aab12927023b05571a0087731d99f013642ed7c9f2bd3af3,research_repository/ResultsArchive/incoming/common-protocol-structural-factorial__f31c2a6e/complete_gsm8k__q3_l2r_common_factorial_f31c2a6e_AC-ALG1_PIS-S16-B16-U2_seed31__AC-ALG1_s31.json,325bdc7613f48b080e161b2f2e856c676f43bf48484a882484033a7c6833b694
q3_l2r_common_factorial_f31c2a6e_AC-ALG1_PIS-S16-B16-U2_seed47,f31c2a6e,qwen3-1.7b-base,AC-ALG1,47,gsm8k,6315.9,1,NVIDIA H100 80GB HBM3,1.7544166666666665,8818abbd42947d481b9d78e1720d890cc6b0711cae919805bf65548e70394e2d,research_repository/ResultsArchive/incoming/common-protocol-structural-factorial__f31c2a6e/cell_result_gsm8k__q3_l2r_common_factorial_f31c2a6e_AC-ALG1_PIS-S16-B16-U2_seed47__AC-ALG1_s47.json,226d3c1875e7de24ed188dcf1ca3e766798517867779ac50fb843625139bc653,research_repository/ResultsArchive/incoming/common-protocol-structural-factorial__f31c2a6e/complete_gsm8k__q3_l2r_common_factorial_f31c2a6e_AC-ALG1_PIS-S16-B16-U2_seed47__AC-ALG1_s47.json,b40efe162f7296b303dcfaf3ca72a763e536d5a6f171b111bad4ce292d9f22f9
q3_l2r_common_factorial_f31c2a6e_AC-ALG1_PIS-S16-B16-U2_seed73,f31c2a6e,qwen3-1.7b-base,AC-ALG1,73,gsm8k,5480.8,1,NVIDIA H100 80GB HBM3,1.5224444444444445,bc578c4e9ed7e22e32e6521946778eec12e10137b2ccb8fd80ad37971d622493,research_repository/ResultsArchive/incoming/common-protocol-structural-factorial__f31c2a6e/cell_result_gsm8k__q3_l2r_common_factorial_f31c2a6e_AC-ALG1_PIS-S16-B16-U2_seed73__AC-ALG1_s73.json,ee13eb00e2278ee4e7f1f4aa1c18e201feec05c115b70cc6012744a5ac8784d4,research_repository/ResultsArchive/incoming/common-protocol-structural-factorial__f31c2a6e/complete_gsm8k__q3_l2r_common_factorial_f31c2a6e_AC-ALG1_PIS-S16-B16-U2_seed73__AC-ALG1_s73.json,a44bb4934c242c2aaf1583dc3bb3c56fe17c48772f94a9cc4db967ebd1b6ce0b
q3_l2r_common_factorial_f31c2a6e_AC-ALG1_PIS-S16-B16-U4_seed31,f31c2a6e,qwen3-1.7b-base,AC-ALG1,31,gsm8k,5113.5,1,NVIDIA H100 80GB HBM3,1.4204166666666667,48326e29deaecb40949d8d3118a9bfed59bc8faa9f88a4e74461910fb50c061b,research_repository/ResultsArchive/incoming/common-protocol-structural-factorial__f31c2a6e/cell_result_gsm8k__q3_l2r_common_factorial_f31c2a6e_AC-ALG1_PIS-S16-B16-U4_seed31__AC-ALG1_s31.json,8707ad9f1a9d0e5e57dbdfedd6b966de9219c50ddf44b836cb638d5a08b550ea,research_repository/ResultsArchive/incoming/common-protocol-structural-factorial__f31c2a6e/complete_gsm8k__q3_l2r_common_factorial_f31c2a6e_AC-ALG1_PIS-S16-B16-U4_seed31__AC-ALG1_s31.json,43b297791f1792d218105bed5c42d31332221297e9cf225cb7e4cf4016c891ed
q3_l2r_common_factorial_f31c2a6e_AC-ALG1_PIS-S16-B16-U4_seed47,f31c2a6e,qwen3-1.7b-base,AC-ALG1,47,gsm8k,5524.2,1,NVIDIA H100 80GB HBM3,1.5345,d84e8d45b95d3d1919dcdfdb214a042d03f654bc69f5683b423cad52b19c52be,research_repository/ResultsArchive/incoming/common-protocol-structural-factorial__f31c2a6e/cell_result_gsm8k__q3_l2r_common_factorial_f31c2a6e_AC-ALG1_PIS-S16-B16-U4_seed47__AC-ALG1_s47.json,c66d184e3638c83076fd513a528da548f885a3ee0ebf10e7903c18e9c511d7d8,research_repository/ResultsArchive/incoming/common-protocol-structural-factorial__f31c2a6e/complete_gsm8k__q3_l2r_common_factorial_f31c2a6e_AC-ALG1_PIS-S16-B16-U4_seed47__AC-ALG1_s47.json,edb980c574eff7323e1f10abc22f5e96af26755aae5e937f06742a1bf02d49bb
q3_l2r_common_factorial_f31c2a6e_AC-ALG1_PIS-S16-B16-U4_seed73,f31c2a6e,qwen3-1.7b-base,AC-ALG1,73,gsm8k,6396.6,1,NVIDIA H100 80GB HBM3,1.7768333333333335,7c15a65a0bd7585b6127eff40b7a859c565bda37285cbd2bc3a6c90265bd436c,research_repository/ResultsArchive/incoming/common-protocol-structural-factorial__f31c2a6e/cell_result_gsm8k__q3_l2r_common_factorial_f31c2a6e_AC-ALG1_PIS-S16-B16-U4_seed73__AC-ALG1_s73.json,075a5c115b3c2c4174a1cd47a2f7f8558cf2195a5b10142898e3e3baa91ce45a,research_repository/ResultsArchive/incoming/common-protocol-structural-factorial__f31c2a6e/complete_gsm8k__q3_l2r_common_factorial_f31c2a6e_AC-ALG1_PIS-S16-B16-U4_seed73__AC-ALG1_s73.json,3803d6a985ee12f25fca4671c3648f778347b99a8c9707dc1eb7ef76ea655bd9
q3_l2r_common_factorial_f31c2a6e_AC-ALG1_PIS-S16-B4-U1_seed31,f31c2a6e,qwen3-1.7b-base,AC-ALG1,31,gsm8k,2034.9,1,NVIDIA H100 80GB HBM3,0.56525,a99f152025ef0fd775b3fdeb28bdf2e01d2ea9f937899128e652b8377a8060bd,research_repository/ResultsArchive/incoming/common-protocol-structural-factorial__f31c2a6e/cell_result_gsm8k__q3_l2r_common_factorial_f31c2a6e_AC-ALG1_PIS-S16-B4-U1_seed31__AC-ALG1_s31.json,61feebe3314afddd9646aec859f740534ab25695cba6ef33d7a9affca3e20129,research_repository/ResultsArchive/incoming/common-protocol-structural-factorial__f31c2a6e/complete_gsm8k__q3_l2r_common_factorial_f31c2a6e_AC-ALG1_PIS-S16-B4-U1_seed31__AC-ALG1_s31.json,1a4fed6883dc7cbaccd5a828dcc10ad44119940c26270c41ad31403299fa5f49
q3_l2r_common_factorial_f31c2a6e_AC-ALG1_PIS-S16-B4-U1_seed47,f31c2a6e,qwen3-1.7b-base,AC-ALG1,47,gsm8k,2013.5,1,NVIDIA H100 80GB HBM3,0.5593055555555555,f3a44702732ef5146145032d599817b6cab44e96b2f2ae8a6d177d9de71f68cf,research_repository/ResultsArchive/incoming/common-protocol-structural-factorial__f31c2a6e/cell_result_gsm8k__q3_l2r_common_factorial_f31c2a6e_AC-ALG1_PIS-S16-B4-U1_seed47__AC-ALG1_s47.json,4cdbc5e1078d216ba1cee2b88dc30f67d8e824148ff61df9c696b8e0e6e0ab25,research_repository/ResultsArchive/incoming/common-protocol-structural-factorial__f31c2a6e/complete_gsm8k__q3_l2r_common_factorial_f31c2a6e_AC-ALG1_PIS-S16-B4-U1_seed47__AC-ALG1_s47.json,3c1fd6f13957bf9c3da213f6beebc76123a60758d1be2115470467fc609b5e3b
q3_l2r_common_factorial_f31c2a6e_AC-ALG1_PIS-S16-B4-U1_seed73,f31c2a6e,qwen3-1.7b-base,AC-ALG1,73,gsm8k,2004.2,1,NVIDIA H100 80GB HBM3,0.5567222222222222,b7b988ccf05fed75ec5e9ff1e4b625d7758ebca1e9414c56913650050f527626,research_repository/ResultsArchive/incoming/common-protocol-structural-factorial__f31c2a6e/cell_result_gsm8k__q3_l2r_common_factorial_f31c2a6e_AC-ALG1_PIS-S16-B4-U1_seed73__AC-ALG1_s73.json,3702b096263a89db6f2ac9f62eb95f4f2873266d5751bc89a774062f20a01282,research_repository/ResultsArchive/incoming/common-protocol-structural-factorial__f31c2a6e/complete_gsm8k__q3_l2r_common_factorial_f31c2a6e_AC-ALG1_PIS-S16-B4-U1_seed73__AC-ALG1_s73.json,c52674b56ea21bb4e07ff41ef06f69e703dfcc1066f1171a9058c39d7c9b9c47
q3_l2r_common_factorial_f31c2a6e_AC-ALG1_PIS-S16-B4-U2_seed31,f31c2a6e,qwen3-1.7b-base,AC-ALG1,31,gsm8k,2060.6,1,NVIDIA H100 80GB HBM3,0.5723888888888888,b2fa8f94538c2848ebd52d4eb9d8cc056f49e04e2f37e474bbd2958d936c6c87,research_repository/ResultsArchive/incoming/common-protocol-structural-factorial__f31c2a6e/cell_result_gsm8k__q3_l2r_common_factorial_f31c2a6e_AC-ALG1_PIS-S16-B4-U2_seed31__AC-ALG1_s31.json,a5aea0ff06b3e5c29a1199f34b685384660096bb4ff644d2cbe0c640a1c38fa6,research_repository/ResultsArchive/incoming/common-protocol-structural-factorial__f31c2a6e/complete_gsm8k__q3_l2r_common_factorial_f31c2a6e_AC-ALG1_PIS-S16-B4-U2_seed31__AC-ALG1_s31.json,5e48ee6c2662cf1bf1a17248f2eea52653b9e08b2293724165d5ff3211f0c52f
q3_l2r_common_factorial_f31c2a6e_AC-ALG1_PIS-S16-B4-U2_seed47,f31c2a6e,qwen3-1.7b-base,AC-ALG1,47,gsm8k,2294.9,1,NVIDIA H100 80GB HBM3,0.6374722222222222,100ef87cb8b646d7100bea90930e2a13e8b747044b795b320955d1ddd0a90747,research_repository/ResultsArchive/incoming/common-protocol-structural-factorial__f31c2a6e/cell_result_gsm8k__q3_l2r_common_factorial_f31c2a6e_AC-ALG1_PIS-S16-B4-U2_seed47__AC-ALG1_s47.json,8868664b58a8553e06bc8d08645f849d8cc9941661abd99cef04e8d4931ab05d,research_repository/ResultsArchive/incoming/common-protocol-structural-factorial__f31c2a6e/complete_gsm8k__q3_l2r_common_factorial_f31c2a6e_AC-ALG1_PIS-S16-B4-U2_seed47__AC-ALG1_s47.json,0a1c88738a650728857ab539680d4694fb504db6918f0f64f33dde5bbe9628a3
q3_l2r_common_factorial_f31c2a6e_AC-ALG1_PIS-S16-B4-U2_seed73,f31c2a6e,qwen3-1.7b-base,AC-ALG1,73,gsm8k,2068.7,1,NVIDIA H100 80GB HBM3,0.5746388888888888,591c804c598b3d10e495acc06d0e57f0157462a53ec547d62216fe19ae2c0eca,research_repository/ResultsArchive/incoming/common-protocol-structural-factorial__f31c2a6e/cell_result_gsm8k__q3_l2r_common_factorial_f31c2a6e_AC-ALG1_PIS-S16-B4-U2_seed73__AC-ALG1_s73.json,6eefa6a82ef31ff63f554077191311ecddbd9bd2326a84eb412879da4a492a7a,research_repository/ResultsArchive/incoming/common-protocol-structural-factorial__f31c2a6e/complete_gsm8k__q3_l2r_common_factorial_f31c2a6e_AC-ALG1_PIS-S16-B4-U2_seed73__AC-ALG1_s73.json,fcdb11533d2cae97586c09db9ee54449a6bbd7da70285bf5717384b023cd7b87
q3_l2r_common_factorial_f31c2a6e_AC-ALG1_PIS-S16-B4-U4_seed31,f31c2a6e,qwen3-1.7b-base,AC-ALG1,31,gsm8k,2243.2,1,NVIDIA H100 80GB HBM3,0.6231111111111111,3f8f2a7e318cc0b95d11cddac1688def59605fb7beaf29024b727d25c0dde907,research_repository/ResultsArchive/incoming/common-protocol-structural-factorial__f31c2a6e/cell_result_gsm8k__q3_l2r_common_factorial_f31c2a6e_AC-ALG1_PIS-S16-B4-U4_seed31__AC-ALG1_s31.json,3ef93a439c0b491fe43ee3444b149d3de3e8222016f0519de1596139e7968f90,research_repository/ResultsArchive/incoming/common-protocol-structural-factorial__f31c2a6e/complete_gsm8k__q3_l2r_common_factorial_f31c2a6e_AC-ALG1_PIS-S16-B4-U4_seed31__AC-ALG1_s31.json,52427177bf76ace38c879164031240c8efaa5e0ccc235c37e52c2024f6a448ec
q3_l2r_common_factorial_f31c2a6e_AC-ALG1_PIS-S16-B4-U4_seed47,f31c2a6e,qwen3-1.7b-base,AC-ALG1,47,gsm8k,2429.6,1,NVIDIA H100 80GB HBM3,0.6748888888888889,b7abcc009ab2d8fcaaaea6536baa579c3ce166f16a26fdd9ff6f9397ed9eddd7,research_repository/ResultsArchive/incoming/common-protocol-structural-factorial__f31c2a6e/cell_result_gsm8k__q3_l2r_common_factorial_f31c2a6e_AC-ALG1_PIS-S16-B4-U4_seed47__AC-ALG1_s47.json,d5ecb02a09867ee37d623fc38f7995d3324b96063c41cff04e7156a824649b3a,research_repository/ResultsArchive/incoming/common-protocol-structural-factorial__f31c2a6e/complete_gsm8k__q3_l2r_common_factorial_f31c2a6e_AC-ALG1_PIS-S16-B4-U4_seed47__AC-ALG1_s47.json,2a284fb1c9f23711117c8d8dcb6fd9ca3420b044b1dcc9aa1ad5807017140e89
q3_l2r_common_factorial_f31c2a6e_AC-ALG1_PIS-S16-B4-U4_seed73,f31c2a6e,qwen3-1.7b-base,AC-ALG1,73,gsm8k,2300.4,1,NVIDIA H100 80GB HBM3,0.639,2074813427bbb591460ef92b0c8e9f45e0778f7e1cd088d902e7d0f7f2939aba,research_repository/ResultsArchive/incoming/common-protocol-structural-factorial__f31c2a6e/cell_result_gsm8k__q3_l2r_common_factorial_f31c2a6e_AC-ALG1_PIS-S16-B4-U4_seed73__AC-ALG1_s73.json,5eba25f789b862ce64c75e0014da2191c728f2c08f7deeff6e004ceaa7e86b44,research_repository/ResultsArchive/incoming/common-protocol-structural-factorial__f31c2a6e/complete_gsm8k__q3_l2r_common_factorial_f31c2a6e_AC-ALG1_PIS-S16-B4-U4_seed73__AC-ALG1_s73.json,0ebd7040596dbd6b63d74c94ae2b4a7799df7e0c4ec6e5cda2349260e99d097a
q3_l2r_common_factorial_f31c2a6e_AC-ALG1_PIS-S16-B8-U1_seed31,f31c2a6e,qwen3-1.7b-base,AC-ALG1,31,gsm8k,2968.4,1,NVIDIA H100 80GB HBM3,0.8245555555555556,ea8a0b23f608143b6099bc58bd7ce112c1e030ab5b521aacfac596e5b0fa4681,research_repository/ResultsArchive/incoming/common-protocol-structural-factorial__f31c2a6e/cell_result_gsm8k__q3_l2r_common_factorial_f31c2a6e_AC-ALG1_PIS-S16-B8-U1_seed31__AC-ALG1_s31.json,a9f10e9d02fcbc9b7f9b4a383e8da2a7f5487a29514cf8dfd1c90f22d490e121,research_repository/ResultsArchive/incoming/common-protocol-structural-factorial__f31c2a6e/complete_gsm8k__q3_l2r_common_factorial_f31c2a6e_AC-ALG1_PIS-S16-B8-U1_seed31__AC-ALG1_s31.json,cad22ef4ef0618c80caae147d8ef829479878130734fdb44e633367538d7d5d6
q3_l2r_common_factorial_f31c2a6e_AC-ALG1_PIS-S16-B8-U1_seed47,f31c2a6e,qwen3-1.7b-base,AC-ALG1,47,gsm8k,2714.7,1,NVIDIA H100 80GB HBM3,0.7540833333333333,b2130d31b3fba0b8588f6667d5561032eb60bc7cc2f38f23f45ba5c287b294c7,research_repository/ResultsArchive/incoming/common-protocol-structural-factorial__f31c2a6e/cell_result_gsm8k__q3_l2r_common_factorial_f31c2a6e_AC-ALG1_PIS-S16-B8-U1_seed47__AC-ALG1_s47.json,cc675e4b7981663b8dfbc07fa2d2771da4683981bf80996f4266ab42f8f8ba06,research_repository/ResultsArchive/incoming/common-protocol-structural-factorial__f31c2a6e/complete_gsm8k__q3_l2r_common_factorial_f31c2a6e_AC-ALG1_PIS-S16-B8-U1_seed47__AC-ALG1_s47.json,168fdcfd9e653eac78198ee58255d036f1cd6ecbd4efb7dc1c8dc1052d63d846
q3_l2r_common_factorial_f31c2a6e_AC-ALG1_PIS-S16-B8-U1_seed73,f31c2a6e,qwen3-1.7b-base,AC-ALG1,73,gsm8k,3287.6,1,NVIDIA H100 80GB HBM3,0.9132222222222222,3d97b5fee0205fa3aaeb9066358edcd254d515f12bcb248075597bb4866996d7,research_repository/ResultsArchive/incoming/common-protocol-structural-factorial__f31c2a6e/cell_result_gsm8k__q3_l2r_common_factorial_f31c2a6e_AC-ALG1_PIS-S16-B8-U1_seed73__AC-ALG1_s73.json,cd72837991e826089bb3ae74d790e2f62cf3eda3b141f7c6ccc9aa1ac47bd940,research_repository/ResultsArchive/incoming/common-protocol-structural-factorial__f31c2a6e/complete_gsm8k__q3_l2r_common_factorial_f31c2a6e_AC-ALG1_PIS-S16-B8-U1_seed73__AC-ALG1_s73.json,0dd9e520eeef5b8a88cbb39a7b503ee5cfc99d9c4fb72ebf3a0dcb230a6cb1cb
q3_l2r_common_factorial_f31c2a6e_AC-ALG1_PIS-S16-B8-U2_seed31,f31c2a6e,qwen3-1.7b-base,AC-ALG1,31,gsm8k,3080.6,1,NVIDIA H100 80GB HBM3,0.8557222222222222,d946529bbcaae26909f75854f93f3718c083ea8820efc3778cfb60f681f12577,research_repository/ResultsArchive/incoming/common-protocol-structural-factorial__f31c2a6e/cell_result_gsm8k__q3_l2r_common_factorial_f31c2a6e_AC-ALG1_PIS-S16-B8-U2_seed31__AC-ALG1_s31.json,a9dcf311810cc4bd21ff10987f31cc6340b8d0ec203934a2adb0e2c4b601f743,research_repository/ResultsArchive/incoming/common-protocol-structural-factorial__f31c2a6e/complete_gsm8k__q3_l2r_common_factorial_f31c2a6e_AC-ALG1_PIS-S16-B8-U2_seed31__AC-ALG1_s31.json,668e969c9db453cca07825c90a98b3a795ba7560bca2f72c0ce7c24fe98c3e8b
q3_l2r_common_factorial_f31c2a6e_AC-ALG1_PIS-S16-B8-U2_seed47,f31c2a6e,qwen3-1.7b-base,AC-ALG1,47,gsm8k,3314.1,1,NVIDIA H100 80GB HBM3,0.9205833333333333,5e41dc6ec692ee01725172132d41f8ae23d0ee6c8e08afbecfbd7d4d645418b1,research_repository/ResultsArchive/incoming/common-protocol-structural-factorial__f31c2a6e/cell_result_gsm8k__q3_l2r_common_factorial_f31c2a6e_AC-ALG1_PIS-S16-B8-U2_seed47__AC-ALG1_s47.json,87f042d9ea1a28540633d8c7d7ede3bcafcc919d1ac017e038716dc342832b0f,research_repository/ResultsArchive/incoming/common-protocol-structural-factorial__f31c2a6e/complete_gsm8k__q3_l2r_common_factorial_f31c2a6e_AC-ALG1_PIS-S16-B8-U2_seed47__AC-ALG1_s47.json,9bf7084b21da9ec4312102c6508ae1078369c962290aef58ceb98a7d456f8b86
q3_l2r_common_factorial_f31c2a6e_AC-ALG1_PIS-S16-B8-U2_seed73,f31c2a6e,qwen3-1.7b-base,AC-ALG1,73,gsm8k,2759.6,1,NVIDIA H100 80GB HBM3,0.7665555555555555,f387f0c4580e41e2481968142d27cb38bfdc33271ccc92c338a39f40b4d3e79c,research_repository/ResultsArchive/incoming/common-protocol-structural-factorial__f31c2a6e/cell_result_gsm8k__q3_l2r_common_factorial_f31c2a6e_AC-ALG1_PIS-S16-B8-U2_seed73__AC-ALG1_s73.json,ccf1203efcd4771c93eb60b8e2172f46b15edf31b159eb299014ec5422f7df6f,research_repository/ResultsArchive/incoming/common-protocol-structural-factorial__f31c2a6e/complete_gsm8k__q3_l2r_common_factorial_f31c2a6e_AC-ALG1_PIS-S16-B8-U2_seed73__AC-ALG1_s73.json,095055c47d1176a8c45fe1b374407e0e75229a4fad98e4cb11504e0f33940fdf
q3_l2r_common_factorial_f31c2a6e_AC-ALG1_PIS-S16-B8-U4_seed31,f31c2a6e,qwen3-1.7b-base,AC-ALG1,31,gsm8k,3130.4,1,NVIDIA H100 80GB HBM3,0.8695555555555555,b3c3656c1a89f09072b607f2123a500fb11a56d8ca549a1545ad15794de44042,research_repository/ResultsArchive/incoming/common-protocol-structural-factorial__f31c2a6e/cell_result_gsm8k__q3_l2r_common_factorial_f31c2a6e_AC-ALG1_PIS-S16-B8-U4_seed31__AC-ALG1_s31.json,ee3a947daa4a29cef9e325af3d4c03f7f1d1ae5b2e2921aa5135bad11137d92d,research_repository/ResultsArchive/incoming/common-protocol-structural-factorial__f31c2a6e/complete_gsm8k__q3_l2r_common_factorial_f31c2a6e_AC-ALG1_PIS-S16-B8-U4_seed31__AC-ALG1_s31.json,373448ff345078628e5f96c7f991ca20f8a7f76547ec14b2f3955f96c52f4677
q3_l2r_common_factorial_f31c2a6e_AC-ALG1_PIS-S16-B8-U4_seed47,f31c2a6e,qwen3-1.7b-base,AC-ALG1,47,gsm8k,3274.6,1,NVIDIA H100 80GB HBM3,0.909611111111111,0a03654586aea47fdb0af19b78645a3d10b6d1f26d78d6b3c293c6d3918a5b02,research_repository/ResultsArchive/incoming/common-protocol-structural-factorial__f31c2a6e/cell_result_gsm8k__q3_l2r_common_factorial_f31c2a6e_AC-ALG1_PIS-S16-B8-U4_seed47__AC-ALG1_s47.json,4a37884f34bf4384c9de8d444ad4da9364b12c39a221b3cd8e84c5c09b8e98d8,research_repository/ResultsArchive/incoming/common-protocol-structural-factorial__f31c2a6e/complete_gsm8k__q3_l2r_common_factorial_f31c2a6e_AC-ALG1_PIS-S16-B8-U4_seed47__AC-ALG1_s47.json,7923b60b59a5f43798634af6ced5792ad7b6b188a413b7742139b3cec8c2c860
q3_l2r_common_factorial_f31c2a6e_AC-ALG1_PIS-S16-B8-U4_seed73,f31c2a6e,qwen3-1.7b-base,AC-ALG1,73,gsm8k,3533.5,1,NVIDIA H100 80GB HBM3,0.9815277777777778,91fd2f4afcb5275c3e150d8734a4629ce277eaf1247f5feee507e84877723e70,research_repository/ResultsArchive/incoming/common-protocol-structural-factorial__f31c2a6e/cell_result_gsm8k__q3_l2r_common_factorial_f31c2a6e_AC-ALG1_PIS-S16-B8-U4_seed73__AC-ALG1_s73.json,b79fc99dba132418e33e75811833cba4d5d49b646c965c95d45ee69123c6fa4b,research_repository/ResultsArchive/incoming/common-protocol-structural-factorial__f31c2a6e/complete_gsm8k__q3_l2r_common_factorial_f31c2a6e_AC-ALG1_PIS-S16-B8-U4_seed73__AC-ALG1_s73.json,5f608248b7269ecec11a09de5b161b4ab87fef126fa307b37de9252547469f60
q3_l2r_common_factorial_f31c2a6e_AC-ALG1_PIS-S32-B16-U1_seed31,f31c2a6e,qwen3-1.7b-base,AC-ALG1,31,gsm8k,7351.5,1,NVIDIA H100 80GB HBM3,2.0420833333333333,2564a5f1e1cb38e7f51e29a79f8961d07773ce192b05bbf9531eaecad059b525,research_repository/ResultsArchive/incoming/common-protocol-structural-factorial__f31c2a6e/cell_result_gsm8k__q3_l2r_common_factorial_f31c2a6e_AC-ALG1_PIS-S32-B16-U1_seed31__AC-ALG1_s31.json,e1f887a74ff9b846a92d083505d06ba50b5c9d891718d38c5977a471b7561385,research_repository/ResultsArchive/incoming/common-protocol-structural-factorial__f31c2a6e/complete_gsm8k__q3_l2r_common_factorial_f31c2a6e_AC-ALG1_PIS-S32-B16-U1_seed31__AC-ALG1_s31.json,d0b6fd13636fce5f4c4ad6e830b932d49a761a5717e2a55eded4c3fa6ba97a32
q3_l2r_common_factorial_f31c2a6e_AC-ALG1_PIS-S32-B16-U1_seed47,f31c2a6e,qwen3-1.7b-base,AC-ALG1,47,gsm8k,7109.1,1,NVIDIA H100 80GB HBM3,1.97475,9fd7c6d076533abd5b98292b0a73297b0085d8d26340fb59a2a30201cd6ebfcd,research_repository/ResultsArchive/incoming/common-protocol-structural-factorial__f31c2a6e/cell_result_gsm8k__q3_l2r_common_factorial_f31c2a6e_AC-ALG1_PIS-S32-B16-U1_seed47__AC-ALG1_s47.json,4615131617b77c8d9f86601f7898a1b3aae5be991ddb56f4bf8814fff23c6751,research_repository/ResultsArchive/incoming/common-protocol-structural-factorial__f31c2a6e/complete_gsm8k__q3_l2r_common_factorial_f31c2a6e_AC-ALG1_PIS-S32-B16-U1_seed47__AC-ALG1_s47.json,fe00694108a11c008e28736ba139e29588be4a79b266e2905f85ef877bf68882
q3_l2r_common_factorial_f31c2a6e_AC-ALG1_PIS-S32-B16-U1_seed73,f31c2a6e,qwen3-1.7b-base,AC-ALG1,73,gsm8k,7032.0,1,NVIDIA H100 80GB HBM3,1.9533333333333334,557a2615e3b8e556c15bacbc25fdc9d1e5ed95228011c02ba7f98aaa04d65cbf,research_repository/ResultsArchive/incoming/common-protocol-structural-factorial__f31c2a6e/cell_result_gsm8k__q3_l2r_common_factorial_f31c2a6e_AC-ALG1_PIS-S32-B16-U1_seed73__AC-ALG1_s73.json,f63f136070c3722503d40c7ca57067fcc8a66b3d5a7636522704d2404ac7a9bc,research_repository/ResultsArchive/incoming/common-protocol-structural-factorial__f31c2a6e/complete_gsm8k__q3_l2r_common_factorial_f31c2a6e_AC-ALG1_PIS-S32-B16-U1_seed73__AC-ALG1_s73.json,4a09180fa0ef5f95137ce33523141941f479f803e54f9ec43e6814c5a8027488
q3_l2r_common_factorial_f31c2a6e_AC-ALG1_PIS-S32-B16-U2_seed31,f31c2a6e,qwen3-1.7b-base,AC-ALG1,31,gsm8k,8201.4,1,NVIDIA H100 80GB HBM3,2.2781666666666665,c75eafcdebde0068d9d3cd08a6b3874a38fcbd99b3b557774423addc6c6fc573,research_repository/ResultsArchive/incoming/common-protocol-structural-factorial__f31c2a6e/cell_result_gsm8k__q3_l2r_common_factorial_f31c2a6e_AC-ALG1_PIS-S32-B16-U2_seed31__AC-ALG1_s31.json,3e59d57065200c647a383304bf8a4b0bbe556b1974a3abe8d8a4aa586ccb7620,research_repository/ResultsArchive/incoming/common-protocol-structural-factorial__f31c2a6e/complete_gsm8k__q3_l2r_common_factorial_f31c2a6e_AC-ALG1_PIS-S32-B16-U2_seed31__AC-ALG1_s31.json,f1ca233137c89be3cde6e5465a5c075d6a24cdea0c0c88ecb04a4d417a08701d
q3_l2r_common_factorial_f31c2a6e_AC-ALG1_PIS-S32-B16-U2_seed47,f31c2a6e,qwen3-1.7b-base,AC-ALG1,47,gsm8k,10895.9,1,NVIDIA H100 80GB HBM3,3.026638888888889,dc519f9ab2d9be0c32cdac07c2e03e9902ed67b1fee7050d7f3b7fa4a85c72d7,research_repository/ResultsArchive/incoming/common-protocol-structural-factorial__f31c2a6e/cell_result_gsm8k__q3_l2r_common_factorial_f31c2a6e_AC-ALG1_PIS-S32-B16-U2_seed47__AC-ALG1_s47.json,7a62ebc00438d99738f0b284ac05106c4866f49a7bd955849167f19c02d1abe3,research_repository/ResultsArchive/incoming/common-protocol-structural-factorial__f31c2a6e/complete_gsm8k__q3_l2r_common_factorial_f31c2a6e_AC-ALG1_PIS-S32-B16-U2_seed47__AC-ALG1_s47.json,d9282fb63fa50f36a587d6952c779e6e580a4c127bac77000bb33555bb8c57c3
q3_l2r_common_factorial_f31c2a6e_AC-ALG1_PIS-S32-B16-U2_seed73,f31c2a6e,qwen3-1.7b-base,AC-ALG1,73,gsm8k,7509.9,1,NVIDIA H100 80GB HBM3,2.0860833333333333,bde5710dd672093f36501763024d55c11e48a9cfef633f91eb4b07988899f214,research_repository/ResultsArchive/incoming/common-protocol-structural-factorial__f31c2a6e/cell_result_gsm8k__q3_l2r_common_factorial_f31c2a6e_AC-ALG1_PIS-S32-B16-U2_seed73__AC-ALG1_s73.json,f6f2d1d7238a4deb32459f08c13ad941320614da3535e906d9b45a4e6dae6112,research_repository/ResultsArchive/incoming/common-protocol-structural-factorial__f31c2a6e/complete_gsm8k__q3_l2r_common_factorial_f31c2a6e_AC-ALG1_PIS-S32-B16-U2_seed73__AC-ALG1_s73.json,bae2a4f4591ef9ebae539e7a55fff8773496468d32ae4e2da0d32ce055316f95
q3_l2r_common_factorial_f31c2a6e_AC-ALG1_PIS-S32-B16-U4_seed31,f31c2a6e,qwen3-1.7b-base,AC-ALG1,31,gsm8k,9099.6,1,NVIDIA H100 80GB HBM3,2.5276666666666667,43d2d57d290952501855dc39dcfe7d8f56fc3c225e40bdff57a00bccedd7da2a,research_repository/ResultsArchive/incoming/common-protocol-structural-factorial__f31c2a6e/cell_result_gsm8k__q3_l2r_common_factorial_f31c2a6e_AC-ALG1_PIS-S32-B16-U4_seed31__AC-ALG1_s31.json,e3c3b7b0ccd6190a2dceed6c02643c93c69e973310eb6e6bf5c04aea1887767c,research_repository/ResultsArchive/incoming/common-protocol-structural-factorial__f31c2a6e/complete_gsm8k__q3_l2r_common_factorial_f31c2a6e_AC-ALG1_PIS-S32-B16-U4_seed31__AC-ALG1_s31.json,a4417bb76a907ff01b642fda390456f41f9e0e73d9f9ef711c9ed5e3dad7d740
q3_l2r_common_factorial_f31c2a6e_AC-ALG1_PIS-S32-B16-U4_seed47,f31c2a6e,qwen3-1.7b-base,AC-ALG1,47,gsm8k,9464.0,1,NVIDIA H100 80GB HBM3,2.628888888888889,d535f41394fa9c2c611e0d6622e6e87115130735dcabd858fd361a7069a36513,research_repository/ResultsArchive/incoming/common-protocol-structural-factorial__f31c2a6e/cell_result_gsm8k__q3_l2r_common_factorial_f31c2a6e_AC-ALG1_PIS-S32-B16-U4_seed47__AC-ALG1_s47.json,72bd6727e5ed5eb2e4324e5bfa9d02318a02835c2d39f321a5e487fafa5e7fb8,research_repository/ResultsArchive/incoming/common-protocol-structural-factorial__f31c2a6e/complete_gsm8k__q3_l2r_common_factorial_f31c2a6e_AC-ALG1_PIS-S32-B16-U4_seed47__AC-ALG1_s47.json,2d8fdaac07c37618e516fdc2ec3ef9ee63f97ce8ef14afd61daa7e4ac883232d
q3_l2r_common_factorial_f31c2a6e_AC-ALG1_PIS-S32-B16-U4_seed73,f31c2a6e,qwen3-1.7b-base,AC-ALG1,73,gsm8k,8634.1,1,NVIDIA H100 80GB HBM3,2.3983611111111114,6982b99e0ac8110a0c3d34c5791bf0a4f48cfd706c442d79dcaf489d7e904bcf,research_repository/ResultsArchive/incoming/common-protocol-structural-factorial__f31c2a6e/cell_result_gsm8k__q3_l2r_common_factorial_f31c2a6e_AC-ALG1_PIS-S32-B16-U4_seed73__AC-ALG1_s73.json,d37e2964b65908f5932d5e0e71cabb3dc68256caf3a329616d2e86a028793fd2,research_repository/ResultsArchive/incoming/common-protocol-structural-factorial__f31c2a6e/complete_gsm8k__q3_l2r_common_factorial_f31c2a6e_AC-ALG1_PIS-S32-B16-U4_seed73__AC-ALG1_s73.json,79aa4faf2edefee362f7f586139920b4e118799e9359c7a50ed329317d070b33
q3_l2r_common_factorial_f31c2a6e_AC-ALG1_PIS-S32-B4-U1_seed31,f31c2a6e,qwen3-1.7b-base,AC-ALG1,31,gsm8k,2761.5,1,NVIDIA H100 80GB HBM3,0.7670833333333333,ba46ceccea5c78fcf273282d559a71b919538e4b12b8b45cf2eb74b273241585,research_repository/ResultsArchive/incoming/common-protocol-structural-factorial__f31c2a6e/cell_result_gsm8k__q3_l2r_common_factorial_f31c2a6e_AC-ALG1_PIS-S32-B4-U1_seed31__AC-ALG1_s31.json,15718632fab9f6408b355db70f76857ad8361d22daf14448190657e2300c4c68,research_repository/ResultsArchive/incoming/common-protocol-structural-factorial__f31c2a6e/complete_gsm8k__q3_l2r_common_factorial_f31c2a6e_AC-ALG1_PIS-S32-B4-U1_seed31__AC-ALG1_s31.json,fdfc3dfccf4de1e1ad024786fbc5197ea99d5a55b42eafefd5b50c0ee1ea70be
q3_l2r_common_factorial_f31c2a6e_AC-ALG1_PIS-S32-B4-U1_seed47,f31c2a6e,qwen3-1.7b-base,AC-ALG1,47,gsm8k,2926.8,1,NVIDIA H100 80GB HBM3,0.8130000000000001,609e80e719dfb1ad57f6a2c2c8c3f609f5f89765c109025c23bc32368ebad81e,research_repository/ResultsArchive/incoming/common-protocol-structural-factorial__f31c2a6e/cell_result_gsm8k__q3_l2r_common_factorial_f31c2a6e_AC-ALG1_PIS-S32-B4-U1_seed47__AC-ALG1_s47.json,3436a1035ccee78ef7bbf48455fbc78229b0d2b9532a010960830aabb8959beb,research_repository/ResultsArchive/incoming/common-protocol-structural-factorial__f31c2a6e/complete_gsm8k__q3_l2r_common_factorial_f31c2a6e_AC-ALG1_PIS-S32-B4-U1_seed47__AC-ALG1_s47.json,41933fcf8a85e933662c50a1a6a68889915f28de9bc7e22d03056fa055de2ea5
q3_l2r_common_factorial_f31c2a6e_AC-ALG1_PIS-S32-B4-U1_seed73,f31c2a6e,qwen3-1.7b-base,AC-ALG1,73,gsm8k,2536.5,1,NVIDIA H100 80GB HBM3,0.7045833333333333,3abdd299ba61e2bf93b3d61ae010f52105732e20b5d3c01d9dfc436373bbbc8d,research_repository/ResultsArchive/incoming/common-protocol-structural-factorial__f31c2a6e/cell_result_gsm8k__q3_l2r_common_factorial_f31c2a6e_AC-ALG1_PIS-S32-B4-U1_seed73__AC-ALG1_s73.json,f2f922fa95a05c1a5252499a34e7196f4ad6a05f8150ce284e4a832a5c3f7b96,research_repository/ResultsArchive/incoming/common-protocol-structural-factorial__f31c2a6e/complete_gsm8k__q3_l2r_common_factorial_f31c2a6e_AC-ALG1_PIS-S32-B4-U1_seed73__AC-ALG1_s73.json,b80334f1b3bd3ed7bd8d4a5a8625ae2b7a9c08928550118023c0151597d78b8a
q3_l2r_common_factorial_f31c2a6e_AC-ALG1_PIS-S32-B4-U2_seed31,f31c2a6e,qwen3-1.7b-base,AC-ALG1,31,gsm8k,3902.1,1,NVIDIA H100 80GB HBM3,1.0839166666666666,08f516a4999933fc695313613ddb0669b2379032247b8671d31f6bf734b54a2f,research_repository/ResultsArchive/incoming/common-protocol-structural-factorial__f31c2a6e/cell_result_gsm8k__q3_l2r_common_factorial_f31c2a6e_AC-ALG1_PIS-S32-B4-U2_seed31__AC-ALG1_s31.json,8ad2d87eedff6b8bf50cc2a54ad8b027851bd3054b063735b19cc55a22cb967c,research_repository/ResultsArchive/incoming/common-protocol-structural-factorial__f31c2a6e/complete_gsm8k__q3_l2r_common_factorial_f31c2a6e_AC-ALG1_PIS-S32-B4-U2_seed31__AC-ALG1_s31.json,ce0af18d813b11d9cc692fbe49bc0a464c9df8d1e8ea5b91d2237c8dfb65592e
q3_l2r_common_factorial_f31c2a6e_AC-ALG1_PIS-S32-B4-U2_seed47,f31c2a6e,qwen3-1.7b-base,AC-ALG1,47,gsm8k,3291.4,1,NVIDIA H100 80GB HBM3,0.9142777777777779,3fafd8c19a4ed1328ab147594aac458d67683afbae73dc57eb5b8ec0ef76d031,research_repository/ResultsArchive/incoming/common-protocol-structural-factorial__f31c2a6e/cell_result_gsm8k__q3_l2r_common_factorial_f31c2a6e_AC-ALG1_PIS-S32-B4-U2_seed47__AC-ALG1_s47.json,d28afab24d2b5f5e1cd37c2a1c0a0c6800f6d55c8fe3420e2deed5e2410a9901,research_repository/ResultsArchive/incoming/common-protocol-structural-factorial__f31c2a6e/complete_gsm8k__q3_l2r_common_factorial_f31c2a6e_AC-ALG1_PIS-S32-B4-U2_seed47__AC-ALG1_s47.json,ec8fd5d463058e984c88b6a4b39e875d568e51452df94c58d8f6be84b31feb2f
q3_l2r_common_factorial_f31c2a6e_AC-ALG1_PIS-S32-B4-U2_seed73,f31c2a6e,qwen3-1.7b-base,AC-ALG1,73,gsm8k,3713.3,1,NVIDIA H100 80GB HBM3,1.0314722222222223,43e1515e81c6ef230dcefb5b0e1df5385db1f70508e4fe885c888f6c0eda261f,research_repository/ResultsArchive/incoming/common-protocol-structural-factorial__f31c2a6e/cell_result_gsm8k__q3_l2r_common_factorial_f31c2a6e_AC-ALG1_PIS-S32-B4-U2_seed73__AC-ALG1_s73.json,ee83970de5714c41394859db5d75566afbeee8a637e6a5895b95b9c868a70978,research_repository/ResultsArchive/incoming/common-protocol-structural-factorial__f31c2a6e/complete_gsm8k__q3_l2r_common_factorial_f31c2a6e_AC-ALG1_PIS-S32-B4-U2_seed73__AC-ALG1_s73.json,721fc2a6381f1b325e91b7c5902edb5996388113cdb1eca137ef5070e17442fa
q3_l2r_common_factorial_f31c2a6e_AC-ALG1_PIS-S32-B4-U4_seed31,f31c2a6e,qwen3-1.7b-base,AC-ALG1,31,gsm8k,3532.5,1,NVIDIA H100 80GB HBM3,0.98125,5e008b9a0847b07dab702b72c0c8ca36a9ab350d7afbfeefbf5aca6ceddbeb95,research_repository/ResultsArchive/incoming/common-protocol-structural-factorial__f31c2a6e/cell_result_gsm8k__q3_l2r_common_factorial_f31c2a6e_AC-ALG1_PIS-S32-B4-U4_seed31__AC-ALG1_s31.json,6ce10ea68d9dc7cd646098cefeea73152fb353c11c991621f493589f9e3ffcd9,research_repository/ResultsArchive/incoming/common-protocol-structural-factorial__f31c2a6e/complete_gsm8k__q3_l2r_common_factorial_f31c2a6e_AC-ALG1_PIS-S32-B4-U4_seed31__AC-ALG1_s31.json,a86e0068f0f70a29fe237259928116189f2287ddfb9398152c0515f2e4ba625b
q3_l2r_common_factorial_f31c2a6e_AC-ALG1_PIS-S32-B4-U4_seed47,f31c2a6e,qwen3-1.7b-base,AC-ALG1,47,gsm8k,3500.5,1,NVIDIA H100 80GB HBM3,0.9723611111111111,83c771b48028310fd582b7902ef7b44f06fb98156abadc0b32cf7d4184b0f84a,research_repository/ResultsArchive/incoming/common-protocol-structural-factorial__f31c2a6e/cell_result_gsm8k__q3_l2r_common_factorial_f31c2a6e_AC-ALG1_PIS-S32-B4-U4_seed47__AC-ALG1_s47.json,1d4ab54454bd83ccbe4db5cad6be60164595084e26b2f592974b33850c81f2d4,research_repository/ResultsArchive/incoming/common-protocol-structural-factorial__f31c2a6e/complete_gsm8k__q3_l2r_common_factorial_f31c2a6e_AC-ALG1_PIS-S32-B4-U4_seed47__AC-ALG1_s47.json,00ff9298919c102534d657c82da969a430ec6e7cdcceabbc4bd4d0b417c68599
q3_l2r_common_factorial_f31c2a6e_AC-ALG1_PIS-S32-B4-U4_seed73,f31c2a6e,qwen3-1.7b-base,AC-ALG1,73,gsm8k,3315.0,1,NVIDIA H100 80GB HBM3,0.9208333333333333,d8c4f96c60ee43f6c915ef1ac5df9def1d7f688981bfe807c75df30a1ad9d54a,research_repository/ResultsArchive/incoming/common-protocol-structural-factorial__f31c2a6e/cell_result_gsm8k__q3_l2r_common_factorial_f31c2a6e_AC-ALG1_PIS-S32-B4-U4_seed73__AC-ALG1_s73.json,e86abe653735a33993f8e19a51d5da3aff453d9f0503899a7513ad2aa156da10,research_repository/ResultsArchive/incoming/common-protocol-structural-factorial__f31c2a6e/complete_gsm8k__q3_l2r_common_factorial_f31c2a6e_AC-ALG1_PIS-S32-B4-U4_seed73__AC-ALG1_s73.json,087e78d203071a67475acea184575ac54db7a447f7c83fb2ffe8ff137bd8f0f6
q3_l2r_common_factorial_f31c2a6e_AC-ALG1_PIS-S32-B8-U1_seed31,f31c2a6e,qwen3-1.7b-base,AC-ALG1,31,gsm8k,5644.2,1,NVIDIA H100 80GB HBM3,1.5678333333333332,7bb4506ee5c7b66734bec6ba66a33f77fb1497ea0214173e3b0b41a0c56fe9f3,research_repository/ResultsArchive/incoming/common-protocol-structural-factorial__f31c2a6e/cell_result_gsm8k__q3_l2r_common_factorial_f31c2a6e_AC-ALG1_PIS-S32-B8-U1_seed31__AC-ALG1_s31.json,34bea270f462e173bf5d633d344f6ce7949c4a5096fbc1c4bc88c379fd8440f7,research_repository/ResultsArchive/incoming/common-protocol-structural-factorial__f31c2a6e/complete_gsm8k__q3_l2r_common_factorial_f31c2a6e_AC-ALG1_PIS-S32-B8-U1_seed31__AC-ALG1_s31.json,75a6f56b5e8a312a6238010fb75e39972e7bb951e4278dea6b00246f4302fb2a
q3_l2r_common_factorial_f31c2a6e_AC-ALG1_PIS-S32-B8-U1_seed47,f31c2a6e,qwen3-1.7b-base,AC-ALG1,47,gsm8k,4239.2,1,NVIDIA H100 80GB HBM3,1.1775555555555555,c926d2a893a5725ef6d7e1cdb3c26a7b5da6086a2730b49186e17ca61bbccebd,research_repository/ResultsArchive/incoming/common-protocol-structural-factorial__f31c2a6e/cell_result_gsm8k__q3_l2r_common_factorial_f31c2a6e_AC-ALG1_PIS-S32-B8-U1_seed47__AC-ALG1_s47.json,d805a02ceecafcfbaf8fa306bfcd54e4af2f1dba2b7beb7016142ab00c496a21,research_repository/ResultsArchive/incoming/common-protocol-structural-factorial__f31c2a6e/complete_gsm8k__q3_l2r_common_factorial_f31c2a6e_AC-ALG1_PIS-S32-B8-U1_seed47__AC-ALG1_s47.json,c774f50b523aeb485585e20b9c212c717595f0452aa7a60eefeb0c1a0a1d6dca
q3_l2r_common_factorial_f31c2a6e_AC-ALG1_PIS-S32-B8-U1_seed73,f31c2a6e,qwen3-1.7b-base,AC-ALG1,73,gsm8k,5597.5,1,NVIDIA H100 80GB HBM3,1.554861111111111,946b5eada831340277a06623f7168d49dfc41710eca7f8ceb8a803860f278b63,research_repository/ResultsArchive/incoming/common-protocol-structural-factorial__f31c2a6e/cell_result_gsm8k__q3_l2r_common_factorial_f31c2a6e_AC-ALG1_PIS-S32-B8-U1_seed73__AC-ALG1_s73.json,10322869ac32b347dfc92d572d223d0d5f5a42bbd05de9e27af7854616dacac4,research_repository/ResultsArchive/incoming/common-protocol-structural-factorial__f31c2a6e/complete_gsm8k__q3_l2r_common_factorial_f31c2a6e_AC-ALG1_PIS-S32-B8-U1_seed73__AC-ALG1_s73.json,40b7c42159472c3f1303635fcc3b67f1d80d452c6f267f6b79cbe4db23d5e8af
q3_l2r_common_factorial_f31c2a6e_AC-ALG1_PIS-S32-B8-U2_seed31,f31c2a6e,qwen3-1.7b-base,AC-ALG1,31,gsm8k,5496.7,1,NVIDIA H100 80GB HBM3,1.526861111111111,896aa8479d59e27a2d05ebe0385f2723fb7cd8d90befdc00c4d0c3c942d97576,research_repository/ResultsArchive/incoming/common-protocol-structural-factorial__f31c2a6e/cell_result_gsm8k__q3_l2r_common_factorial_f31c2a6e_AC-ALG1_PIS-S32-B8-U2_seed31__AC-ALG1_s31.json,3922de03c45efcb6cd2042462fda91fa5aff095f95d3a18037ff24d001cc0ca0,research_repository/ResultsArchive/incoming/common-protocol-structural-factorial__f31c2a6e/complete_gsm8k__q3_l2r_common_factorial_f31c2a6e_AC-ALG1_PIS-S32-B8-U2_seed31__AC-ALG1_s31.json,0cd960a6a477532f3f8dec96e110fdc8572094037b177046f38d244f542d5006
q3_l2r_common_factorial_f31c2a6e_AC-ALG1_PIS-S32-B8-U2_seed47,f31c2a6e,qwen3-1.7b-base,AC-ALG1,47,gsm8k,4926.5,1,NVIDIA H100 80GB HBM3,1.3684722222222223,502005e665abd7bfcb2b5075fbf1ea9acb51551cb8fedcd8be8d8dc7efd0cffa,research_repository/ResultsArchive/incoming/common-protocol-structural-factorial__f31c2a6e/cell_result_gsm8k__q3_l2r_common_factorial_f31c2a6e_AC-ALG1_PIS-S32-B8-U2_seed47__AC-ALG1_s47.json,b35a8df9b6428c35f0c8f9df0233219a191fcaa4363631bb5258e0b5bb6d49ae,research_repository/ResultsArchive/incoming/common-protocol-structural-factorial__f31c2a6e/complete_gsm8k__q3_l2r_common_factorial_f31c2a6e_AC-ALG1_PIS-S32-B8-U2_seed47__AC-ALG1_s47.json,b5acd0faa66eea07cdaf9c22d8ba6bf1327c93c95ed78fef1fdcfc5145fd7dcd
q3_l2r_common_factorial_f31c2a6e_AC-ALG1_PIS-S32-B8-U2_seed73,f31c2a6e,qwen3-1.7b-base,AC-ALG1,73,gsm8k,4601.5,1,NVIDIA H100 80GB HBM3,1.2781944444444444,f382f7364854588edeb7f66f1b67144b66e5c93f5090e88e769d91c07cdf90cf,research_repository/ResultsArchive/incoming/common-protocol-structural-factorial__f31c2a6e/cell_result_gsm8k__q3_l2r_common_factorial_f31c2a6e_AC-ALG1_PIS-S32-B8-U2_seed73__AC-ALG1_s73.json,f9eec83e1f4fb638e1cf8a5c87e51f9ad5c2181e82c16da9998a67e4e6571bed,research_repository/ResultsArchive/incoming/common-protocol-structural-factorial__f31c2a6e/complete_gsm8k__q3_l2r_common_factorial_f31c2a6e_AC-ALG1_PIS-S32-B8-U2_seed73__AC-ALG1_s73.json,c448732e364b3036771e23e0498aed3b9dfb11dac18cd36fe9b326141467a6b0
q3_l2r_common_factorial_f31c2a6e_AC-ALG1_PIS-S32-B8-U4_seed31,f31c2a6e,qwen3-1.7b-base,AC-ALG1,31,gsm8k,5015.8,1,NVIDIA H100 80GB HBM3,1.3932777777777778,79c695ef90a4f30ff8b214d61d0d3ae9e95e6906f7b559e8f3632849a4cfa8a8,research_repository/ResultsArchive/incoming/common-protocol-structural-factorial__f31c2a6e/cell_result_gsm8k__q3_l2r_common_factorial_f31c2a6e_AC-ALG1_PIS-S32-B8-U4_seed31__AC-ALG1_s31.json,3553f6cd7f150ca2849c18fb0bddd48516dfb6c044b7d08da8a1f7f8c2c6ddac,research_repository/ResultsArchive/incoming/common-protocol-structural-factorial__f31c2a6e/complete_gsm8k__q3_l2r_common_factorial_f31c2a6e_AC-ALG1_PIS-S32-B8-U4_seed31__AC-ALG1_s31.json,8ce4343867c4e06a1f13dbaa7b06f2ca551cc78552f68248cd45e3bcd76e55ea
q3_l2r_common_factorial_f31c2a6e_AC-ALG1_PIS-S32-B8-U4_seed47,f31c2a6e,qwen3-1.7b-base,AC-ALG1,47,gsm8k,6383.5,1,NVIDIA H100 80GB HBM3,1.7731944444444445,55edbb90ef8ed0c81b2be7cd9006dc8789dd182428b596b3e3e1ffd692a01cea,research_repository/ResultsArchive/incoming/common-protocol-structural-factorial__f31c2a6e/cell_result_gsm8k__q3_l2r_common_factorial_f31c2a6e_AC-ALG1_PIS-S32-B8-U4_seed47__AC-ALG1_s47.json,0ccfe212d388f3a81e134579445eba852d086140531ea4f823dba32b31d57008,research_repository/ResultsArchive/incoming/common-protocol-structural-factorial__f31c2a6e/complete_gsm8k__q3_l2r_common_factorial_f31c2a6e_AC-ALG1_PIS-S32-B8-U4_seed47__AC-ALG1_s47.json,4100a96e3f84020a348c9cadab3edb6998514dc62ea96adffc750295cc928c1c
q3_l2r_common_factorial_f31c2a6e_AC-ALG1_PIS-S32-B8-U4_seed73,f31c2a6e,qwen3-1.7b-base,AC-ALG1,73,gsm8k,4817.7,1,NVIDIA H100 80GB HBM3,1.33825,2693343a989ae1e464e1cb2f32edab148fd69be3139d7586437b7e0fb68c2b28,research_repository/ResultsArchive/incoming/common-protocol-structural-factorial__f31c2a6e/cell_result_gsm8k__q3_l2r_common_factorial_f31c2a6e_AC-ALG1_PIS-S32-B8-U4_seed73__AC-ALG1_s73.json,7e3c4248552d2a42cf30e1cc26a4796c3e4006a5faa71f047aa20e951726f8a8,research_repository/ResultsArchive/incoming/common-protocol-structural-factorial__f31c2a6e/complete_gsm8k__q3_l2r_common_factorial_f31c2a6e_AC-ALG1_PIS-S32-B8-U4_seed73__AC-ALG1_s73.json,14ff149b006075386f5681c946cc813c5c90a65b547dbefb92af7cf6fd050f19
q3_l2r_common_factorial_f31c2a6e_AC-ALG1_PIS-S8-B16-U1_seed31,f31c2a6e,qwen3-1.7b-base,AC-ALG1,31,gsm8k,2914.9,1,NVIDIA H100 80GB HBM3,0.8096944444444445,269e1b311a772bfeba66adbd243ec00705684601710981ede3e53954725ff755,research_repository/ResultsArchive/incoming/common-protocol-structural-factorial__f31c2a6e/cell_result_gsm8k__q3_l2r_common_factorial_f31c2a6e_AC-ALG1_PIS-S8-B16-U1_seed31__AC-ALG1_s31.json,d40e58301a949f97dbc4897e2bc1168162b18149a99d48ee20f9e86543fd0dc2,research_repository/ResultsArchive/incoming/common-protocol-structural-factorial__f31c2a6e/complete_gsm8k__q3_l2r_common_factorial_f31c2a6e_AC-ALG1_PIS-S8-B16-U1_seed31__AC-ALG1_s31.json,fa592cd3719113dd9a0ca09af32ed08f6a40e4f6e4f87462fde4251a0304c55e
q3_l2r_common_factorial_f31c2a6e_AC-ALG1_PIS-S8-B16-U1_seed47,f31c2a6e,qwen3-1.7b-base,AC-ALG1,47,gsm8k,2826.2,1,NVIDIA H100 80GB HBM3,0.7850555555555555,4afbb234819b281e3b979b88f9473510e8a737a49b6f19d8392e072e4239822a,research_repository/ResultsArchive/incoming/common-protocol-structural-factorial__f31c2a6e/cell_result_gsm8k__q3_l2r_common_factorial_f31c2a6e_AC-ALG1_PIS-S8-B16-U1_seed47__AC-ALG1_s47.json,218f6e7d1d938ff26237c092ee26adfd33b95a65369c2bae302f3dd5964e80d0,research_repository/ResultsArchive/incoming/common-protocol-structural-factorial__f31c2a6e/complete_gsm8k__q3_l2r_common_factorial_f31c2a6e_AC-ALG1_PIS-S8-B16-U1_seed47__AC-ALG1_s47.json,7f6caac6c86b53a97b0bb9d41fe9966135fbebedaa85a39ba1cab899be047ef9
q3_l2r_common_factorial_f31c2a6e_AC-ALG1_PIS-S8-B16-U1_seed73,f31c2a6e,qwen3-1.7b-base,AC-ALG1,73,gsm8k,3151.6,1,NVIDIA H100 80GB HBM3,0.8754444444444445,c6f3b3eda29fb37271e16db0e6d9ebbce5d6439ed62019ba0ad8224dce8ab52e,research_repository/ResultsArchive/incoming/common-protocol-structural-factorial__f31c2a6e/cell_result_gsm8k__q3_l2r_common_factorial_f31c2a6e_AC-ALG1_PIS-S8-B16-U1_seed73__AC-ALG1_s73.json,c806c89e946f88626e64e0087794ac15ffda283debab66c8018d46a5089271d8,research_repository/ResultsArchive/incoming/common-protocol-structural-factorial__f31c2a6e/complete_gsm8k__q3_l2r_common_factorial_f31c2a6e_AC-ALG1_PIS-S8-B16-U1_seed73__AC-ALG1_s73.json,39197edaf4381f618d326236157cbe5a5728c6792fb0f6d41e38b68472fa8abe
q3_l2r_common_factorial_f31c2a6e_AC-ALG1_PIS-S8-B16-U2_seed31,f31c2a6e,qwen3-1.7b-base,AC-ALG1,31,gsm8k,3091.1,1,NVIDIA H100 80GB HBM3,0.8586388888888888,cc5d688be552c8751477c34279f7e9d8e0b174f14397f32d3baa7a2876378c39,research_repository/ResultsArchive/incoming/common-protocol-structural-factorial__f31c2a6e/cell_result_gsm8k__q3_l2r_common_factorial_f31c2a6e_AC-ALG1_PIS-S8-B16-U2_seed31__AC-ALG1_s31.json,68828cfffbcf3a9ea6b3dc597c3805befae6e0aff01859c82c21f7cb4c81cc97,research_repository/ResultsArchive/incoming/common-protocol-structural-factorial__f31c2a6e/complete_gsm8k__q3_l2r_common_factorial_f31c2a6e_AC-ALG1_PIS-S8-B16-U2_seed31__AC-ALG1_s31.json,22aa1004de1e6bf647c1bbd8b4cda8466a1a55b52748c6fee8b2142a3aafa851
q3_l2r_common_factorial_f31c2a6e_AC-ALG1_PIS-S8-B16-U2_seed47,f31c2a6e,qwen3-1.7b-base,AC-ALG1,47,gsm8k,3367.8,1,NVIDIA H100 80GB HBM3,0.9355,084f574d5e5de0095f7dcc057fe5fa870382a4a8e2888c3f7bace933c06e686c,research_repository/ResultsArchive/incoming/common-protocol-structural-factorial__f31c2a6e/cell_result_gsm8k__q3_l2r_common_factorial_f31c2a6e_AC-ALG1_PIS-S8-B16-U2_seed47__AC-ALG1_s47.json,405335b7e35424bcfe0dab0ca3706133ec7944ac600dae90dca1888c4ed2cd45,research_repository/ResultsArchive/incoming/common-protocol-structural-factorial__f31c2a6e/complete_gsm8k__q3_l2r_common_factorial_f31c2a6e_AC-ALG1_PIS-S8-B16-U2_seed47__AC-ALG1_s47.json,207ea8e64301caa6600cb43f8192da7aa531865561af680e88c029c8b5f1637c
q3_l2r_common_factorial_f31c2a6e_AC-ALG1_PIS-S8-B16-U2_seed73,f31c2a6e,qwen3-1.7b-base,AC-ALG1,73,gsm8k,3503.4,1,NVIDIA H100 80GB HBM3,0.9731666666666667,25b0149f26f61f7f5fe271eb4207f8e8bd0a3484e8d134586fd654b0763e73f8,research_repository/ResultsArchive/incoming/common-protocol-structural-factorial__f31c2a6e/cell_result_gsm8k__q3_l2r_common_factorial_f31c2a6e_AC-ALG1_PIS-S8-B16-U2_seed73__AC-ALG1_s73.json,cbb71112eb9e7e8e48f7e826ac7ba41437cdc741e4b7eb7639900a2adbf13b37,research_repository/ResultsArchive/incoming/common-protocol-structural-factorial__f31c2a6e/complete_gsm8k__q3_l2r_common_factorial_f31c2a6e_AC-ALG1_PIS-S8-B16-U2_seed73__AC-ALG1_s73.json,2a2709066d10f0b32e5278f41ade358add5852fc031abca3c85fc984b8ea70ad
q3_l2r_common_factorial_f31c2a6e_AC-ALG1_PIS-S8-B16-U4_seed31,f31c2a6e,qwen3-1.7b-base,AC-ALG1,31,gsm8k,3718.3,1,NVIDIA H100 80GB HBM3,1.0328611111111112,6b2d4814a30047aa5ed99468a4d6682f530a9391951f264711b958466705dfd2,research_repository/ResultsArchive/incoming/common-protocol-structural-factorial__f31c2a6e/cell_result_gsm8k__q3_l2r_common_factorial_f31c2a6e_AC-ALG1_PIS-S8-B16-U4_seed31__AC-ALG1_s31.json,764c8a28b7b4edf3bfc905d3b432bbda10e6db57dbdf97080902529fa52b63e1,research_repository/ResultsArchive/incoming/common-protocol-structural-factorial__f31c2a6e/complete_gsm8k__q3_l2r_common_factorial_f31c2a6e_AC-ALG1_PIS-S8-B16-U4_seed31__AC-ALG1_s31.json,eb79c51c23c421762207f4e213c94b39d01e6a89f6f5211a91c48a528df5b30d
q3_l2r_common_factorial_f31c2a6e_AC-ALG1_PIS-S8-B16-U4_seed47,f31c2a6e,qwen3-1.7b-base,AC-ALG1,47,gsm8k,3895.7,1,NVIDIA H100 80GB HBM3,1.0821388888888888,6e62088a197f6e277c01c0345d22d8a3d4546912da3571a4c18d312158b0960b,research_repository/ResultsArchive/incoming/common-protocol-structural-factorial__f31c2a6e/cell_result_gsm8k__q3_l2r_common_factorial_f31c2a6e_AC-ALG1_PIS-S8-B16-U4_seed47__AC-ALG1_s47.json,8be8c8e1e0adb54eccbf26294dab6e3013faf6f7ae9cfdaf5738400d620a3482,research_repository/ResultsArchive/incoming/common-protocol-structural-factorial__f31c2a6e/complete_gsm8k__q3_l2r_common_factorial_f31c2a6e_AC-ALG1_PIS-S8-B16-U4_seed47__AC-ALG1_s47.json,9998ce1ca87fef51ddc08cbf4184cd284c9c2eef6e3b88da86994dffd6bc3d3e
q3_l2r_common_factorial_f31c2a6e_AC-ALG1_PIS-S8-B16-U4_seed73,f31c2a6e,qwen3-1.7b-base,AC-ALG1,73,gsm8k,3402.5,1,NVIDIA H100 80GB HBM3,0.9451388888888889,e41286ada4ee99596a6f95ab435fd896088f70b26838acccaaed7b6f4c67a203,research_repository/ResultsArchive/incoming/common-protocol-structural-factorial__f31c2a6e/cell_result_gsm8k__q3_l2r_common_factorial_f31c2a6e_AC-ALG1_PIS-S8-B16-U4_seed73__AC-ALG1_s73.json,8c527d473d5a7a1965a50a6814b3a826ee7a929852e5542b16b2fa595d06b3b6,research_repository/ResultsArchive/incoming/common-protocol-structural-factorial__f31c2a6e/complete_gsm8k__q3_l2r_common_factorial_f31c2a6e_AC-ALG1_PIS-S8-B16-U4_seed73__AC-ALG1_s73.json,4a9f75ccb5e18656ddff73f34148a27e9c337f3ca26b1cb16b29cc5eec99c91f
q3_l2r_common_factorial_f31c2a6e_AC-ALG1_PIS-S8-B4-U1_seed31,f31c2a6e,qwen3-1.7b-base,AC-ALG1,31,gsm8k,1560.3,1,NVIDIA H100 80GB HBM3,0.4334166666666667,0c455e93014b869f496cd61ab5b1d6368a83e65f449b35c98257948ec64edeec,research_repository/ResultsArchive/incoming/common-protocol-structural-factorial__f31c2a6e/cell_result_gsm8k__q3_l2r_common_factorial_f31c2a6e_AC-ALG1_PIS-S8-B4-U1_seed31__AC-ALG1_s31.json,75c97af1ae1e0b12f02d384e0748d47cfcd6af63b6e648899d4f8f4d60d64624,research_repository/ResultsArchive/incoming/common-protocol-structural-factorial__f31c2a6e/complete_gsm8k__q3_l2r_common_factorial_f31c2a6e_AC-ALG1_PIS-S8-B4-U1_seed31__AC-ALG1_s31.json,8536eff5dc5f54de1c961fa107bd62e9528cf61fa6c349e6545081d9d759ed00
q3_l2r_common_factorial_f31c2a6e_AC-ALG1_PIS-S8-B4-U1_seed47,f31c2a6e,qwen3-1.7b-base,AC-ALG1,47,gsm8k,1612.3,1,NVIDIA H100 80GB HBM3,0.4478611111111111,ceabc5ef1e3f525ade5fd0bd722ca6b605bf451ba6d648813fe5b1870fe510db,research_repository/ResultsArchive/incoming/common-protocol-structural-factorial__f31c2a6e/cell_result_gsm8k__q3_l2r_common_factorial_f31c2a6e_AC-ALG1_PIS-S8-B4-U1_seed47__AC-ALG1_s47.json,d985f36601fc7155f01fc633542081a69d1961af31bd2fa76d290bb0cf08f3ea,research_repository/ResultsArchive/incoming/common-protocol-structural-factorial__f31c2a6e/complete_gsm8k__q3_l2r_common_factorial_f31c2a6e_AC-ALG1_PIS-S8-B4-U1_seed47__AC-ALG1_s47.json,5fcbfb7a2e5d914320b9ee29e78605b836800e76ea72bab9db646c2c3b6055b2
q3_l2r_common_factorial_f31c2a6e_AC-ALG1_PIS-S8-B4-U1_seed73,f31c2a6e,qwen3-1.7b-base,AC-ALG1,73,gsm8k,1470.8,1,NVIDIA H100 80GB HBM3,0.40855555555555556,37e5fdd7214be2821835cbab51ff23fb2df5bc151bbbbb560c549f538fc462dd,research_repository/ResultsArchive/incoming/common-protocol-structural-factorial__f31c2a6e/cell_result_gsm8k__q3_l2r_common_factorial_f31c2a6e_AC-ALG1_PIS-S8-B4-U1_seed73__AC-ALG1_s73.json,d989b995ab9a8dad6d813a73746ce6aea6ab4b92d6925a16e9fccdde2ef424f9,research_repository/ResultsArchive/incoming/common-protocol-structural-factorial__f31c2a6e/complete_gsm8k__q3_l2r_common_factorial_f31c2a6e_AC-ALG1_PIS-S8-B4-U1_seed73__AC-ALG1_s73.json,c040730d49158e8515d420dc28074bae5a72349c07c7918ef529dc73989318da
q3_l2r_common_factorial_f31c2a6e_AC-ALG1_PIS-S8-B4-U2_seed31,f31c2a6e,qwen3-1.7b-base,AC-ALG1,31,gsm8k,1727.4,1,NVIDIA H100 80GB HBM3,0.47983333333333333,293c76587e3398b9dc49587a24b5c970092360aeb4cfea636f6b2389d19f49e5,research_repository/ResultsArchive/incoming/common-protocol-structural-factorial__f31c2a6e/cell_result_gsm8k__q3_l2r_common_factorial_f31c2a6e_AC-ALG1_PIS-S8-B4-U2_seed31__AC-ALG1_s31.json,6557d3751485bb424dadb04edabe8e75d150cbe33cbed2077ec9fc25b95fa6d5,research_repository/ResultsArchive/incoming/common-protocol-structural-factorial__f31c2a6e/complete_gsm8k__q3_l2r_common_factorial_f31c2a6e_AC-ALG1_PIS-S8-B4-U2_seed31__AC-ALG1_s31.json,bbb635f2846e7d120a0c5e4cffa2032473aa59c6669908a23cd109ab65bdd0e9
q3_l2r_common_factorial_f31c2a6e_AC-ALG1_PIS-S8-B4-U2_seed47,f31c2a6e,qwen3-1.7b-base,AC-ALG1,47,gsm8k,1658.3,1,NVIDIA H100 80GB HBM3,0.4606388888888889,c27da7bfd3906934f84217bfe8eead9d61f8367506e95ce2930a04adbdc7faf6,research_repository/ResultsArchive/incoming/common-protocol-structural-factorial__f31c2a6e/cell_result_gsm8k__q3_l2r_common_factorial_f31c2a6e_AC-ALG1_PIS-S8-B4-U2_seed47__AC-ALG1_s47.json,f9fd7f39b6afeab0fa83af526ca2d4bac3ec214b44a777b0662561b5a4072cef,research_repository/ResultsArchive/incoming/common-protocol-structural-factorial__f31c2a6e/complete_gsm8k__q3_l2r_common_factorial_f31c2a6e_AC-ALG1_PIS-S8-B4-U2_seed47__AC-ALG1_s47.json,29a85d2814c240098eea963553cbc904d81d73d270e112a50ed9feab01a3b670
q3_l2r_common_factorial_f31c2a6e_AC-ALG1_PIS-S8-B4-U2_seed73,f31c2a6e,qwen3-1.7b-base,AC-ALG1,73,gsm8k,1677.8,1,NVIDIA H100 80GB HBM3,0.46605555555555556,a3c25aac803a4d7d6d2d73bb92f2c7c83c049202b68ef75ff686bd73c3823fbc,research_repository/ResultsArchive/incoming/common-protocol-structural-factorial__f31c2a6e/cell_result_gsm8k__q3_l2r_common_factorial_f31c2a6e_AC-ALG1_PIS-S8-B4-U2_seed73__AC-ALG1_s73.json,882149506c612f85245c24d5d4dc526f1dca9a4c3ad6a8e0808956c1bbfb865f,research_repository/ResultsArchive/incoming/common-protocol-structural-factorial__f31c2a6e/complete_gsm8k__q3_l2r_common_factorial_f31c2a6e_AC-ALG1_PIS-S8-B4-U2_seed73__AC-ALG1_s73.json,df30e124156d44643e4b2bcbcef9845b6c96bd2ad101a34205524be4e70bed3a
q3_l2r_common_factorial_f31c2a6e_AC-ALG1_PIS-S8-B4-U4_seed31,f31c2a6e,qwen3-1.7b-base,AC-ALG1,31,gsm8k,1740.4,1,NVIDIA H100 80GB HBM3,0.48344444444444445,186778a8da1bf156d31ff16770a276970440958c2a0a958b611f5588754cfdb2,research_repository/ResultsArchive/incoming/common-protocol-structural-factorial__f31c2a6e/cell_result_gsm8k__q3_l2r_common_factorial_f31c2a6e_AC-ALG1_PIS-S8-B4-U4_seed31__AC-ALG1_s31.json,d17bd6370ff686ca5e0b2671b160d6d8306abbafc42012ac79d56bb5021ee4fc,research_repository/ResultsArchive/incoming/common-protocol-structural-factorial__f31c2a6e/complete_gsm8k__q3_l2r_common_factorial_f31c2a6e_AC-ALG1_PIS-S8-B4-U4_seed31__AC-ALG1_s31.json,012b9292a27a3671212055672adb221aebf0063f48149363d2568984eefe9be8
q3_l2r_common_factorial_f31c2a6e_AC-ALG1_PIS-S8-B4-U4_seed47,f31c2a6e,qwen3-1.7b-base,AC-ALG1,47,gsm8k,1727.1,1,NVIDIA H100 80GB HBM3,0.47974999999999995,82ff2fe70caed86ad08468dda4cc830ef35784bbcf3cce87e544fedd2850dcf8,research_repository/ResultsArchive/incoming/common-protocol-structural-factorial__f31c2a6e/cell_result_gsm8k__q3_l2r_common_factorial_f31c2a6e_AC-ALG1_PIS-S8-B4-U4_seed47__AC-ALG1_s47.json,be9b3aadb0eba6d9f6be9473090ecdbe91eb428015ea89b1dd1ce185e4cdcb99,research_repository/ResultsArchive/incoming/common-protocol-structural-factorial__f31c2a6e/complete_gsm8k__q3_l2r_common_factorial_f31c2a6e_AC-ALG1_PIS-S8-B4-U4_seed47__AC-ALG1_s47.json,5751456336a8680fdfe79daf70d1297773e2edcf15a8b97661fc2405390198a5
q3_l2r_common_factorial_f31c2a6e_AC-ALG1_PIS-S8-B4-U4_seed73,f31c2a6e,qwen3-1.7b-base,AC-ALG1,73,gsm8k,1754.9,1,NVIDIA H100 80GB HBM3,0.48747222222222225,63edeb7f5f4e00c679a9c486d05bb2031de049602c202e5004d68712f49d4976,research_repository/ResultsArchive/incoming/common-protocol-structural-factorial__f31c2a6e/cell_result_gsm8k__q3_l2r_common_factorial_f31c2a6e_AC-ALG1_PIS-S8-B4-U4_seed73__AC-ALG1_s73.json,058fbffa7ce518750887b28b165d83b05a3e40d39b73affd0d85e04042417e68,research_repository/ResultsArchive/incoming/common-protocol-structural-factorial__f31c2a6e/complete_gsm8k__q3_l2r_common_factorial_f31c2a6e_AC-ALG1_PIS-S8-B4-U4_seed73__AC-ALG1_s73.json,3e9dda7983ab9edcfc48d1f7dadb7aef8b883746f96d1051c42d97d4e6e0e108
q3_l2r_common_factorial_f31c2a6e_AC-ALG1_PIS-S8-B8-U1_seed31,f31c2a6e,qwen3-1.7b-base,AC-ALG1,31,gsm8k,2090.8,1,NVIDIA H100 80GB HBM3,0.5807777777777778,18ba430e5b509d591f4dd1f2891f15086f4f5559b2796523d4eead6b2fdea54e,research_repository/ResultsArchive/incoming/common-protocol-structural-factorial__f31c2a6e/cell_result_gsm8k__q3_l2r_common_factorial_f31c2a6e_AC-ALG1_PIS-S8-B8-U1_seed31__AC-ALG1_s31.json,68388f5932cef80c86f2fe043d66ce678721f711fc2d99cc610470cdad6e6f7f,research_repository/ResultsArchive/incoming/common-protocol-structural-factorial__f31c2a6e/complete_gsm8k__q3_l2r_common_factorial_f31c2a6e_AC-ALG1_PIS-S8-B8-U1_seed31__AC-ALG1_s31.json,7052d9f48c771e8e5501bcf7a369db5d52ca609b4664e245c0f0ec791edbc714
q3_l2r_common_factorial_f31c2a6e_AC-ALG1_PIS-S8-B8-U1_seed47,f31c2a6e,qwen3-1.7b-base,AC-ALG1,47,gsm8k,1983.4,1,NVIDIA H100 80GB HBM3,0.5509444444444445,2a671e9c3ea9b2076b5cbc13671820cbc2eb1064f8f968a64e7b28d72b8cae2f,research_repository/ResultsArchive/incoming/common-protocol-structural-factorial__f31c2a6e/cell_result_gsm8k__q3_l2r_common_factorial_f31c2a6e_AC-ALG1_PIS-S8-B8-U1_seed47__AC-ALG1_s47.json,b4c0046711d15c65b785f55968f40e8148e61fce1d6115de2504dcdaa89e5aac,research_repository/ResultsArchive/incoming/common-protocol-structural-factorial__f31c2a6e/complete_gsm8k__q3_l2r_common_factorial_f31c2a6e_AC-ALG1_PIS-S8-B8-U1_seed47__AC-ALG1_s47.json,e0beb11a19a3f33c7a5fa64661e93c76b0ce832a8a8382dbd8198a5255ff130c
q3_l2r_common_factorial_f31c2a6e_AC-ALG1_PIS-S8-B8-U1_seed73,f31c2a6e,qwen3-1.7b-base,AC-ALG1,73,gsm8k,1898.4,1,NVIDIA H100 80GB HBM3,0.5273333333333333,11679a956a105ca7c90fd16d40270c5409d9fb50b43ccdb79a5608db48ddbf04,research_repository/ResultsArchive/incoming/common-protocol-structural-factorial__f31c2a6e/cell_result_gsm8k__q3_l2r_common_factorial_f31c2a6e_AC-ALG1_PIS-S8-B8-U1_seed73__AC-ALG1_s73.json,9056596e36018cbc984ab15bcc6629869c3343fbca86eca1ee54a7b7e022b805,research_repository/ResultsArchive/incoming/common-protocol-structural-factorial__f31c2a6e/complete_gsm8k__q3_l2r_common_factorial_f31c2a6e_AC-ALG1_PIS-S8-B8-U1_seed73__AC-ALG1_s73.json,718842af349ed8d21c2e03d147f86f39a906c27c2f954dbb4e7196b5f7a156dd
q3_l2r_common_factorial_f31c2a6e_AC-ALG1_PIS-S8-B8-U2_seed31,f31c2a6e,qwen3-1.7b-base,AC-ALG1,31,gsm8k,2109.9,1,NVIDIA H100 80GB HBM3,0.5860833333333334,73fc55c2e25f6e93189849bf7936e55cea4aadb8935e3744b18f9d535eae047f,research_repository/ResultsArchive/incoming/common-protocol-structural-factorial__f31c2a6e/cell_result_gsm8k__q3_l2r_common_factorial_f31c2a6e_AC-ALG1_PIS-S8-B8-U2_seed31__AC-ALG1_s31.json,31184ddd5d1d563c85a0b134796ddf4d619b6e9f5c35fe15c41e5ce0c725c888,research_repository/ResultsArchive/incoming/common-protocol-structural-factorial__f31c2a6e/complete_gsm8k__q3_l2r_common_factorial_f31c2a6e_AC-ALG1_PIS-S8-B8-U2_seed31__AC-ALG1_s31.json,1eece7aab8a958552031926e2c881a6245433b5c0bfbd47b666128aece4abb9f
q3_l2r_common_factorial_f31c2a6e_AC-ALG1_PIS-S8-B8-U2_seed47,f31c2a6e,qwen3-1.7b-base,AC-ALG1,47,gsm8k,2112.7,1,NVIDIA H100 80GB HBM3,0.5868611111111111,68ee3d802cbb2b4d381ba411279c12f5767f52c4803ea28c41e57d1e3a1911c3,research_repository/ResultsArchive/incoming/common-protocol-structural-factorial__f31c2a6e/cell_result_gsm8k__q3_l2r_common_factorial_f31c2a6e_AC-ALG1_PIS-S8-B8-U2_seed47__AC-ALG1_s47.json,91c7623a5757fdcab8551c2fecff44b40d4794512ae18281926a5af6a6684323,research_repository/ResultsArchive/incoming/common-protocol-structural-factorial__f31c2a6e/complete_gsm8k__q3_l2r_common_factorial_f31c2a6e_AC-ALG1_PIS-S8-B8-U2_seed47__AC-ALG1_s47.json,731d6355afbf7b16d24abab458052316583c5b06c5830a7d1f8658bf4429e65e
q3_l2r_common_factorial_f31c2a6e_AC-ALG1_PIS-S8-B8-U2_seed73,f31c2a6e,qwen3-1.7b-base,AC-ALG1,73,gsm8k,2212.2,1,NVIDIA H100 80GB HBM3,0.6144999999999999,500e163e215380a0ba956d8958779adf0bc40b38bad9e833d8dc8bc9406b6b4a,research_repository/ResultsArchive/incoming/common-protocol-structural-factorial__f31c2a6e/cell_result_gsm8k__q3_l2r_common_factorial_f31c2a6e_AC-ALG1_PIS-S8-B8-U2_seed73__AC-ALG1_s73.json,6d3e14da78171450c37ad10a18c2bdfd6e8aae386ae2c9255187a0bb90887c30,research_repository/ResultsArchive/incoming/common-protocol-structural-factorial__f31c2a6e/complete_gsm8k__q3_l2r_common_factorial_f31c2a6e_AC-ALG1_PIS-S8-B8-U2_seed73__AC-ALG1_s73.json,bce504224c3441559d5e95d1c5dc05c0db573770ebedf637969219bb6a9b63ef
q3_l2r_common_factorial_f31c2a6e_AC-ALG1_PIS-S8-B8-U4_seed31,f31c2a6e,qwen3-1.7b-base,AC-ALG1,31,gsm8k,2107.9,1,NVIDIA H100 80GB HBM3,0.5855277777777778,8e6b02bda9270f79b8bb6fe2bf2d1f07502519b52828e99b53214952814beca7,research_repository/ResultsArchive/incoming/common-protocol-structural-factorial__f31c2a6e/cell_result_gsm8k__q3_l2r_common_factorial_f31c2a6e_AC-ALG1_PIS-S8-B8-U4_seed31__AC-ALG1_s31.json,8604a0294a9ac067dd86e3e17d74251b69c4554a7f1f8c58206378e1144d3a1e,research_repository/ResultsArchive/incoming/common-protocol-structural-factorial__f31c2a6e/complete_gsm8k__q3_l2r_common_factorial_f31c2a6e_AC-ALG1_PIS-S8-B8-U4_seed31__AC-ALG1_s31.json,98e9df2213707f48b767d180cd604569a363c73b0639b488dbea546e33e730b8
q3_l2r_common_factorial_f31c2a6e_AC-ALG1_PIS-S8-B8-U4_seed47,f31c2a6e,qwen3-1.7b-base,AC-ALG1,47,gsm8k,2307.4,1,NVIDIA H100 80GB HBM3,0.6409444444444444,9f2693cfbe79df1fb731e7076bd8e090f64b804f66233d75788857aff2f0a6cf,research_repository/ResultsArchive/incoming/common-protocol-structural-factorial__f31c2a6e/cell_result_gsm8k__q3_l2r_common_factorial_f31c2a6e_AC-ALG1_PIS-S8-B8-U4_seed47__AC-ALG1_s47.json,3f6c18af7dc2bcd9188af326a9529bf96a307e358cd49ca3cac8e1148d429246,research_repository/ResultsArchive/incoming/common-protocol-structural-factorial__f31c2a6e/complete_gsm8k__q3_l2r_common_factorial_f31c2a6e_AC-ALG1_PIS-S8-B8-U4_seed47__AC-ALG1_s47.json,148d4f826bba1764ae4517ca82710ffd3ffe16294a420cc49e5fe5f9cadbc0f8
q3_l2r_common_factorial_f31c2a6e_AC-ALG1_PIS-S8-B8-U4_seed73,f31c2a6e,qwen3-1.7b-base,AC-ALG1,73,gsm8k,2130.2,1,NVIDIA H100 80GB HBM3,0.5917222222222221,1ee28961faf77e2cb736d04238e7a2bc799c905e1221b32f76b6f16f76246541,research_repository/ResultsArchive/incoming/common-protocol-structural-factorial__f31c2a6e/cell_result_gsm8k__q3_l2r_common_factorial_f31c2a6e_AC-ALG1_PIS-S8-B8-U4_seed73__AC-ALG1_s73.json,4deaea0ae5100e6ad5e07f2a93ebf4fff0f0958a4b8977c754183f2fc222316c,research_repository/ResultsArchive/incoming/common-protocol-structural-factorial__f31c2a6e/complete_gsm8k__q3_l2r_common_factorial_f31c2a6e_AC-ALG1_PIS-S8-B8-U4_seed73__AC-ALG1_s73.json,931a7c8c96bd28a5750b51687f37d9e7b95ec0499f9df1e005b02a7e8cbfedc4
q3_l2r_common_factorial_f31c2a6e_AC-ALG1_POLD-S16-B16-U1_seed31,f31c2a6e,qwen3-1.7b-base,AC-ALG1,31,gsm8k,3934.3,1,NVIDIA H100 80GB HBM3,1.092861111111111,83cce27ea83bbacf9eff5868134af9d94d5729a7f274144ead85f82531123268,research_repository/ResultsArchive/incoming/common-protocol-structural-factorial__f31c2a6e/cell_result_gsm8k__q3_l2r_common_factorial_f31c2a6e_AC-ALG1_POLD-S16-B16-U1_seed31__AC-ALG1_s31.json,36a12a6a4a714a4cea6c3bc0da830d57ccd1f186600af9e0f331a2749ab1d1c7,research_repository/ResultsArchive/incoming/common-protocol-structural-factorial__f31c2a6e/complete_gsm8k__q3_l2r_common_factorial_f31c2a6e_AC-ALG1_POLD-S16-B16-U1_seed31__AC-ALG1_s31.json,cde0a52fe863e79e1488828d4c1227e49b4ca7dc95ff70627813a96942da1c4c
q3_l2r_common_factorial_f31c2a6e_AC-ALG1_POLD-S16-B16-U1_seed47,f31c2a6e,qwen3-1.7b-base,AC-ALG1,47,gsm8k,5138.7,1,NVIDIA H100 80GB HBM3,1.4274166666666666,7bf721b4cd0e872877ae7e0e20c40fae780e15ba07cd345433f6dd73536f6b3e,research_repository/ResultsArchive/incoming/common-protocol-structural-factorial__f31c2a6e/cell_result_gsm8k__q3_l2r_common_factorial_f31c2a6e_AC-ALG1_POLD-S16-B16-U1_seed47__AC-ALG1_s47.json,73f3d4a6d65a67625275bf9cea83879b7e032bd82a3accdf30574aa65255faee,research_repository/ResultsArchive/incoming/common-protocol-structural-factorial__f31c2a6e/complete_gsm8k__q3_l2r_common_factorial_f31c2a6e_AC-ALG1_POLD-S16-B16-U1_seed47__AC-ALG1_s47.json,c4956b75d3ae4e2fb98d1e756d6c7a0032f4201754f7bec3d968bf5b59519867
q3_l2r_common_factorial_f31c2a6e_AC-ALG1_POLD-S16-B16-U1_seed73,f31c2a6e,qwen3-1.7b-base,AC-ALG1,73,gsm8k,3810.2,1,NVIDIA H100 80GB HBM3,1.0583888888888888,a732b444552c6acaf35ab1a380785c2c06a5f736b0e161d10d3e2793bbd6e77d,research_repository/ResultsArchive/incoming/common-protocol-structural-factorial__f31c2a6e/cell_result_gsm8k__q3_l2r_common_factorial_f31c2a6e_AC-ALG1_POLD-S16-B16-U1_seed73__AC-ALG1_s73.json,55edc1c20bf6be6a63043583dc3d718d1326bab2994bafb1ba8ce5d22d1bea04,research_repository/ResultsArchive/incoming/common-protocol-structural-factorial__f31c2a6e/complete_gsm8k__q3_l2r_common_factorial_f31c2a6e_AC-ALG1_POLD-S16-B16-U1_seed73__AC-ALG1_s73.json,69022dae27e7237ed9328f2409ca8b0906ee22f8d4cb1f3e621a5f9f36989dd7
q3_l2r_common_factorial_f31c2a6e_AC-ALG1_POLD-S16-B16-U2_seed31,f31c2a6e,qwen3-1.7b-base,AC-ALG1,31,gsm8k,4389.5,1,NVIDIA H100 80GB HBM3,1.2193055555555556,01417289ae89df2ba8b432f08de1a501b80c1b10b11c08683b2a45770d5a97a7,research_repository/ResultsArchive/incoming/common-protocol-structural-factorial__f31c2a6e/cell_result_gsm8k__q3_l2r_common_factorial_f31c2a6e_AC-ALG1_POLD-S16-B16-U2_seed31__AC-ALG1_s31.json,d9bd81865d6ca8f2dc24f3b4c8d420b1e7ed9db727af589f13e13be537c8a907,research_repository/ResultsArchive/incoming/common-protocol-structural-factorial__f31c2a6e/complete_gsm8k__q3_l2r_common_factorial_f31c2a6e_AC-ALG1_POLD-S16-B16-U2_seed31__AC-ALG1_s31.json,da02608470745471340cab5841c6ca2dd03447de0f3f030b6149a0495ca08860
q3_l2r_common_factorial_f31c2a6e_AC-ALG1_POLD-S16-B16-U2_seed47,f31c2a6e,qwen3-1.7b-base,AC-ALG1,47,gsm8k,4583.8,1,NVIDIA H100 80GB HBM3,1.2732777777777777,f837731a33acda4ac6d0f70d174f49f7e0775a5d7f39903ebac3a74f286f7f8c,research_repository/ResultsArchive/incoming/common-protocol-structural-factorial__f31c2a6e/cell_result_gsm8k__q3_l2r_common_factorial_f31c2a6e_AC-ALG1_POLD-S16-B16-U2_seed47__AC-ALG1_s47.json,d2c84dcd3ef8462a974d05a3b2f420c0219a0d9118b53358ef42e56901a4f61a,research_repository/ResultsArchive/incoming/common-protocol-structural-factorial__f31c2a6e/complete_gsm8k__q3_l2r_common_factorial_f31c2a6e_AC-ALG1_POLD-S16-B16-U2_seed47__AC-ALG1_s47.json,9b78ad4e86e56b2c12a77005fab13af17d74ed7efc38d0e25caaed900ffa7c9c
q3_l2r_common_factorial_f31c2a6e_AC-ALG1_POLD-S16-B16-U2_seed73,f31c2a6e,qwen3-1.7b-base,AC-ALG1,73,gsm8k,4412.2,1,NVIDIA H100 80GB HBM3,1.225611111111111,b04cdbbff357a6c954bc7175038b04f7f95d726cecdf69aeb4891daebcd46754,research_repository/ResultsArchive/incoming/common-protocol-structural-factorial__f31c2a6e/cell_result_gsm8k__q3_l2r_common_factorial_f31c2a6e_AC-ALG1_POLD-S16-B16-U2_seed73__AC-ALG1_s73.json,bff70878ee6fc3ea0bf503a23097693b271e16cc9d212bff8f3fe7ff1e37acfe,research_repository/ResultsArchive/incoming/common-protocol-structural-factorial__f31c2a6e/complete_gsm8k__q3_l2r_common_factorial_f31c2a6e_AC-ALG1_POLD-S16-B16-U2_seed73__AC-ALG1_s73.json,9cec383f41e4ec727d618d956bfbd788579c62152dfa408ec59b27bdc84578ed
q3_l2r_common_factorial_f31c2a6e_AC-ALG1_POLD-S16-B16-U4_seed31,f31c2a6e,qwen3-1.7b-base,AC-ALG1,31,gsm8k,5106.5,1,NVIDIA H100 80GB HBM3,1.4184722222222221,c5c43306c589a4feb6042d67c5fbe3ebf62207081c395c3c01c040124a79c5cf,research_repository/ResultsArchive/incoming/common-protocol-structural-factorial__f31c2a6e/cell_result_gsm8k__q3_l2r_common_factorial_f31c2a6e_AC-ALG1_POLD-S16-B16-U4_seed31__AC-ALG1_s31.json,76dfcbc6a2de56117d23164f87c640421ca7282bfcde68a07d0c3e1af27fb3aa,research_repository/ResultsArchive/incoming/common-protocol-structural-factorial__f31c2a6e/complete_gsm8k__q3_l2r_common_factorial_f31c2a6e_AC-ALG1_POLD-S16-B16-U4_seed31__AC-ALG1_s31.json,fc740f16a4a5ee413c8b277e8ba272e196f749ead06fd22925cc052b6b85a6bc
q3_l2r_common_factorial_f31c2a6e_AC-ALG1_POLD-S16-B16-U4_seed47,f31c2a6e,qwen3-1.7b-base,AC-ALG1,47,gsm8k,6470.4,1,NVIDIA H100 80GB HBM3,1.7973333333333332,f00dac8f3a74afe9fa41a49fca5726dc5035ae7b44e0aaaeb4c873a14f6f41f4,research_repository/ResultsArchive/incoming/common-protocol-structural-factorial__f31c2a6e/cell_result_gsm8k__q3_l2r_common_factorial_f31c2a6e_AC-ALG1_POLD-S16-B16-U4_seed47__AC-ALG1_s47.json,aa7b56230b9e96f6cc0400fe05dfea2f3aaac9062a3ff9b1164e04194a47a12b,research_repository/ResultsArchive/incoming/common-protocol-structural-factorial__f31c2a6e/complete_gsm8k__q3_l2r_common_factorial_f31c2a6e_AC-ALG1_POLD-S16-B16-U4_seed47__AC-ALG1_s47.json,ca355114ae1bcc160cd4e89834d256f257fed720674ab31f7118e2bcead1ec94
q3_l2r_common_factorial_f31c2a6e_AC-ALG1_POLD-S16-B16-U4_seed73,f31c2a6e,qwen3-1.7b-base,AC-ALG1,73,gsm8k,4822.7,1,NVIDIA H100 80GB HBM3,1.3396388888888888,f9e5b3b94b3784a75896ddb1f47980ed9c4bbf5a0931ac571cdf8bf7440c12d1,research_repository/ResultsArchive/incoming/common-protocol-structural-factorial__f31c2a6e/cell_result_gsm8k__q3_l2r_common_factorial_f31c2a6e_AC-ALG1_POLD-S16-B16-U4_seed73__AC-ALG1_s73.json,a02a97a79cbd7d56aaf3229ebb648498eb8ff0ca9b0079a2b17047fa0c429e74,research_repository/ResultsArchive/incoming/common-protocol-structural-factorial__f31c2a6e/complete_gsm8k__q3_l2r_common_factorial_f31c2a6e_AC-ALG1_POLD-S16-B16-U4_seed73__AC-ALG1_s73.json,85a9f5c6b5ae2dfa6cfd65f5dc1f616c1c86574d6df7d3bf5bf1980b1d671047
q3_l2r_common_factorial_f31c2a6e_AC-ALG1_POLD-S16-B4-U1_seed31,f31c2a6e,qwen3-1.7b-base,AC-ALG1,31,gsm8k,1893.3,1,NVIDIA H100 80GB HBM3,0.5259166666666667,cdb6593f6356494be519844115bc482c280f28db076a802d6938005f3390141e,research_repository/ResultsArchive/incoming/common-protocol-structural-factorial__f31c2a6e/cell_result_gsm8k__q3_l2r_common_factorial_f31c2a6e_AC-ALG1_POLD-S16-B4-U1_seed31__AC-ALG1_s31.json,a0cb7a0d7332cd0f026835b677a6d758dc5d52bea4c642f3ef72272da19bcfbd,research_repository/ResultsArchive/incoming/common-protocol-structural-factorial__f31c2a6e/complete_gsm8k__q3_l2r_common_factorial_f31c2a6e_AC-ALG1_POLD-S16-B4-U1_seed31__AC-ALG1_s31.json,68ed03fd643b4bcfba09248bfab75a81f77abbf4609d709cf87e2173030128a3
q3_l2r_common_factorial_f31c2a6e_AC-ALG1_POLD-S16-B4-U1_seed47,f31c2a6e,qwen3-1.7b-base,AC-ALG1,47,gsm8k,1902.7,1,NVIDIA H100 80GB HBM3,0.5285277777777778,7c114e9c0bc5cacd828d8c4528949c371c65eb32569d45253171686de87d558b,research_repository/ResultsArchive/incoming/common-protocol-structural-factorial__f31c2a6e/cell_result_gsm8k__q3_l2r_common_factorial_f31c2a6e_AC-ALG1_POLD-S16-B4-U1_seed47__AC-ALG1_s47.json,721f6d118b5575d94a5095a5bd4836a4dbf2ba1ff82b9e132ea29e080b7a88df,research_repository/ResultsArchive/incoming/common-protocol-structural-factorial__f31c2a6e/complete_gsm8k__q3_l2r_common_factorial_f31c2a6e_AC-ALG1_POLD-S16-B4-U1_seed47__AC-ALG1_s47.json,6482a29175f5029d2f65e80393e181dbca906158d6630f683d44d82113174422
q3_l2r_common_factorial_f31c2a6e_AC-ALG1_POLD-S16-B4-U1_seed73,f31c2a6e,qwen3-1.7b-base,AC-ALG1,73,gsm8k,1855.0,1,NVIDIA H100 80GB HBM3,0.5152777777777777,0250d4ada069ecfbb96c8e0927c62f2d20eb7445c54e42718cd3722853af4255,research_repository/ResultsArchive/incoming/common-protocol-structural-factorial__f31c2a6e/cell_result_gsm8k__q3_l2r_common_factorial_f31c2a6e_AC-ALG1_POLD-S16-B4-U1_seed73__AC-ALG1_s73.json,a1abfb4c28f8637c2f52525c8c96551f8b44e3480c316730112ad060db7ea56e,research_repository/ResultsArchive/incoming/common-protocol-structural-factorial__f31c2a6e/complete_gsm8k__q3_l2r_common_factorial_f31c2a6e_AC-ALG1_POLD-S16-B4-U1_seed73__AC-ALG1_s73.json,ccc8817f852443b41ec9b28bc4e7879fe342408add980fbccf696910bd7ca1a4
q3_l2r_common_factorial_f31c2a6e_AC-ALG1_POLD-S16-B4-U2_seed31,f31c2a6e,qwen3-1.7b-base,AC-ALG1,31,gsm8k,1937.0,1,NVIDIA H100 80GB HBM3,0.5380555555555555,5687db7541aaea921b5aed50067012b6ca08ebfc8c8b7d949aac0673ebd0aa5b,research_repository/ResultsArchive/incoming/common-protocol-structural-factorial__f31c2a6e/cell_result_gsm8k__q3_l2r_common_factorial_f31c2a6e_AC-ALG1_POLD-S16-B4-U2_seed31__AC-ALG1_s31.json,8f2c217ca979672381728e2d1e5dd9f4db7d925eb10d082bd654c893f5b8fe55,research_repository/ResultsArchive/incoming/common-protocol-structural-factorial__f31c2a6e/complete_gsm8k__q3_l2r_common_factorial_f31c2a6e_AC-ALG1_POLD-S16-B4-U2_seed31__AC-ALG1_s31.json,65587e14513cc414df26716b40a3e5b698c0b4723d5eac7e6a3596f8d5b8af21
q3_l2r_common_factorial_f31c2a6e_AC-ALG1_POLD-S16-B4-U2_seed47,f31c2a6e,qwen3-1.7b-base,AC-ALG1,47,gsm8k,2720.9,1,NVIDIA H100 80GB HBM3,0.7558055555555556,c7b9215d4f383a9daf723d6752226676294884006f4da0bda92268f4f0c992bd,research_repository/ResultsArchive/incoming/common-protocol-structural-factorial__f31c2a6e/cell_result_gsm8k__q3_l2r_common_factorial_f31c2a6e_AC-ALG1_POLD-S16-B4-U2_seed47__AC-ALG1_s47.json,4ae970391c48e9933ed9f0b9eccbce9260befb958a3f9f1fd64545652e4dca74,research_repository/ResultsArchive/incoming/common-protocol-structural-factorial__f31c2a6e/complete_gsm8k__q3_l2r_common_factorial_f31c2a6e_AC-ALG1_POLD-S16-B4-U2_seed47__AC-ALG1_s47.json,3f0c9c42530faf94549f7c795dbdbbd5bb6fd0599b204fe47cec099398e20ef0
q3_l2r_common_factorial_f31c2a6e_AC-ALG1_POLD-S16-B4-U2_seed73,f31c2a6e,qwen3-1.7b-base,AC-ALG1,73,gsm8k,1862.8,1,NVIDIA H100 80GB HBM3,0.5174444444444445,d51d1c586b0804e4c47639d8a9a5d2371488560bd5431fbe3c516bbba757ffa5,research_repository/ResultsArchive/incoming/common-protocol-structural-factorial__f31c2a6e/cell_result_gsm8k__q3_l2r_common_factorial_f31c2a6e_AC-ALG1_POLD-S16-B4-U2_seed73__AC-ALG1_s73.json,7b6211843371059885aa3a4d7d6d483f52eb4af04f745758e1ac7f84d218a564,research_repository/ResultsArchive/incoming/common-protocol-structural-factorial__f31c2a6e/complete_gsm8k__q3_l2r_common_factorial_f31c2a6e_AC-ALG1_POLD-S16-B4-U2_seed73__AC-ALG1_s73.json,35f1b705093ad9568a6d4be7a9fde3c757d549568b384aad15c494adee72eabc
q3_l2r_common_factorial_f31c2a6e_AC-ALG1_POLD-S16-B4-U4_seed31,f31c2a6e,qwen3-1.7b-base,AC-ALG1,31,gsm8k,2368.4,1,NVIDIA H100 80GB HBM3,0.657888888888889,3588b28bda76066c8f89513ea6945eefed7cb676626eb1ac49f1f7daa32c3458,research_repository/ResultsArchive/incoming/common-protocol-structural-factorial__f31c2a6e/cell_result_gsm8k__q3_l2r_common_factorial_f31c2a6e_AC-ALG1_POLD-S16-B4-U4_seed31__AC-ALG1_s31.json,c755070229c0f8f97305d1cc6f222ea57365e0ad6a4013dd025e45dfe5219b96,research_repository/ResultsArchive/incoming/common-protocol-structural-factorial__f31c2a6e/complete_gsm8k__q3_l2r_common_factorial_f31c2a6e_AC-ALG1_POLD-S16-B4-U4_seed31__AC-ALG1_s31.json,6619b0a39c1ff3a73b78bf140fcc15f69ef778f0163cf9c429b456a9783ff73f
q3_l2r_common_factorial_f31c2a6e_AC-ALG1_POLD-S16-B4-U4_seed47,f31c2a6e,qwen3-1.7b-base,AC-ALG1,47,gsm8k,2541.0,1,NVIDIA H100 80GB HBM3,0.7058333333333333,5552f848d85168916e9f54c027669230d6fe38c8b9b51575173c187b531737a9,research_repository/ResultsArchive/incoming/common-protocol-structural-factorial__f31c2a6e/cell_result_gsm8k__q3_l2r_common_factorial_f31c2a6e_AC-ALG1_POLD-S16-B4-U4_seed47__AC-ALG1_s47.json,9ea322c7fd71a05fc9f6db3a4f1d7a0cc5002015a752f8499658de147ca51e42,research_repository/ResultsArchive/incoming/common-protocol-structural-factorial__f31c2a6e/complete_gsm8k__q3_l2r_common_factorial_f31c2a6e_AC-ALG1_POLD-S16-B4-U4_seed47__AC-ALG1_s47.json,70b9a8a19b533693d2c6fd38b0f51ce156154870465e0473c46cf70ce29cea90
q3_l2r_common_factorial_f31c2a6e_AC-ALG1_POLD-S16-B4-U4_seed73,f31c2a6e,qwen3-1.7b-base,AC-ALG1,73,gsm8k,2662.9,1,NVIDIA H100 80GB HBM3,0.7396944444444444,6aadb3b186b7f6602cbe0ccbd280665a889b6cda46242699292472ec59e42fd9,research_repository/ResultsArchive/incoming/common-protocol-structural-factorial__f31c2a6e/cell_result_gsm8k__q3_l2r_common_factorial_f31c2a6e_AC-ALG1_POLD-S16-B4-U4_seed73__AC-ALG1_s73.json,b23884919f7b36889435597f045d22733c1c141887722323bad90b6a16fc647d,research_repository/ResultsArchive/incoming/common-protocol-structural-factorial__f31c2a6e/complete_gsm8k__q3_l2r_common_factorial_f31c2a6e_AC-ALG1_POLD-S16-B4-U4_seed73__AC-ALG1_s73.json,ad44ecca6daacf458a3e3ac8f9d087307ec4e88bb03b08801d3d4e7cba018424
q3_l2r_common_factorial_f31c2a6e_AC-ALG1_POLD-S16-B8-U1_seed31,f31c2a6e,qwen3-1.7b-base,AC-ALG1,31,gsm8k,2852.7,1,NVIDIA H100 80GB HBM3,0.7924166666666667,6c38d9ee219667cdf17b1cf982a6f10bb27f538cce7763c449b35838ee6061c2,research_repository/ResultsArchive/incoming/common-protocol-structural-factorial__f31c2a6e/cell_result_gsm8k__q3_l2r_common_factorial_f31c2a6e_AC-ALG1_POLD-S16-B8-U1_seed31__AC-ALG1_s31.json,480063c6f1f9cc3db9dcfcb98749c11ba70a1e1f75d5137b868459d53f3eb8bb,research_repository/ResultsArchive/incoming/common-protocol-structural-factorial__f31c2a6e/complete_gsm8k__q3_l2r_common_factorial_f31c2a6e_AC-ALG1_POLD-S16-B8-U1_seed31__AC-ALG1_s31.json,a926468726951d6e06ea558ce58651c148a417ac2b8f9876a7179256097ee718
q3_l2r_common_factorial_f31c2a6e_AC-ALG1_POLD-S16-B8-U1_seed47,f31c2a6e,qwen3-1.7b-base,AC-ALG1,47,gsm8k,3058.8,1,NVIDIA H100 80GB HBM3,0.8496666666666667,602d66e8492d757133e87e209b43defb5331c5f874102656901e71da1c7e91cb,research_repository/ResultsArchive/incoming/common-protocol-structural-factorial__f31c2a6e/cell_result_gsm8k__q3_l2r_common_factorial_f31c2a6e_AC-ALG1_POLD-S16-B8-U1_seed47__AC-ALG1_s47.json,4c7fdb1d0bbf5dda43ebccb7dba1bea04b7a33e33c9025b4d1da22d94a330a04,research_repository/ResultsArchive/incoming/common-protocol-structural-factorial__f31c2a6e/complete_gsm8k__q3_l2r_common_factorial_f31c2a6e_AC-ALG1_POLD-S16-B8-U1_seed47__AC-ALG1_s47.json,3a7947817a5117c78f4e5267d4b6bbca4e5c60f5b5f87acaf7cb5af1bfe817e6
q3_l2r_common_factorial_f31c2a6e_AC-ALG1_POLD-S16-B8-U1_seed73,f31c2a6e,qwen3-1.7b-base,AC-ALG1,73,gsm8k,2698.3,1,NVIDIA H100 80GB HBM3,0.7495277777777778,2df23be6ac8a14e8a55d26ec04d0b0448b9291f20caba3733190c0e6ae1a4bef,research_repository/ResultsArchive/incoming/common-protocol-structural-factorial__f31c2a6e/cell_result_gsm8k__q3_l2r_common_factorial_f31c2a6e_AC-ALG1_POLD-S16-B8-U1_seed73__AC-ALG1_s73.json,fd36a049d5fb985956a17542c3acd46835583c4361faf32e12e96dd87990a76e,research_repository/ResultsArchive/incoming/common-protocol-structural-factorial__f31c2a6e/complete_gsm8k__q3_l2r_common_factorial_f31c2a6e_AC-ALG1_POLD-S16-B8-U1_seed73__AC-ALG1_s73.json,03ff59250b000336c117ffa88dea5e21942ad7d80d47d194f65032488c0f44b3
q3_l2r_common_factorial_f31c2a6e_AC-ALG1_POLD-S16-B8-U2_seed31,f31c2a6e,qwen3-1.7b-base,AC-ALG1,31,gsm8k,2993.1,1,NVIDIA H100 80GB HBM3,0.8314166666666667,9ecc30563c83610398da413381d96f38c7e722f8c068669437623b5d037c523f,research_repository/ResultsArchive/incoming/common-protocol-structural-factorial__f31c2a6e/cell_result_gsm8k__q3_l2r_common_factorial_f31c2a6e_AC-ALG1_POLD-S16-B8-U2_seed31__AC-ALG1_s31.json,882020a42e215b35637139530eeaa39206b5d45ae2807b890080df868f4cf179,research_repository/ResultsArchive/incoming/common-protocol-structural-factorial__f31c2a6e/complete_gsm8k__q3_l2r_common_factorial_f31c2a6e_AC-ALG1_POLD-S16-B8-U2_seed31__AC-ALG1_s31.json,52fdb25406b2981f51263cd4d2079d6f3ae616a73abfadeed15b618dc0202a81
q3_l2r_common_factorial_f31c2a6e_AC-ALG1_POLD-S16-B8-U2_seed47,f31c2a6e,qwen3-1.7b-base,AC-ALG1,47,gsm8k,3175.3,1,NVIDIA H100 80GB HBM3,0.8820277777777779,8933c5b13ef8c77b52c42c9b564655eaa02993d4cad716dfc3f92407f0ed94d3,research_repository/ResultsArchive/incoming/common-protocol-structural-factorial__f31c2a6e/cell_result_gsm8k__q3_l2r_common_factorial_f31c2a6e_AC-ALG1_POLD-S16-B8-U2_seed47__AC-ALG1_s47.json,276f7a411b22cc8c5db6c84e5c0d3b224ac744f2c9caa47d958ab28283a60cc1,research_repository/ResultsArchive/incoming/common-protocol-structural-factorial__f31c2a6e/complete_gsm8k__q3_l2r_common_factorial_f31c2a6e_AC-ALG1_POLD-S16-B8-U2_seed47__AC-ALG1_s47.json,d525180913de9052b265e921c90a63eaae1880266353466d08672fbb640af7f6
q3_l2r_common_factorial_f31c2a6e_AC-ALG1_POLD-S16-B8-U2_seed73,f31c2a6e,qwen3-1.7b-base,AC-ALG1,73,gsm8k,3134.0,1,NVIDIA H100 80GB HBM3,0.8705555555555555,2328ba1ae1466499d4fe10a6cd0a80871d23c5038c428945fbcfcd57ee78efd8,research_repository/ResultsArchive/incoming/common-protocol-structural-factorial__f31c2a6e/cell_result_gsm8k__q3_l2r_common_factorial_f31c2a6e_AC-ALG1_POLD-S16-B8-U2_seed73__AC-ALG1_s73.json,e3de7fcd38d1654fbdd7f4e846245b6a0096e23c5edf2852157738d550326f51,research_repository/ResultsArchive/incoming/common-protocol-structural-factorial__f31c2a6e/complete_gsm8k__q3_l2r_common_factorial_f31c2a6e_AC-ALG1_POLD-S16-B8-U2_seed73__AC-ALG1_s73.json,a0aa131dc5acce3aa25870ed240b9103982da217d2302945f56a306d97fcb032
q3_l2r_common_factorial_f31c2a6e_AC-ALG1_POLD-S16-B8-U4_seed31,f31c2a6e,qwen3-1.7b-base,AC-ALG1,31,gsm8k,4118.4,1,NVIDIA H100 80GB HBM3,1.144,2336efc66a5b70c7952168a5760dcb001c8290e70b44d010816c5c66e7ba4c21,research_repository/ResultsArchive/incoming/common-protocol-structural-factorial__f31c2a6e/cell_result_gsm8k__q3_l2r_common_factorial_f31c2a6e_AC-ALG1_POLD-S16-B8-U4_seed31__AC-ALG1_s31.json,eebbda643f1f4c440e090b6885d6c1d91afcb7aa34de9f0d040a0bcfe4c172f7,research_repository/ResultsArchive/incoming/common-protocol-structural-factorial__f31c2a6e/complete_gsm8k__q3_l2r_common_factorial_f31c2a6e_AC-ALG1_POLD-S16-B8-U4_seed31__AC-ALG1_s31.json,06301e9939524031dc96b54e6884e799dc8984afde91a5729443c483a08d0ede
q3_l2r_common_factorial_f31c2a6e_AC-ALG1_POLD-S16-B8-U4_seed47,f31c2a6e,qwen3-1.7b-base,AC-ALG1,47,gsm8k,3214.6,1,NVIDIA H100 80GB HBM3,0.8929444444444444,f21a3b72ad881cf2904da5420d098c1c20a8d5b4b4204d59782908e3473b95a3,research_repository/ResultsArchive/incoming/common-protocol-structural-factorial__f31c2a6e/cell_result_gsm8k__q3_l2r_common_factorial_f31c2a6e_AC-ALG1_POLD-S16-B8-U4_seed47__AC-ALG1_s47.json,f099cc90a3fffc48c4888c1f034f8528244548c8b97caa28b56a8690d346ef8d,research_repository/ResultsArchive/incoming/common-protocol-structural-factorial__f31c2a6e/complete_gsm8k__q3_l2r_common_factorial_f31c2a6e_AC-ALG1_POLD-S16-B8-U4_seed47__AC-ALG1_s47.json,c3e94c7804604ec3fe8081801f8c34f48d0f7c01c402828327d128ee15d34d40
q3_l2r_common_factorial_f31c2a6e_AC-ALG1_POLD-S16-B8-U4_seed73,f31c2a6e,qwen3-1.7b-base,AC-ALG1,73,gsm8k,3942.2,1,NVIDIA H100 80GB HBM3,1.0950555555555554,1ce1c9b0426b332ea53d293b40b9fdce845c4d87a6924e1009026309a4646fd0,research_repository/ResultsArchive/incoming/common-protocol-structural-factorial__f31c2a6e/cell_result_gsm8k__q3_l2r_common_factorial_f31c2a6e_AC-ALG1_POLD-S16-B8-U4_seed73__AC-ALG1_s73.json,e7347c5aa8c00bda4f178a3523064195dfadcbbd05cf9d98910dbb7cd4cb92a1,research_repository/ResultsArchive/incoming/common-protocol-structural-factorial__f31c2a6e/complete_gsm8k__q3_l2r_common_factorial_f31c2a6e_AC-ALG1_POLD-S16-B8-U4_seed73__AC-ALG1_s73.json,78109d19bb5e8e5e6b1f1059ce47f8f75f16f52f113a876caa1b9e25b9bad03f
q3_l2r_common_factorial_f31c2a6e_AC-ALG1_POLD-S32-B16-U1_seed31,f31c2a6e,qwen3-1.7b-base,AC-ALG1,31,gsm8k,7761.5,1,NVIDIA H100 80GB HBM3,2.155972222222222,7f04ab09bafd79a1e84ac922ebc394025cad0c257cc1af455d19d76ecd1b0ac1,research_repository/ResultsArchive/incoming/common-protocol-structural-factorial__f31c2a6e/cell_result_gsm8k__q3_l2r_common_factorial_f31c2a6e_AC-ALG1_POLD-S32-B16-U1_seed31__AC-ALG1_s31.json,5b9c94ec6ff5e8495c857dcc570b42c4657da807dc09cc9916a0667194afa0ec,research_repository/ResultsArchive/incoming/common-protocol-structural-factorial__f31c2a6e/complete_gsm8k__q3_l2r_common_factorial_f31c2a6e_AC-ALG1_POLD-S32-B16-U1_seed31__AC-ALG1_s31.json,5c6a1b51984a9fe6bb3abf7290285b17d3cb465ead34d588fef41035d5a52a42
q3_l2r_common_factorial_f31c2a6e_AC-ALG1_POLD-S32-B16-U1_seed47,f31c2a6e,qwen3-1.7b-base,AC-ALG1,47,gsm8k,8157.4,1,NVIDIA H100 80GB HBM3,2.2659444444444445,6a66375de5a4b911931bbb3b510f2fee907199c90d14268c9bfa82aa77dc5831,research_repository/ResultsArchive/incoming/common-protocol-structural-factorial__f31c2a6e/cell_result_gsm8k__q3_l2r_common_factorial_f31c2a6e_AC-ALG1_POLD-S32-B16-U1_seed47__AC-ALG1_s47.json,17ace241e0f8e0ce52012ab17422f179f26b7083bf5864ae052a28c36ca64358,research_repository/ResultsArchive/incoming/common-protocol-structural-factorial__f31c2a6e/complete_gsm8k__q3_l2r_common_factorial_f31c2a6e_AC-ALG1_POLD-S32-B16-U1_seed47__AC-ALG1_s47.json,43363cf85dfb1b9f05312af52cec01f141aea3ef74354bb043ef61a78a7a268b
q3_l2r_common_factorial_f31c2a6e_AC-ALG1_POLD-S32-B16-U1_seed73,f31c2a6e,qwen3-1.7b-base,AC-ALG1,73,gsm8k,6624.8,1,NVIDIA H100 80GB HBM3,1.8402222222222222,f3eba0d4070f37c2713d904d9c5109f65bd94f866e92cdec80130d97f3c4fb24,research_repository/ResultsArchive/incoming/common-protocol-structural-factorial__f31c2a6e/cell_result_gsm8k__q3_l2r_common_factorial_f31c2a6e_AC-ALG1_POLD-S32-B16-U1_seed73__AC-ALG1_s73.json,c316bf1c24de648a93377aebfc25434b2927910f057b366206f1ecaf86176d00,research_repository/ResultsArchive/incoming/common-protocol-structural-factorial__f31c2a6e/complete_gsm8k__q3_l2r_common_factorial_f31c2a6e_AC-ALG1_POLD-S32-B16-U1_seed73__AC-ALG1_s73.json,c9bd3903d2923b4da3ad3c5f70d3c603e44e17d5bb705d31cda18e9730b80635
q3_l2r_common_factorial_f31c2a6e_AC-ALG1_POLD-S32-B16-U2_seed31,f31c2a6e,qwen3-1.7b-base,AC-ALG1,31,gsm8k,7602.1,1,NVIDIA H100 80GB HBM3,2.1116944444444448,f9ffa06dcbea337d7d356b19e8b4d72f72a466d4560a4878c3ea9194640a8640,research_repository/ResultsArchive/incoming/common-protocol-structural-factorial__f31c2a6e/cell_result_gsm8k__q3_l2r_common_factorial_f31c2a6e_AC-ALG1_POLD-S32-B16-U2_seed31__AC-ALG1_s31.json,3111f2d56c2ba928562adee93bde73f292e9f22de6a24ed92e3e90ce2cd43836,research_repository/ResultsArchive/incoming/common-protocol-structural-factorial__f31c2a6e/complete_gsm8k__q3_l2r_common_factorial_f31c2a6e_AC-ALG1_POLD-S32-B16-U2_seed31__AC-ALG1_s31.json,ff735270369d5aa523508e5afe61ac322dc6306288f268ab55215674f90b12c5
q3_l2r_common_factorial_f31c2a6e_AC-ALG1_POLD-S32-B16-U2_seed47,f31c2a6e,qwen3-1.7b-base,AC-ALG1,47,gsm8k,8654.7,1,NVIDIA H100 80GB HBM3,2.4040833333333333,95e86b94d6819cff57e94b0c808bc9000f8eac4e385ae0612f1898e358cbdb90,research_repository/ResultsArchive/incoming/common-protocol-structural-factorial__f31c2a6e/cell_result_gsm8k__q3_l2r_common_factorial_f31c2a6e_AC-ALG1_POLD-S32-B16-U2_seed47__AC-ALG1_s47.json,a9f84f252d749fb5f941fc1c3b9dc225639c8a45c880f6a2a9b03d1ae12345a2,research_repository/ResultsArchive/incoming/common-protocol-structural-factorial__f31c2a6e/complete_gsm8k__q3_l2r_common_factorial_f31c2a6e_AC-ALG1_POLD-S32-B16-U2_seed47__AC-ALG1_s47.json,1e7e0d084aae74374aca71b86a235ad42793545d40ba59cef618a0929267e892
q3_l2r_common_factorial_f31c2a6e_AC-ALG1_POLD-S32-B16-U2_seed73,f31c2a6e,qwen3-1.7b-base,AC-ALG1,73,gsm8k,7088.3,1,NVIDIA H100 80GB HBM3,1.9689722222222223,b1a55c560b62dba1e4dffe369a0549364d4324f8a7831cc4c3438ac5a9b40393,research_repository/ResultsArchive/incoming/common-protocol-structural-factorial__f31c2a6e/cell_result_gsm8k__q3_l2r_common_factorial_f31c2a6e_AC-ALG1_POLD-S32-B16-U2_seed73__AC-ALG1_s73.json,c62a28d267eabd45279e0dc5cde3d72d2df8c1e1d5c356a0e00adc4390d34c65,research_repository/ResultsArchive/incoming/common-protocol-structural-factorial__f31c2a6e/complete_gsm8k__q3_l2r_common_factorial_f31c2a6e_AC-ALG1_POLD-S32-B16-U2_seed73__AC-ALG1_s73.json,84012ec1240cc989825facc0757b5c0bc097652ad50ddc5f46c2d01609a517a9
q3_l2r_common_factorial_f31c2a6e_AC-ALG1_POLD-S32-B16-U4_seed31,f31c2a6e,qwen3-1.7b-base,AC-ALG1,31,gsm8k,8662.0,1,NVIDIA H100 80GB HBM3,2.406111111111111,4671f17c04d53ed0bd62d8e19958246276df968bcf9cf5b1f361b0b687e31e7b,research_repository/ResultsArchive/incoming/common-protocol-structural-factorial__f31c2a6e/cell_result_gsm8k__q3_l2r_common_factorial_f31c2a6e_AC-ALG1_POLD-S32-B16-U4_seed31__AC-ALG1_s31.json,c5e02a43f240bb7d66be89e2d1c0da8ee52bf1b245ad3a27c0b796e09c7695d4,research_repository/ResultsArchive/incoming/common-protocol-structural-factorial__f31c2a6e/complete_gsm8k__q3_l2r_common_factorial_f31c2a6e_AC-ALG1_POLD-S32-B16-U4_seed31__AC-ALG1_s31.json,518368c7eccb4002d9dc6a408f16370e7094177a419e0b98c64dfefe9ea55096
q3_l2r_common_factorial_f31c2a6e_AC-ALG1_POLD-S32-B16-U4_seed47,f31c2a6e,qwen3-1.7b-base,AC-ALG1,47,gsm8k,9561.1,1,NVIDIA H100 80GB HBM3,2.6558611111111112,c1e2740cd79fa7b5050d323f2a910442f43cafece4cbbbfcbc0f03695f171ad1,research_repository/ResultsArchive/incoming/common-protocol-structural-factorial__f31c2a6e/cell_result_gsm8k__q3_l2r_common_factorial_f31c2a6e_AC-ALG1_POLD-S32-B16-U4_seed47__AC-ALG1_s47.json,08a11ecd1d64a25ab4e93e8450281c7090ae451d3f3a667dbc6b9c821e7d696e,research_repository/ResultsArchive/incoming/common-protocol-structural-factorial__f31c2a6e/complete_gsm8k__q3_l2r_common_factorial_f31c2a6e_AC-ALG1_POLD-S32-B16-U4_seed47__AC-ALG1_s47.json,0c03c0b50ed162b716dc5b511a04b767d17378b4c1140e70f8397fdcaf3ee985
q3_l2r_common_factorial_f31c2a6e_AC-ALG1_POLD-S32-B16-U4_seed73,f31c2a6e,qwen3-1.7b-base,AC-ALG1,73,gsm8k,8525.2,1,NVIDIA H100 80GB HBM3,2.3681111111111113,9d86e51a2905a8cea21d69a792849dfb13437d3b4d6d456c1a23b126f49c3de5,research_repository/ResultsArchive/incoming/common-protocol-structural-factorial__f31c2a6e/cell_result_gsm8k__q3_l2r_common_factorial_f31c2a6e_AC-ALG1_POLD-S32-B16-U4_seed73__AC-ALG1_s73.json,f6337155e715900fcce477a7edaffdb40b83230c1eae51a9bb8b767281548f88,research_repository/ResultsArchive/incoming/common-protocol-structural-factorial__f31c2a6e/complete_gsm8k__q3_l2r_common_factorial_f31c2a6e_AC-ALG1_POLD-S32-B16-U4_seed73__AC-ALG1_s73.json,0b6bf1e3ae596cf01d297248d969b86fdea903b89dfb4d615220acbf363efbd6
q3_l2r_common_factorial_f31c2a6e_AC-ALG1_POLD-S32-B4-U1_seed31,f31c2a6e,qwen3-1.7b-base,AC-ALG1,31,gsm8k,3163.7,1,NVIDIA H100 80GB HBM3,0.8788055555555555,a95c132d1025177fe6d0f9e67c0343401dd70e7370598a39c024a15e34f01f0d,research_repository/ResultsArchive/incoming/common-protocol-structural-factorial__f31c2a6e/cell_result_gsm8k__q3_l2r_common_factorial_f31c2a6e_AC-ALG1_POLD-S32-B4-U1_seed31__AC-ALG1_s31.json,b8cbe2e5f4d19535b569bd53a5932aa4831082d1ae2c33a703a6baa4b73906bd,research_repository/ResultsArchive/incoming/common-protocol-structural-factorial__f31c2a6e/complete_gsm8k__q3_l2r_common_factorial_f31c2a6e_AC-ALG1_POLD-S32-B4-U1_seed31__AC-ALG1_s31.json,e44fc9d3f676c03cfb6fa706c0d6268c22a7b5868ccef2b4f35049786601fbb4
q3_l2r_common_factorial_f31c2a6e_AC-ALG1_POLD-S32-B4-U1_seed47,f31c2a6e,qwen3-1.7b-base,AC-ALG1,47,gsm8k,2727.3,1,NVIDIA H100 80GB HBM3,0.7575833333333334,fde6e83f02f702510f0b93c2af3bc636f3a88b55cb1b272e2daf505ea2c8c915,research_repository/ResultsArchive/incoming/common-protocol-structural-factorial__f31c2a6e/cell_result_gsm8k__q3_l2r_common_factorial_f31c2a6e_AC-ALG1_POLD-S32-B4-U1_seed47__AC-ALG1_s47.json,5d3471299d020a3e5464914e23a2b5c7b3a905417c49be08dbb9ac56d84c0d3b,research_repository/ResultsArchive/incoming/common-protocol-structural-factorial__f31c2a6e/complete_gsm8k__q3_l2r_common_factorial_f31c2a6e_AC-ALG1_POLD-S32-B4-U1_seed47__AC-ALG1_s47.json,7875b8592acc9a71b0898dd069a54459b6b6c3e953606740a71907ea19616fb1
q3_l2r_common_factorial_f31c2a6e_AC-ALG1_POLD-S32-B4-U1_seed73,f31c2a6e,qwen3-1.7b-base,AC-ALG1,73,gsm8k,2513.8,1,NVIDIA H100 80GB HBM3,0.6982777777777778,286c7c0da6d170534c23be2832108e864c3d223ecbaae9c0228c576294e5a696,research_repository/ResultsArchive/incoming/common-protocol-structural-factorial__f31c2a6e/cell_result_gsm8k__q3_l2r_common_factorial_f31c2a6e_AC-ALG1_POLD-S32-B4-U1_seed73__AC-ALG1_s73.json,a036ebfb837e8e6acc85007914e65902fe76e7e53d250a8add6902e9d3b2d92c,research_repository/ResultsArchive/incoming/common-protocol-structural-factorial__f31c2a6e/complete_gsm8k__q3_l2r_common_factorial_f31c2a6e_AC-ALG1_POLD-S32-B4-U1_seed73__AC-ALG1_s73.json,42958867dafcaf54a5521d21f6438baaba186ee39c0ccc332c8fbbfc1e063ccb
q3_l2r_common_factorial_f31c2a6e_AC-ALG1_POLD-S32-B4-U2_seed31,f31c2a6e,qwen3-1.7b-base,AC-ALG1,31,gsm8k,3124.8,1,NVIDIA H100 80GB HBM3,0.8680000000000001,cae6fd538d3a2309889265aaf8e523aa31de472269f81a3be1ca007ac0d3f463,research_repository/ResultsArchive/incoming/common-protocol-structural-factorial__f31c2a6e/cell_result_gsm8k__q3_l2r_common_factorial_f31c2a6e_AC-ALG1_POLD-S32-B4-U2_seed31__AC-ALG1_s31.json,fec59835fcb49244613ec1ccc32871785730e31e48df37adccd964c8ca9e81ea,research_repository/ResultsArchive/incoming/common-protocol-structural-factorial__f31c2a6e/complete_gsm8k__q3_l2r_common_factorial_f31c2a6e_AC-ALG1_POLD-S32-B4-U2_seed31__AC-ALG1_s31.json,3e033a6b69e74574f3b098a563d77afe67e81942f7c24e4ac1f4469f6337cc30
q3_l2r_common_factorial_f31c2a6e_AC-ALG1_POLD-S32-B4-U2_seed47,f31c2a6e,qwen3-1.7b-base,AC-ALG1,47,gsm8k,3303.5,1,NVIDIA H100 80GB HBM3,0.9176388888888889,25c097b75ba5c8775a752145194404bf5e24139184222f839d15efdb261e5d0a,research_repository/ResultsArchive/incoming/common-protocol-structural-factorial__f31c2a6e/cell_result_gsm8k__q3_l2r_common_factorial_f31c2a6e_AC-ALG1_POLD-S32-B4-U2_seed47__AC-ALG1_s47.json,a32216662d3b8e035a40f95ac4a1a2a0f53dde2ff71d50bbbcbf4f8675a70bde,research_repository/ResultsArchive/incoming/common-protocol-structural-factorial__f31c2a6e/complete_gsm8k__q3_l2r_common_factorial_f31c2a6e_AC-ALG1_POLD-S32-B4-U2_seed47__AC-ALG1_s47.json,218b266c81426aeeda48492aaaa66415cc5914f536bba60d926aef48994686c9
q3_l2r_common_factorial_f31c2a6e_AC-ALG1_POLD-S32-B4-U2_seed73,f31c2a6e,qwen3-1.7b-base,AC-ALG1,73,gsm8k,3050.2,1,NVIDIA H100 80GB HBM3,0.8472777777777777,3293c68f0e79e3a5aadc9d17a50276e61de4a75906309c64687474d4034e345f,research_repository/ResultsArchive/incoming/common-protocol-structural-factorial__f31c2a6e/cell_result_gsm8k__q3_l2r_common_factorial_f31c2a6e_AC-ALG1_POLD-S32-B4-U2_seed73__AC-ALG1_s73.json,c47fe6c81981e7a8a32b1cbd57a6f3d289effa5d7d97e601ffa90adb625a2750,research_repository/ResultsArchive/incoming/common-protocol-structural-factorial__f31c2a6e/complete_gsm8k__q3_l2r_common_factorial_f31c2a6e_AC-ALG1_POLD-S32-B4-U2_seed73__AC-ALG1_s73.json,402ea8860504d29d98d2ade487b65fb57cfa03b0de3ecc61162ac4049d605956
q3_l2r_common_factorial_f31c2a6e_AC-ALG1_POLD-S32-B4-U4_seed31,f31c2a6e,qwen3-1.7b-base,AC-ALG1,31,gsm8k,3429.2,1,NVIDIA H100 80GB HBM3,0.9525555555555555,6a94c5ccc321fe266f7f62e9910924d5264c161a014045d6e2d42d9a0b1efbb1,research_repository/ResultsArchive/incoming/common-protocol-structural-factorial__f31c2a6e/cell_result_gsm8k__q3_l2r_common_factorial_f31c2a6e_AC-ALG1_POLD-S32-B4-U4_seed31__AC-ALG1_s31.json,0bb043d86d97630505ed7dd8b23f0af4278a581ea808fab73ab9c47e48e4d1ea,research_repository/ResultsArchive/incoming/common-protocol-structural-factorial__f31c2a6e/complete_gsm8k__q3_l2r_common_factorial_f31c2a6e_AC-ALG1_POLD-S32-B4-U4_seed31__AC-ALG1_s31.json,36e3708c5880438c6301f5bd0d7fdb531b407afd5a31a952e0fcdd1e7f17776a
q3_l2r_common_factorial_f31c2a6e_AC-ALG1_POLD-S32-B4-U4_seed47,f31c2a6e,qwen3-1.7b-base,AC-ALG1,47,gsm8k,3527.0,1,NVIDIA H100 80GB HBM3,0.9797222222222223,c81585118f690fba86ead50d35abc5e8c24795528bf44e21b9062598c5864510,research_repository/ResultsArchive/incoming/common-protocol-structural-factorial__f31c2a6e/cell_result_gsm8k__q3_l2r_common_factorial_f31c2a6e_AC-ALG1_POLD-S32-B4-U4_seed47__AC-ALG1_s47.json,22a8279bac3c749224600f7ebc15a1f5ee0232a3e793dad93a8382e2ae3644ea,research_repository/ResultsArchive/incoming/common-protocol-structural-factorial__f31c2a6e/complete_gsm8k__q3_l2r_common_factorial_f31c2a6e_AC-ALG1_POLD-S32-B4-U4_seed47__AC-ALG1_s47.json,dadb5c96c30a30564870db8b4ca888727320f0b21de7a5e38c37d36fcf75f98f
q3_l2r_common_factorial_f31c2a6e_AC-ALG1_POLD-S32-B4-U4_seed73,f31c2a6e,qwen3-1.7b-base,AC-ALG1,73,gsm8k,3343.0,1,NVIDIA H100 80GB HBM3,0.9286111111111112,5bd53b93d0cbc2101d25c09a08d33b1793798c2687f985748ecae176672a9298,research_repository/ResultsArchive/incoming/common-protocol-structural-factorial__f31c2a6e/cell_result_gsm8k__q3_l2r_common_factorial_f31c2a6e_AC-ALG1_POLD-S32-B4-U4_seed73__AC-ALG1_s73.json,d452f3fd6b0da24797e88a03966fc7dcf913875cbc3cc93d2a9ce878139668cc,research_repository/ResultsArchive/incoming/common-protocol-structural-factorial__f31c2a6e/complete_gsm8k__q3_l2r_common_factorial_f31c2a6e_AC-ALG1_POLD-S32-B4-U4_seed73__AC-ALG1_s73.json,f88ec8911611e2076bb451227540eac5794771d884de82f414bd650cabcf8bc3
q3_l2r_common_factorial_f31c2a6e_AC-ALG1_POLD-S32-B8-U1_seed31,f31c2a6e,qwen3-1.7b-base,AC-ALG1,31,gsm8k,3944.3,1,NVIDIA H100 80GB HBM3,1.0956388888888888,f1e87f4ab226e15e973de83e3a8b5b080888c969a29ecc4b2cbc69524c9e9cf9,research_repository/ResultsArchive/incoming/common-protocol-structural-factorial__f31c2a6e/cell_result_gsm8k__q3_l2r_common_factorial_f31c2a6e_AC-ALG1_POLD-S32-B8-U1_seed31__AC-ALG1_s31.json,ae7a0d9c5c9b9ff73926809df54015717f11c4c75ff1f90983c3f93b7ba05181,research_repository/ResultsArchive/incoming/common-protocol-structural-factorial__f31c2a6e/complete_gsm8k__q3_l2r_common_factorial_f31c2a6e_AC-ALG1_POLD-S32-B8-U1_seed31__AC-ALG1_s31.json,dc6de041175ec99cb81c7670d2d5f451fd1fedaf8956a76730b7371c507e2722
q3_l2r_common_factorial_f31c2a6e_AC-ALG1_POLD-S32-B8-U1_seed47,f31c2a6e,qwen3-1.7b-base,AC-ALG1,47,gsm8k,4240.7,1,NVIDIA H100 80GB HBM3,1.1779722222222222,e8c96875cc406d11ba0880e930a53b6517c9b616c8118a707b76383175f43b3e,research_repository/ResultsArchive/incoming/common-protocol-structural-factorial__f31c2a6e/cell_result_gsm8k__q3_l2r_common_factorial_f31c2a6e_AC-ALG1_POLD-S32-B8-U1_seed47__AC-ALG1_s47.json,33c46fea965427d998ae594e5d32e4c6abb191b77aad7c90605d002bf3388ff9,research_repository/ResultsArchive/incoming/common-protocol-structural-factorial__f31c2a6e/complete_gsm8k__q3_l2r_common_factorial_f31c2a6e_AC-ALG1_POLD-S32-B8-U1_seed47__AC-ALG1_s47.json,9bb3bf04bf55706e47d60b06fd4d0a8d5267ea51cafefd2a99d632e6b3d66f50
q3_l2r_common_factorial_f31c2a6e_AC-ALG1_POLD-S32-B8-U1_seed73,f31c2a6e,qwen3-1.7b-base,AC-ALG1,73,gsm8k,4506.8,1,NVIDIA H100 80GB HBM3,1.2518888888888888,0f205c2d6ce90ece223f857705438de9d9cac2d65567affa0ac020cd828300d9,research_repository/ResultsArchive/incoming/common-protocol-structural-factorial__f31c2a6e/cell_result_gsm8k__q3_l2r_common_factorial_f31c2a6e_AC-ALG1_POLD-S32-B8-U1_seed73__AC-ALG1_s73.json,3ce0050cb80a5e8c995d5bb12eccdf46f14567a9efb16b1b5e6dea4a2931fb12,research_repository/ResultsArchive/incoming/common-protocol-structural-factorial__f31c2a6e/complete_gsm8k__q3_l2r_common_factorial_f31c2a6e_AC-ALG1_POLD-S32-B8-U1_seed73__AC-ALG1_s73.json,f2ccfbbaa70d04a4a9f03fde2d4fedab3ae5f2e96b1e56f318b98e82f0eb60a7
q3_l2r_common_factorial_f31c2a6e_AC-ALG1_POLD-S32-B8-U2_seed31,f31c2a6e,qwen3-1.7b-base,AC-ALG1,31,gsm8k,5001.2,1,NVIDIA H100 80GB HBM3,1.3892222222222221,6bb8b30599eb0c35e4a7ab0c98dc1bb7001bda2061343f5c2aed83f75148a147,research_repository/ResultsArchive/incoming/common-protocol-structural-factorial__f31c2a6e/cell_result_gsm8k__q3_l2r_common_factorial_f31c2a6e_AC-ALG1_POLD-S32-B8-U2_seed31__AC-ALG1_s31.json,81db137b604d836db5ea6a856489e13f93eb421636efd84f4c3080d8f28b7e65,research_repository/ResultsArchive/incoming/common-protocol-structural-factorial__f31c2a6e/complete_gsm8k__q3_l2r_common_factorial_f31c2a6e_AC-ALG1_POLD-S32-B8-U2_seed31__AC-ALG1_s31.json,c9433aa89986d17757316f0e695278c738aecc9207f49a03542464d523dbec7f
q3_l2r_common_factorial_f31c2a6e_AC-ALG1_POLD-S32-B8-U2_seed47,f31c2a6e,qwen3-1.7b-base,AC-ALG1,47,gsm8k,4571.0,1,NVIDIA H100 80GB HBM3,1.2697222222222222,9c409541a2b5ea33bc77395eb54ac45c567805113f0a6ddb0707d2ed625ed388,research_repository/ResultsArchive/incoming/common-protocol-structural-factorial__f31c2a6e/cell_result_gsm8k__q3_l2r_common_factorial_f31c2a6e_AC-ALG1_POLD-S32-B8-U2_seed47__AC-ALG1_s47.json,733fafd7ea3bac9ae15de5021994ca6b459479dc0f93f1a554c37243fd7a9b10,research_repository/ResultsArchive/incoming/common-protocol-structural-factorial__f31c2a6e/complete_gsm8k__q3_l2r_common_factorial_f31c2a6e_AC-ALG1_POLD-S32-B8-U2_seed47__AC-ALG1_s47.json,1e5281adceb57a3a46c32db82669603115f62399e3504c2d603bc25eb557c855
q3_l2r_common_factorial_f31c2a6e_AC-ALG1_POLD-S32-B8-U2_seed73,f31c2a6e,qwen3-1.7b-base,AC-ALG1,73,gsm8k,4105.0,1,NVIDIA H100 80GB HBM3,1.1402777777777777,0c9c248616dcef3c12b62fcbb46714fdc8cae0bef64e708994c96e4fb93d3867,research_repository/ResultsArchive/incoming/common-protocol-structural-factorial__f31c2a6e/cell_result_gsm8k__q3_l2r_common_factorial_f31c2a6e_AC-ALG1_POLD-S32-B8-U2_seed73__AC-ALG1_s73.json,5b7f49addc0cd396adcbe388c33c7e935547b216f97033a93fdaaaa59e0fd31c,research_repository/ResultsArchive/incoming/common-protocol-structural-factorial__f31c2a6e/complete_gsm8k__q3_l2r_common_factorial_f31c2a6e_AC-ALG1_POLD-S32-B8-U2_seed73__AC-ALG1_s73.json,5737817735fb77ef28d9d972cbcbe909d23943e58e2cd784574d429418111ca1
q3_l2r_common_factorial_f31c2a6e_AC-ALG1_POLD-S32-B8-U4_seed31,f31c2a6e,qwen3-1.7b-base,AC-ALG1,31,gsm8k,5355.7,1,NVIDIA H100 80GB HBM3,1.4876944444444444,581defc86ca47c9e56913af6b2a0af620d21b82d02542c707e28f95f4fa19933,research_repository/ResultsArchive/incoming/common-protocol-structural-factorial__f31c2a6e/cell_result_gsm8k__q3_l2r_common_factorial_f31c2a6e_AC-ALG1_POLD-S32-B8-U4_seed31__AC-ALG1_s31.json,1834aff1f213e463d472592a9fec355296656e9d952eed12869363a7fe32bb29,research_repository/ResultsArchive/incoming/common-protocol-structural-factorial__f31c2a6e/complete_gsm8k__q3_l2r_common_factorial_f31c2a6e_AC-ALG1_POLD-S32-B8-U4_seed31__AC-ALG1_s31.json,ed9962cf78ecbaa890e307daad650f36f97f2f3121125ffc5f67e94b6b9401d6
q3_l2r_common_factorial_f31c2a6e_AC-ALG1_POLD-S32-B8-U4_seed47,f31c2a6e,qwen3-1.7b-base,AC-ALG1,47,gsm8k,5859.3,1,NVIDIA H100 80GB HBM3,1.6275833333333334,d71fffcd513405b7721c60f10c1307446f5adf361d9ffe06a4dc321175672408,research_repository/ResultsArchive/incoming/common-protocol-structural-factorial__f31c2a6e/cell_result_gsm8k__q3_l2r_common_factorial_f31c2a6e_AC-ALG1_POLD-S32-B8-U4_seed47__AC-ALG1_s47.json,4e52deb313e489d874311a83e4c64b4a0b7472054c0d797a17c5ff177f05807e,research_repository/ResultsArchive/incoming/common-protocol-structural-factorial__f31c2a6e/complete_gsm8k__q3_l2r_common_factorial_f31c2a6e_AC-ALG1_POLD-S32-B8-U4_seed47__AC-ALG1_s47.json,0a60e7d3d3e44f52dbb3f5413c26e41d1169362c2d90d8a018ea967e2282ccb0
q3_l2r_common_factorial_f31c2a6e_AC-ALG1_POLD-S32-B8-U4_seed73,f31c2a6e,qwen3-1.7b-base,AC-ALG1,73,gsm8k,5467.8,1,NVIDIA H100 80GB HBM3,1.5188333333333335,061e528888228d180a3a4171346235eebc5a1b51bb9e67c749bcebeccad4be1f,research_repository/ResultsArchive/incoming/common-protocol-structural-factorial__f31c2a6e/cell_result_gsm8k__q3_l2r_common_factorial_f31c2a6e_AC-ALG1_POLD-S32-B8-U4_seed73__AC-ALG1_s73.json,5b64f2fcd3079c08f220af1a3f0a1c8f99437f998371abd8a9572606892514a5,research_repository/ResultsArchive/incoming/common-protocol-structural-factorial__f31c2a6e/complete_gsm8k__q3_l2r_common_factorial_f31c2a6e_AC-ALG1_POLD-S32-B8-U4_seed73__AC-ALG1_s73.json,cb15e5869990695d6cd6687a636b3bf655a98af167b1f6a50342f6f36776735e
q3_l2r_common_factorial_f31c2a6e_AC-ALG1_POLD-S8-B16-U1_seed31,f31c2a6e,qwen3-1.7b-base,AC-ALG1,31,gsm8k,2580.2,1,NVIDIA H100 80GB HBM3,0.7167222222222221,3f24e4bdc55a86d6c311988243b4cd1186a43adced38b2b4005799df5ae8fd51,research_repository/ResultsArchive/incoming/common-protocol-structural-factorial__f31c2a6e/cell_result_gsm8k__q3_l2r_common_factorial_f31c2a6e_AC-ALG1_POLD-S8-B16-U1_seed31__AC-ALG1_s31.json,91864d9b4099fa12a79db8e6e15f2baee064cc54734d917cf851ce038f9e5949,research_repository/ResultsArchive/incoming/common-protocol-structural-factorial__f31c2a6e/complete_gsm8k__q3_l2r_common_factorial_f31c2a6e_AC-ALG1_POLD-S8-B16-U1_seed31__AC-ALG1_s31.json,3258bb0bb59ddb05693c05ce1327529ce2faa06fcc91231fc79b3b0d996f00e8
q3_l2r_common_factorial_f31c2a6e_AC-ALG1_POLD-S8-B16-U1_seed47,f31c2a6e,qwen3-1.7b-base,AC-ALG1,47,gsm8k,2984.6,1,NVIDIA H100 80GB HBM3,0.8290555555555555,1691c65d79555428387f5bb4ad147fe9face55a4ea443e17827cf39d5ffc25e5,research_repository/ResultsArchive/incoming/common-protocol-structural-factorial__f31c2a6e/cell_result_gsm8k__q3_l2r_common_factorial_f31c2a6e_AC-ALG1_POLD-S8-B16-U1_seed47__AC-ALG1_s47.json,4b91f39513079f94cb617ec7379ceb6e00894cb2b24f7c5b792754557b7ec908,research_repository/ResultsArchive/incoming/common-protocol-structural-factorial__f31c2a6e/complete_gsm8k__q3_l2r_common_factorial_f31c2a6e_AC-ALG1_POLD-S8-B16-U1_seed47__AC-ALG1_s47.json,8253cab793001a6883bf921aab20175bdc5f96760cdaed2cc523f8e2f6293be2
q3_l2r_common_factorial_f31c2a6e_AC-ALG1_POLD-S8-B16-U1_seed73,f31c2a6e,qwen3-1.7b-base,AC-ALG1,73,gsm8k,3034.1,1,NVIDIA H100 80GB HBM3,0.8428055555555556,2d5eb3b01740cbbd21d5f9a86b6c369ba8319ff7ba865899f53358ace0423352,research_repository/ResultsArchive/incoming/common-protocol-structural-factorial__f31c2a6e/cell_result_gsm8k__q3_l2r_common_factorial_f31c2a6e_AC-ALG1_POLD-S8-B16-U1_seed73__AC-ALG1_s73.json,cb7d02d0d679cba98e601d70760cfec61bc375bc02c5b843801ca4e41fa0f7fd,research_repository/ResultsArchive/incoming/common-protocol-structural-factorial__f31c2a6e/complete_gsm8k__q3_l2r_common_factorial_f31c2a6e_AC-ALG1_POLD-S8-B16-U1_seed73__AC-ALG1_s73.json,31d8e932216c554e6f23ad62eee9319e2e30477765ee05d8f33abbaf8b2ad0a4
q3_l2r_common_factorial_f31c2a6e_AC-ALG1_POLD-S8-B16-U2_seed31,f31c2a6e,qwen3-1.7b-base,AC-ALG1,31,gsm8k,3458.9,1,NVIDIA H100 80GB HBM3,0.9608055555555556,000a1b50df7422675283607cafaa2387f864384fafb93b73725fac6e40f5fd84,research_repository/ResultsArchive/incoming/common-protocol-structural-factorial__f31c2a6e/cell_result_gsm8k__q3_l2r_common_factorial_f31c2a6e_AC-ALG1_POLD-S8-B16-U2_seed31__AC-ALG1_s31.json,e4ad4c42ee2252e96e14527c851edcfbb997dfd351f676531af13a3edab50028,research_repository/ResultsArchive/incoming/common-protocol-structural-factorial__f31c2a6e/complete_gsm8k__q3_l2r_common_factorial_f31c2a6e_AC-ALG1_POLD-S8-B16-U2_seed31__AC-ALG1_s31.json,485e601620035f81b5f3cec984fa9f1778f49fc5cfd01f648c4e202b04c3f350
q3_l2r_common_factorial_f31c2a6e_AC-ALG1_POLD-S8-B16-U2_seed47,f31c2a6e,qwen3-1.7b-base,AC-ALG1,47,gsm8k,3386.5,1,NVIDIA H100 80GB HBM3,0.9406944444444445,ba3b402bd6ba2bdcc05d35efcbd70077c9d7aa1597980cd0700914883998fd2e,research_repository/ResultsArchive/incoming/common-protocol-structural-factorial__f31c2a6e/cell_result_gsm8k__q3_l2r_common_factorial_f31c2a6e_AC-ALG1_POLD-S8-B16-U2_seed47__AC-ALG1_s47.json,88cb4acd45f664f05c4d8bc7a4f969094a88098aa2a75f2245afa52f7c43d86d,research_repository/ResultsArchive/incoming/common-protocol-structural-factorial__f31c2a6e/complete_gsm8k__q3_l2r_common_factorial_f31c2a6e_AC-ALG1_POLD-S8-B16-U2_seed47__AC-ALG1_s47.json,d66e679eeabb66f23fc3ca98c3ff24ecd6f026790ab9e558417dc3fcc2e9dba6
q3_l2r_common_factorial_f31c2a6e_AC-ALG1_POLD-S8-B16-U2_seed73,f31c2a6e,qwen3-1.7b-base,AC-ALG1,73,gsm8k,3177.4,1,NVIDIA H100 80GB HBM3,0.8826111111111111,2261515a175f197c2fd85ede9f39f9a33e9847a38b195fc248dcce4c40f0ffa3,research_repository/ResultsArchive/incoming/common-protocol-structural-factorial__f31c2a6e/cell_result_gsm8k__q3_l2r_common_factorial_f31c2a6e_AC-ALG1_POLD-S8-B16-U2_seed73__AC-ALG1_s73.json,b485d2707ee0c26ab74cf7a3431fae7b99aef0ec8faf946ba22659af3a99042e,research_repository/ResultsArchive/incoming/common-protocol-structural-factorial__f31c2a6e/complete_gsm8k__q3_l2r_common_factorial_f31c2a6e_AC-ALG1_POLD-S8-B16-U2_seed73__AC-ALG1_s73.json,283332af35830fc192346c413937660f7075cc3865b7358ec1c28d129d6b0d66
q3_l2r_common_factorial_f31c2a6e_AC-ALG1_POLD-S8-B16-U4_seed31,f31c2a6e,qwen3-1.7b-base,AC-ALG1,31,gsm8k,3011.8,1,NVIDIA H100 80GB HBM3,0.8366111111111112,5f7614c1eaaec68b9490150a27fe165784183f6df4f7c55acee1ce24bb1b1fa3,research_repository/ResultsArchive/incoming/common-protocol-structural-factorial__f31c2a6e/cell_result_gsm8k__q3_l2r_common_factorial_f31c2a6e_AC-ALG1_POLD-S8-B16-U4_seed31__AC-ALG1_s31.json,eb2c522406e5ecc16718fe8f4e4bc2e42a27c075338ed7641e6bd911648b5c8e,research_repository/ResultsArchive/incoming/common-protocol-structural-factorial__f31c2a6e/complete_gsm8k__q3_l2r_common_factorial_f31c2a6e_AC-ALG1_POLD-S8-B16-U4_seed31__AC-ALG1_s31.json,b25f98a525076e5329ed70a92287f8832a4642b6cf500ceeb53185192b89386b
q3_l2r_common_factorial_f31c2a6e_AC-ALG1_POLD-S8-B16-U4_seed47,f31c2a6e,qwen3-1.7b-base,AC-ALG1,47,gsm8k,3229.5,1,NVIDIA H100 80GB HBM3,0.8970833333333333,b45977b9e3a3347986d0eaf7a2f9af1e482514c52957f4fa7d240f75386a850d,research_repository/ResultsArchive/incoming/common-protocol-structural-factorial__f31c2a6e/cell_result_gsm8k__q3_l2r_common_factorial_f31c2a6e_AC-ALG1_POLD-S8-B16-U4_seed47__AC-ALG1_s47.json,1df8f767441ec7960a995831cfaaacff233d58e903bb1338205faf178efebf2c,research_repository/ResultsArchive/incoming/common-protocol-structural-factorial__f31c2a6e/complete_gsm8k__q3_l2r_common_factorial_f31c2a6e_AC-ALG1_POLD-S8-B16-U4_seed47__AC-ALG1_s47.json,28418f5d7bb7117b21adf81e948a5d5cb9dec6f5394bac88d2b99baa91c11175
q3_l2r_common_factorial_f31c2a6e_AC-ALG1_POLD-S8-B16-U4_seed73,f31c2a6e,qwen3-1.7b-base,AC-ALG1,73,gsm8k,3038.9,1,NVIDIA H100 80GB HBM3,0.8441388888888889,3d33622878958acb7810355a49f7c77e746d7ea7c596052473dce671bb862dc2,research_repository/ResultsArchive/incoming/common-protocol-structural-factorial__f31c2a6e/cell_result_gsm8k__q3_l2r_common_factorial_f31c2a6e_AC-ALG1_POLD-S8-B16-U4_seed73__AC-ALG1_s73.json,9dfa0b196b15e9a139f0d77a9771191643cc8ac10b279b1c5d68eb79c5ea2e70,research_repository/ResultsArchive/incoming/common-protocol-structural-factorial__f31c2a6e/complete_gsm8k__q3_l2r_common_factorial_f31c2a6e_AC-ALG1_POLD-S8-B16-U4_seed73__AC-ALG1_s73.json,f579cf1b26ceb4ddd623f5e92e137afb328f81547df7622f8208d092ea6292e6
q3_l2r_common_factorial_f31c2a6e_AC-ALG1_POLD-S8-B4-U1_seed31,f31c2a6e,qwen3-1.7b-base,AC-ALG1,31,gsm8k,1736.6,1,NVIDIA H100 80GB HBM3,0.48238888888888887,c0afbff95a897d275eb8ef556385351d11efea88651afa9f601f386eb21e692c,research_repository/ResultsArchive/incoming/common-protocol-structural-factorial__f31c2a6e/cell_result_gsm8k__q3_l2r_common_factorial_f31c2a6e_AC-ALG1_POLD-S8-B4-U1_seed31__AC-ALG1_s31.json,d8a42808ed6b29b1b6083cadc061de8fc0ae0a933af0d1b081e8462074ab3887,research_repository/ResultsArchive/incoming/common-protocol-structural-factorial__f31c2a6e/complete_gsm8k__q3_l2r_common_factorial_f31c2a6e_AC-ALG1_POLD-S8-B4-U1_seed31__AC-ALG1_s31.json,ccf438c9dcc16200e1268f0c77af9667be2efcc53315b230dd9d883aaa6d8d21
q3_l2r_common_factorial_f31c2a6e_AC-ALG1_POLD-S8-B4-U1_seed47,f31c2a6e,qwen3-1.7b-base,AC-ALG1,47,gsm8k,1560.5,1,NVIDIA H100 80GB HBM3,0.4334722222222222,532514a44cc94bb9b9c3951bd88e226aeb8df225586b254cd2b65f315939bc3c,research_repository/ResultsArchive/incoming/common-protocol-structural-factorial__f31c2a6e/cell_result_gsm8k__q3_l2r_common_factorial_f31c2a6e_AC-ALG1_POLD-S8-B4-U1_seed47__AC-ALG1_s47.json,4ea5cce3b2f4af50c7f918c62049396ed0bf81b37a62efb62bfa70af8530197e,research_repository/ResultsArchive/incoming/common-protocol-structural-factorial__f31c2a6e/complete_gsm8k__q3_l2r_common_factorial_f31c2a6e_AC-ALG1_POLD-S8-B4-U1_seed47__AC-ALG1_s47.json,624e5448e829ef79e87e259d94981cfd2c4893d8f176886d7e5ea6948ced3666
q3_l2r_common_factorial_f31c2a6e_AC-ALG1_POLD-S8-B4-U1_seed73,f31c2a6e,qwen3-1.7b-base,AC-ALG1,73,gsm8k,1628.3,1,NVIDIA H100 80GB HBM3,0.4523055555555555,9df562284eef57fe213b976918713c24b123544946ceac7ce8f117382e36e3db,research_repository/ResultsArchive/incoming/common-protocol-structural-factorial__f31c2a6e/cell_result_gsm8k__q3_l2r_common_factorial_f31c2a6e_AC-ALG1_POLD-S8-B4-U1_seed73__AC-ALG1_s73.json,34267a719dac27ec89ecf0991bd1b5733d7590079f256310b05266a46533213b,research_repository/ResultsArchive/incoming/common-protocol-structural-factorial__f31c2a6e/complete_gsm8k__q3_l2r_common_factorial_f31c2a6e_AC-ALG1_POLD-S8-B4-U1_seed73__AC-ALG1_s73.json,ecc5c6fecdd9d79cd5ce0ffad235dc4c958868e7680f4417901046718c6ece5a
q3_l2r_common_factorial_f31c2a6e_AC-ALG1_POLD-S8-B4-U2_seed31,f31c2a6e,qwen3-1.7b-base,AC-ALG1,31,gsm8k,1578.8,1,NVIDIA H100 80GB HBM3,0.43855555555555553,b9cc86b90a9a5019f537d5e91af2b366de7ffa902deff2810b88473cea304a44,research_repository/ResultsArchive/incoming/common-protocol-structural-factorial__f31c2a6e/cell_result_gsm8k__q3_l2r_common_factorial_f31c2a6e_AC-ALG1_POLD-S8-B4-U2_seed31__AC-ALG1_s31.json,a4175e7e123786d7c39ad09c90512fa463746de01f425d8ab3963710a6674660,research_repository/ResultsArchive/incoming/common-protocol-structural-factorial__f31c2a6e/complete_gsm8k__q3_l2r_common_factorial_f31c2a6e_AC-ALG1_POLD-S8-B4-U2_seed31__AC-ALG1_s31.json,cac418acc1ba00b72cab9a5166bb2a8e4592623faa84b2b3abe964047e26df3f
q3_l2r_common_factorial_f31c2a6e_AC-ALG1_POLD-S8-B4-U2_seed47,f31c2a6e,qwen3-1.7b-base,AC-ALG1,47,gsm8k,1679.6,1,NVIDIA H100 80GB HBM3,0.46655555555555556,e115cb8fa411808cb9495f4ada18cd60f2beff52bd5363bc50446e5ab3f816b1,research_repository/ResultsArchive/incoming/common-protocol-structural-factorial__f31c2a6e/cell_result_gsm8k__q3_l2r_common_factorial_f31c2a6e_AC-ALG1_POLD-S8-B4-U2_seed47__AC-ALG1_s47.json,f671e0eae93d7d06b6f1dae139c8907a0cb0d8d9611f6d756555b51354b5df64,research_repository/ResultsArchive/incoming/common-protocol-structural-factorial__f31c2a6e/complete_gsm8k__q3_l2r_common_factorial_f31c2a6e_AC-ALG1_POLD-S8-B4-U2_seed47__AC-ALG1_s47.json,839d3010d82908ff6403bf2aa646d38e59a37b67a6fc998838ffc67b3fa052a7
q3_l2r_common_factorial_f31c2a6e_AC-ALG1_POLD-S8-B4-U2_seed73,f31c2a6e,qwen3-1.7b-base,AC-ALG1,73,gsm8k,1567.4,1,NVIDIA H100 80GB HBM3,0.43538888888888894,28e14eb01e91b419cb603f8f58922766bf951d8adec2ade4df7bdf7e41580eef,research_repository/ResultsArchive/incoming/common-protocol-structural-factorial__f31c2a6e/cell_result_gsm8k__q3_l2r_common_factorial_f31c2a6e_AC-ALG1_POLD-S8-B4-U2_seed73__AC-ALG1_s73.json,77056e35b78b960065b00f796d9a9ae7e722a1cedc74520fc4c91eeb80e7d8d1,research_repository/ResultsArchive/incoming/common-protocol-structural-factorial__f31c2a6e/complete_gsm8k__q3_l2r_common_factorial_f31c2a6e_AC-ALG1_POLD-S8-B4-U2_seed73__AC-ALG1_s73.json,e1a24834eca5c9c2fef4805dcd9b24c6412a6ec4302fc6762bef822c0aa5f64a
q3_l2r_common_factorial_f31c2a6e_AC-ALG1_POLD-S8-B4-U4_seed31,f31c2a6e,qwen3-1.7b-base,AC-ALG1,31,gsm8k,1564.1,1,NVIDIA H100 80GB HBM3,0.4344722222222222,112f083af3131ea4737f2c6a8d47c011135791e39934aac99dd91fb6aa5e8cda,research_repository/ResultsArchive/incoming/common-protocol-structural-factorial__f31c2a6e/cell_result_gsm8k__q3_l2r_common_factorial_f31c2a6e_AC-ALG1_POLD-S8-B4-U4_seed31__AC-ALG1_s31.json,096479e1ca84dfa1de9b494611bcc447441c9ae514ca9d513737c194214faba9,research_repository/ResultsArchive/incoming/common-protocol-structural-factorial__f31c2a6e/complete_gsm8k__q3_l2r_common_factorial_f31c2a6e_AC-ALG1_POLD-S8-B4-U4_seed31__AC-ALG1_s31.json,4121ee7b2893f096aa35e53cb97db2bc585dd0d2fb62f6f62b8a6c55561c803d
q3_l2r_common_factorial_f31c2a6e_AC-ALG1_POLD-S8-B4-U4_seed47,f31c2a6e,qwen3-1.7b-base,AC-ALG1,47,gsm8k,1617.0,1,NVIDIA H100 80GB HBM3,0.44916666666666666,4355b2ba5bd5959eded29585dd56c707b98bea046afa8f93aa42eb3d2478d07a,research_repository/ResultsArchive/incoming/common-protocol-structural-factorial__f31c2a6e/cell_result_gsm8k__q3_l2r_common_factorial_f31c2a6e_AC-ALG1_POLD-S8-B4-U4_seed47__AC-ALG1_s47.json,58e82ffc0fc048876df56dbf6d49b4d69f1bb8fd20afb828e506e54b6cd692fa,research_repository/ResultsArchive/incoming/common-protocol-structural-factorial__f31c2a6e/complete_gsm8k__q3_l2r_common_factorial_f31c2a6e_AC-ALG1_POLD-S8-B4-U4_seed47__AC-ALG1_s47.json,e75645f74f5ef566f3d252d4ef98458fd55ed5452bc2bd448ac3ca553b2519e3
q3_l2r_common_factorial_f31c2a6e_AC-ALG1_POLD-S8-B4-U4_seed73,f31c2a6e,qwen3-1.7b-base,AC-ALG1,73,gsm8k,1654.7,1,NVIDIA H100 80GB HBM3,0.4596388888888889,e69e4b08b804779dcf40110201b557fddfc53b53b26aead71b8867d2c7dedd82,research_repository/ResultsArchive/incoming/common-protocol-structural-factorial__f31c2a6e/cell_result_gsm8k__q3_l2r_common_factorial_f31c2a6e_AC-ALG1_POLD-S8-B4-U4_seed73__AC-ALG1_s73.json,af49606023edb2a2141b2a35381551f07d8d6502f9da3313bbaf3846a3418be4,research_repository/ResultsArchive/incoming/common-protocol-structural-factorial__f31c2a6e/complete_gsm8k__q3_l2r_common_factorial_f31c2a6e_AC-ALG1_POLD-S8-B4-U4_seed73__AC-ALG1_s73.json,964e76caafea76e53fb50d5839dc03951dbe8c10b90b9cdb6208cd768a614f17
q3_l2r_common_factorial_f31c2a6e_AC-ALG1_POLD-S8-B8-U1_seed31,f31c2a6e,qwen3-1.7b-base,AC-ALG1,31,gsm8k,2112.1,1,NVIDIA H100 80GB HBM3,0.5866944444444444,7541185e5aa1dbcb775f939d42e2dc27004503442d563c050bead96307793ba0,research_repository/ResultsArchive/incoming/common-protocol-structural-factorial__f31c2a6e/cell_result_gsm8k__q3_l2r_common_factorial_f31c2a6e_AC-ALG1_POLD-S8-B8-U1_seed31__AC-ALG1_s31.json,44f523a2f390e2ea82bb654eb6025ca900728f09d5b2154d3912fd92c6b00cd1,research_repository/ResultsArchive/incoming/common-protocol-structural-factorial__f31c2a6e/complete_gsm8k__q3_l2r_common_factorial_f31c2a6e_AC-ALG1_POLD-S8-B8-U1_seed31__AC-ALG1_s31.json,adf8fc5cbb0c644d3e1566bfc0f3882ba20fbe916f17ffa0fed59a91d80f256c
q3_l2r_common_factorial_f31c2a6e_AC-ALG1_POLD-S8-B8-U1_seed47,f31c2a6e,qwen3-1.7b-base,AC-ALG1,47,gsm8k,1940.2,1,NVIDIA H100 80GB HBM3,0.5389444444444444,31dc904a95a22d7feb8537705f47dfbb0297337712dea2d392b47765cc6da4f5,research_repository/ResultsArchive/incoming/common-protocol-structural-factorial__f31c2a6e/cell_result_gsm8k__q3_l2r_common_factorial_f31c2a6e_AC-ALG1_POLD-S8-B8-U1_seed47__AC-ALG1_s47.json,786df721963eb7365dfff8ebe2f9fe042c703501c00200cc8501181463576ce1,research_repository/ResultsArchive/incoming/common-protocol-structural-factorial__f31c2a6e/complete_gsm8k__q3_l2r_common_factorial_f31c2a6e_AC-ALG1_POLD-S8-B8-U1_seed47__AC-ALG1_s47.json,f93cb204fd2b48a7e51dfc36595dcd9f694cab79fedef1d8c0b4caaeb4db2591
q3_l2r_common_factorial_f31c2a6e_AC-ALG1_POLD-S8-B8-U1_seed73,f31c2a6e,qwen3-1.7b-base,AC-ALG1,73,gsm8k,1856.3,1,NVIDIA H100 80GB HBM3,0.5156388888888889,d21ea72ee383cbac8c90fe3cc88d8fbb33b2bef19194641e7563c36f29e39e3e,research_repository/ResultsArchive/incoming/common-protocol-structural-factorial__f31c2a6e/cell_result_gsm8k__q3_l2r_common_factorial_f31c2a6e_AC-ALG1_POLD-S8-B8-U1_seed73__AC-ALG1_s73.json,f4427e278ad20875a9f6e03d5d8447313f6ecf98af46fbcbac9e6996a6efc4fa,research_repository/ResultsArchive/incoming/common-protocol-structural-factorial__f31c2a6e/complete_gsm8k__q3_l2r_common_factorial_f31c2a6e_AC-ALG1_POLD-S8-B8-U1_seed73__AC-ALG1_s73.json,6dc787da1d1cce0e491bf1ff68ec8f8826baa8eee7fff96f1ff8b56712958ec2
q3_l2r_common_factorial_f31c2a6e_AC-ALG1_POLD-S8-B8-U2_seed31,f31c2a6e,qwen3-1.7b-base,AC-ALG1,31,gsm8k,2193.5,1,NVIDIA H100 80GB HBM3,0.6093055555555555,d3b5a40e04489c71bec956f7edd05629e4291a4c48491b44e455f90099198cf3,research_repository/ResultsArchive/incoming/common-protocol-structural-factorial__f31c2a6e/cell_result_gsm8k__q3_l2r_common_factorial_f31c2a6e_AC-ALG1_POLD-S8-B8-U2_seed31__AC-ALG1_s31.json,8a9802a6308e6f3fa180000a6e1f8eb4a926c07bfe6c38d8c8378055e8c8d7f1,research_repository/ResultsArchive/incoming/common-protocol-structural-factorial__f31c2a6e/complete_gsm8k__q3_l2r_common_factorial_f31c2a6e_AC-ALG1_POLD-S8-B8-U2_seed31__AC-ALG1_s31.json,5c897673d1d57d501b8d04df3977dacf61e1fee641764cea16677aee01c27ebf
q3_l2r_common_factorial_f31c2a6e_AC-ALG1_POLD-S8-B8-U2_seed47,f31c2a6e,qwen3-1.7b-base,AC-ALG1,47,gsm8k,2052.8,1,NVIDIA H100 80GB HBM3,0.5702222222222223,80d5ba010cc89bdae290beb5fb9fff5a4f46648e23f50b495e7bb15769d87678,research_repository/ResultsArchive/incoming/common-protocol-structural-factorial__f31c2a6e/cell_result_gsm8k__q3_l2r_common_factorial_f31c2a6e_AC-ALG1_POLD-S8-B8-U2_seed47__AC-ALG1_s47.json,1719801b9430f222251787ddda9ab4696fef269d94baf4bb88e59c52b053d25e,research_repository/ResultsArchive/incoming/common-protocol-structural-factorial__f31c2a6e/complete_gsm8k__q3_l2r_common_factorial_f31c2a6e_AC-ALG1_POLD-S8-B8-U2_seed47__AC-ALG1_s47.json,4b91e90c5217fadab7d6066ab4740185e291906fad4be98a71a75c8cf44ecc85
q3_l2r_common_factorial_f31c2a6e_AC-ALG1_POLD-S8-B8-U2_seed73,f31c2a6e,qwen3-1.7b-base,AC-ALG1,73,gsm8k,1867.1,1,NVIDIA H100 80GB HBM3,0.5186388888888889,9bde5b88be514598ff78df34f63f20429a3db03da3fbf96452f16a0f4136f9db,research_repository/ResultsArchive/incoming/common-protocol-structural-factorial__f31c2a6e/cell_result_gsm8k__q3_l2r_common_factorial_f31c2a6e_AC-ALG1_POLD-S8-B8-U2_seed73__AC-ALG1_s73.json,2cd2747f643bad0cd1f3f22ec14fbd2d02c97394e6007c059fc7135c86dd82c3,research_repository/ResultsArchive/incoming/common-protocol-structural-factorial__f31c2a6e/complete_gsm8k__q3_l2r_common_factorial_f31c2a6e_AC-ALG1_POLD-S8-B8-U2_seed73__AC-ALG1_s73.json,cc00827fbabd5551a35af6ba6e485be89e9ef3dd4b7f77bb3a565da35f88033a
q3_l2r_common_factorial_f31c2a6e_AC-ALG1_POLD-S8-B8-U4_seed31,f31c2a6e,qwen3-1.7b-base,AC-ALG1,31,gsm8k,2331.4,1,NVIDIA H100 80GB HBM3,0.6476111111111111,108b4bca420a4a2151f396d61170121f3c47cda74a36823b7e4c294926ef1abd,research_repository/ResultsArchive/incoming/common-protocol-structural-factorial__f31c2a6e/cell_result_gsm8k__q3_l2r_common_factorial_f31c2a6e_AC-ALG1_POLD-S8-B8-U4_seed31__AC-ALG1_s31.json,af400f6b71977b3429edb59afcbf1a54e88a8669d44b8220112b1d19fb3531e4,research_repository/ResultsArchive/incoming/common-protocol-structural-factorial__f31c2a6e/complete_gsm8k__q3_l2r_common_factorial_f31c2a6e_AC-ALG1_POLD-S8-B8-U4_seed31__AC-ALG1_s31.json,b4f8c51b2b0d83e4b9e9b5062df0a3f5d21e68f4d6946f809f5a7435f756dd85
q3_l2r_common_factorial_f31c2a6e_AC-ALG1_POLD-S8-B8-U4_seed47,f31c2a6e,qwen3-1.7b-base,AC-ALG1,47,gsm8k,2366.7,1,NVIDIA H100 80GB HBM3,0.6574166666666666,28064d1568ead934adea75dc2f521f1edd157764b12786b178f3b2cfe874d552,research_repository/ResultsArchive/incoming/common-protocol-structural-factorial__f31c2a6e/cell_result_gsm8k__q3_l2r_common_factorial_f31c2a6e_AC-ALG1_POLD-S8-B8-U4_seed47__AC-ALG1_s47.json,4632884124298a558beac0db0c1e24264127533fbf0768b700ea54473d9d296a,research_repository/ResultsArchive/incoming/common-protocol-structural-factorial__f31c2a6e/complete_gsm8k__q3_l2r_common_factorial_f31c2a6e_AC-ALG1_POLD-S8-B8-U4_seed47__AC-ALG1_s47.json,4c9b38820e85fa1dd3237cf813865cdc82bce073a28ba681745bd785e4f57856
q3_l2r_common_factorial_f31c2a6e_AC-ALG1_POLD-S8-B8-U4_seed73,f31c2a6e,qwen3-1.7b-base,AC-ALG1,73,gsm8k,2242.3,1,NVIDIA H100 80GB HBM3,0.6228611111111112,42c7b35194ac2a88d292b500b15c20c255e57c95b6a47c80af5bc2e4098db0e2,research_repository/ResultsArchive/incoming/common-protocol-structural-factorial__f31c2a6e/cell_result_gsm8k__q3_l2r_common_factorial_f31c2a6e_AC-ALG1_POLD-S8-B8-U4_seed73__AC-ALG1_s73.json,1638304832595ac41b10ee0d403dc6380624136a830f15ccfe5b2ab0f11a2fd2,research_repository/ResultsArchive/incoming/common-protocol-structural-factorial__f31c2a6e/complete_gsm8k__q3_l2r_common_factorial_f31c2a6e_AC-ALG1_POLD-S8-B8-U4_seed73__AC-ALG1_s73.json,be761fa44ed42e4f79eb84f5bcad37d0e15062bd546e73c4243ea4baba7bd5ad
q3_l2r_common_factorial_f31c2a6e_AC-ALG1_VIN-S16-B16-U1_seed31,f31c2a6e,qwen3-1.7b-base,AC-ALG1,31,gsm8k,6160.4,1,NVIDIA H100 80GB HBM3,1.7112222222222222,da794958631b528d41d0e0b6b9a5e7eb8beca9929dff3fa371eaed087bfc4083,research_repository/ResultsArchive/incoming/common-protocol-structural-factorial__f31c2a6e/cell_result_gsm8k__q3_l2r_common_factorial_f31c2a6e_AC-ALG1_VIN-S16-B16-U1_seed31__AC-ALG1_s31.json,67feac8f21228b8ebee44f94d0b5fe483f35a17ea17bd7e30190e4b9ddc83a00,research_repository/ResultsArchive/incoming/common-protocol-structural-factorial__f31c2a6e/complete_gsm8k__q3_l2r_common_factorial_f31c2a6e_AC-ALG1_VIN-S16-B16-U1_seed31__AC-ALG1_s31.json,63598d2427418a0b261ea9ddd72a83a66a1b44f5ee3d342ca71bebab0efda865
q3_l2r_common_factorial_f31c2a6e_AC-ALG1_VIN-S16-B16-U1_seed47,f31c2a6e,qwen3-1.7b-base,AC-ALG1,47,gsm8k,4401.2,1,NVIDIA H100 80GB HBM3,1.2225555555555554,60670c6ed5372a8c4a6a9c097448fdf6243959d1cc441b8d4b69cb0e156f4281,research_repository/ResultsArchive/incoming/common-protocol-structural-factorial__f31c2a6e/cell_result_gsm8k__q3_l2r_common_factorial_f31c2a6e_AC-ALG1_VIN-S16-B16-U1_seed47__AC-ALG1_s47.json,7b2680296901721dfbbb82c69fb87cd63dee856bfc93d4d40f633e6f5ef8db01,research_repository/ResultsArchive/incoming/common-protocol-structural-factorial__f31c2a6e/complete_gsm8k__q3_l2r_common_factorial_f31c2a6e_AC-ALG1_VIN-S16-B16-U1_seed47__AC-ALG1_s47.json,6b80a6b251ca943bbcb21a3cbf09532cfcbdbc80b435c24a014f6b249577a27e
q3_l2r_common_factorial_f31c2a6e_AC-ALG1_VIN-S16-B16-U1_seed73,f31c2a6e,qwen3-1.7b-base,AC-ALG1,73,gsm8k,5065.6,1,NVIDIA H100 80GB HBM3,1.4071111111111112,d93e77ddd9e449ce048f85ef94c5b0e31a907406d4d8274ab2850cc6e6657524,research_repository/ResultsArchive/incoming/common-protocol-structural-factorial__f31c2a6e/cell_result_gsm8k__q3_l2r_common_factorial_f31c2a6e_AC-ALG1_VIN-S16-B16-U1_seed73__AC-ALG1_s73.json,d4b9bac2f522bc1f1265fa25d080408fad147a7b7402fd2b946dd17acf92486c,research_repository/ResultsArchive/incoming/common-protocol-structural-factorial__f31c2a6e/complete_gsm8k__q3_l2r_common_factorial_f31c2a6e_AC-ALG1_VIN-S16-B16-U1_seed73__AC-ALG1_s73.json,cd07e791c037401a0ee5f2982c6d43f93f60bf9f3e6ca6a0d2561eb66ed75281
q3_l2r_common_factorial_f31c2a6e_AC-ALG1_VIN-S16-B16-U2_seed31,f31c2a6e,qwen3-1.7b-base,AC-ALG1,31,gsm8k,4627.1,1,NVIDIA H100 80GB HBM3,1.2853055555555557,0dfe8fb102bc714fd9af1a73d2501460fe143df6b3e392359ad321f34b11dee6,research_repository/ResultsArchive/incoming/common-protocol-structural-factorial__f31c2a6e/cell_result_gsm8k__q3_l2r_common_factorial_f31c2a6e_AC-ALG1_VIN-S16-B16-U2_seed31__AC-ALG1_s31.json,f7e6ebf7530e581f6670ed1112616a2837c7f65205291d8c4bf8d5b7e1ce43c4,research_repository/ResultsArchive/incoming/common-protocol-structural-factorial__f31c2a6e/complete_gsm8k__q3_l2r_common_factorial_f31c2a6e_AC-ALG1_VIN-S16-B16-U2_seed31__AC-ALG1_s31.json,5582c5fb8f9869e6d683bf171e7d356e65f200f77ef79bd4c7775360caff9986
q3_l2r_common_factorial_f31c2a6e_AC-ALG1_VIN-S16-B16-U2_seed47,f31c2a6e,qwen3-1.7b-base,AC-ALG1,47,gsm8k,5180.0,1,NVIDIA H100 80GB HBM3,1.4388888888888889,e957774b6b4d00491de2d604689d060dca874fe47192c3f1aae3db7a7667d797,research_repository/ResultsArchive/incoming/common-protocol-structural-factorial__f31c2a6e/cell_result_gsm8k__q3_l2r_common_factorial_f31c2a6e_AC-ALG1_VIN-S16-B16-U2_seed47__AC-ALG1_s47.json,f0b36763ccedeeb20a68e31fe18e0e74b83567c6635525fb19ff1b37a5deec84,research_repository/ResultsArchive/incoming/common-protocol-structural-factorial__f31c2a6e/complete_gsm8k__q3_l2r_common_factorial_f31c2a6e_AC-ALG1_VIN-S16-B16-U2_seed47__AC-ALG1_s47.json,4ff8e5aa1a5f742805d3075e4b75138fac57422b383b1362f81dd3a59d142b17
q3_l2r_common_factorial_f31c2a6e_AC-ALG1_VIN-S16-B16-U2_seed73,f31c2a6e,qwen3-1.7b-base,AC-ALG1,73,gsm8k,5718.0,1,NVIDIA H100 80GB HBM3,1.5883333333333334,99a1f676b3aa7a4f3395ef51c5ec6145ddbcd9e3e4715789e4f961fa3efe82d8,research_repository/ResultsArchive/incoming/common-protocol-structural-factorial__f31c2a6e/cell_result_gsm8k__q3_l2r_common_factorial_f31c2a6e_AC-ALG1_VIN-S16-B16-U2_seed73__AC-ALG1_s73.json,8011c44af92e42e4954c7e6f00c60cf46edca2b8d132ac37f7f10f70b2e813ad,research_repository/ResultsArchive/incoming/common-protocol-structural-factorial__f31c2a6e/complete_gsm8k__q3_l2r_common_factorial_f31c2a6e_AC-ALG1_VIN-S16-B16-U2_seed73__AC-ALG1_s73.json,f2e30c207949416414a483a0b89721acbd2fee50f950a8c4f41f2caed26741e0
q3_l2r_common_factorial_f31c2a6e_AC-ALG1_VIN-S16-B16-U4_seed31,f31c2a6e,qwen3-1.7b-base,AC-ALG1,31,gsm8k,5659.6,1,NVIDIA H100 80GB HBM3,1.5721111111111112,24756a0b77deb73abb6f52da9ee89af0d4a6ef5496482f8d26eb2c5b6695a5c2,research_repository/ResultsArchive/incoming/common-protocol-structural-factorial__f31c2a6e/cell_result_gsm8k__q3_l2r_common_factorial_f31c2a6e_AC-ALG1_VIN-S16-B16-U4_seed31__AC-ALG1_s31.json,264fb1c0f691a67ddb12591f3de68880eb127a168f1119fb240c19560c0452eb,research_repository/ResultsArchive/incoming/common-protocol-structural-factorial__f31c2a6e/complete_gsm8k__q3_l2r_common_factorial_f31c2a6e_AC-ALG1_VIN-S16-B16-U4_seed31__AC-ALG1_s31.json,f4748d3b51edcc7ad29f1c1ee1982f4b70081e16a4b298f2640b4a918aaa6471
q3_l2r_common_factorial_f31c2a6e_AC-ALG1_VIN-S16-B16-U4_seed47,f31c2a6e,qwen3-1.7b-base,AC-ALG1,47,gsm8k,6882.7,1,NVIDIA H100 80GB HBM3,1.911861111111111,9f6c48bad0ddcc9439dcedf7a1c74507c547f99eccf555369e0ff95f7dfdaf0f,research_repository/ResultsArchive/incoming/common-protocol-structural-factorial__f31c2a6e/cell_result_gsm8k__q3_l2r_common_factorial_f31c2a6e_AC-ALG1_VIN-S16-B16-U4_seed47__AC-ALG1_s47.json,5a05c6019c388451a4bab041f5254e08d0e499a334cc1e771647ddc7a65f2e33,research_repository/ResultsArchive/incoming/common-protocol-structural-factorial__f31c2a6e/complete_gsm8k__q3_l2r_common_factorial_f31c2a6e_AC-ALG1_VIN-S16-B16-U4_seed47__AC-ALG1_s47.json,5c206c7630d35bac62132eab36792a1ccb387ba5be2dc41a56c1e52b42372ad8
q3_l2r_common_factorial_f31c2a6e_AC-ALG1_VIN-S16-B16-U4_seed73,f31c2a6e,qwen3-1.7b-base,AC-ALG1,73,gsm8k,5029.2,1,NVIDIA H100 80GB HBM3,1.397,fa1db9aaa16cd8db119cbdb6eabca66e1a4b95c453691ccf6e55dcf9ed27ef3c,research_repository/ResultsArchive/incoming/common-protocol-structural-factorial__f31c2a6e/cell_result_gsm8k__q3_l2r_common_factorial_f31c2a6e_AC-ALG1_VIN-S16-B16-U4_seed73__AC-ALG1_s73.json,df2e415c0c384a12403871d0f6a014206cce82468262b4c51057c3db4c868cc6,research_repository/ResultsArchive/incoming/common-protocol-structural-factorial__f31c2a6e/complete_gsm8k__q3_l2r_common_factorial_f31c2a6e_AC-ALG1_VIN-S16-B16-U4_seed73__AC-ALG1_s73.json,3954e8e1f959803d0579c952cf75e972d8438c8acbbe96c7a19088cc35f62be9
q3_l2r_common_factorial_f31c2a6e_AC-ALG1_VIN-S16-B4-U1_seed31,f31c2a6e,qwen3-1.7b-base,AC-ALG1,31,gsm8k,1989.3,1,NVIDIA H100 80GB HBM3,0.5525833333333333,89040211bd139d96949bbab7cb27cc609e5ce9208fdc18911456aa63621f0ff0,research_repository/ResultsArchive/incoming/common-protocol-structural-factorial__f31c2a6e/cell_result_gsm8k__q3_l2r_common_factorial_f31c2a6e_AC-ALG1_VIN-S16-B4-U1_seed31__AC-ALG1_s31.json,eeb0fac7ff2ca327815faa173c47cdb7406e576d2e7d2ba0b89729b0e9adb7f4,research_repository/ResultsArchive/incoming/common-protocol-structural-factorial__f31c2a6e/complete_gsm8k__q3_l2r_common_factorial_f31c2a6e_AC-ALG1_VIN-S16-B4-U1_seed31__AC-ALG1_s31.json,5ab415b428f6579ce3fef0a6ff96fc2235e448271397a9a47db5cf7ef6c9bb30
q3_l2r_common_factorial_f31c2a6e_AC-ALG1_VIN-S16-B4-U1_seed47,f31c2a6e,qwen3-1.7b-base,AC-ALG1,47,gsm8k,2343.5,1,NVIDIA H100 80GB HBM3,0.6509722222222222,18d0d3e4fe53cbf13dce53a2e905a8fdbcc24c4e6903beb22e0aeae2a8c00a48,research_repository/ResultsArchive/incoming/common-protocol-structural-factorial__f31c2a6e/cell_result_gsm8k__q3_l2r_common_factorial_f31c2a6e_AC-ALG1_VIN-S16-B4-U1_seed47__AC-ALG1_s47.json,838f5b0aa723e2d5c74b37f15bdaf190963cef0e508f7ac22f96958f82b273e0,research_repository/ResultsArchive/incoming/common-protocol-structural-factorial__f31c2a6e/complete_gsm8k__q3_l2r_common_factorial_f31c2a6e_AC-ALG1_VIN-S16-B4-U1_seed47__AC-ALG1_s47.json,d73b09562c83cd3a386170405bbf0f2e6d30bb751a35ce98b887904ad706d96c
q3_l2r_common_factorial_f31c2a6e_AC-ALG1_VIN-S16-B4-U1_seed73,f31c2a6e,qwen3-1.7b-base,AC-ALG1,73,gsm8k,2211.1,1,NVIDIA H100 80GB HBM3,0.6141944444444444,0a70c13e1eb213eafe57f9b574aa3effe9642e29bb562f2e578090aa20d05b18,research_repository/ResultsArchive/incoming/common-protocol-structural-factorial__f31c2a6e/cell_result_gsm8k__q3_l2r_common_factorial_f31c2a6e_AC-ALG1_VIN-S16-B4-U1_seed73__AC-ALG1_s73.json,954503ae1ec962d5711061bdab57242e24fb49241d9636720f04731ed6fb3f8a,research_repository/ResultsArchive/incoming/common-protocol-structural-factorial__f31c2a6e/complete_gsm8k__q3_l2r_common_factorial_f31c2a6e_AC-ALG1_VIN-S16-B4-U1_seed73__AC-ALG1_s73.json,435769f9071795ee6314376ac63e89e18f52de7f990f0c7e52b73f5eebc50920
q3_l2r_common_factorial_f31c2a6e_AC-ALG1_VIN-S16-B4-U2_seed31,f31c2a6e,qwen3-1.7b-base,AC-ALG1,31,gsm8k,2211.6,1,NVIDIA H100 80GB HBM3,0.6143333333333333,219465bde99d9b4fa1cad0d53ead722bee752797ac0e77362615cb8c66f79bef,research_repository/ResultsArchive/incoming/common-protocol-structural-factorial__f31c2a6e/cell_result_gsm8k__q3_l2r_common_factorial_f31c2a6e_AC-ALG1_VIN-S16-B4-U2_seed31__AC-ALG1_s31.json,ae9a8072a222f4fb6ef7eaec8ea25d193a512a7844d2d19a4d3d25417ccd2cb2,research_repository/ResultsArchive/incoming/common-protocol-structural-factorial__f31c2a6e/complete_gsm8k__q3_l2r_common_factorial_f31c2a6e_AC-ALG1_VIN-S16-B4-U2_seed31__AC-ALG1_s31.json,dbe1caaa1ccdf654af31fe875c54b18d37e09c82c46f3803a13335e22a3a8c50
q3_l2r_common_factorial_f31c2a6e_AC-ALG1_VIN-S16-B4-U2_seed47,f31c2a6e,qwen3-1.7b-base,AC-ALG1,47,gsm8k,2208.7,1,NVIDIA H100 80GB HBM3,0.6135277777777777,06a36b053e41b56cefa8ab9b23fbf3e97876c93a6aaf01694f7c70b00c147d19,research_repository/ResultsArchive/incoming/common-protocol-structural-factorial__f31c2a6e/cell_result_gsm8k__q3_l2r_common_factorial_f31c2a6e_AC-ALG1_VIN-S16-B4-U2_seed47__AC-ALG1_s47.json,d5e89e526b6b65b212ed5c418bd42d6d260b51499df18178909e978ff1bf7e14,research_repository/ResultsArchive/incoming/common-protocol-structural-factorial__f31c2a6e/complete_gsm8k__q3_l2r_common_factorial_f31c2a6e_AC-ALG1_VIN-S16-B4-U2_seed47__AC-ALG1_s47.json,c1732276a78609eb639382927edf22cffc1aab8991794c1a5b920160e200813c
q3_l2r_common_factorial_f31c2a6e_AC-ALG1_VIN-S16-B4-U2_seed73,f31c2a6e,qwen3-1.7b-base,AC-ALG1,73,gsm8k,1860.7,1,NVIDIA H100 80GB HBM3,0.5168611111111111,af4ffc5eb250ef40e9881bb79302c362309c258080cdca2256e4a3349e03fde9,research_repository/ResultsArchive/incoming/common-protocol-structural-factorial__f31c2a6e/cell_result_gsm8k__q3_l2r_common_factorial_f31c2a6e_AC-ALG1_VIN-S16-B4-U2_seed73__AC-ALG1_s73.json,a78c62c29959a59c4695ddc1b6aa4843f67c4bb5792c5acb47cc4989b4b43567,research_repository/ResultsArchive/incoming/common-protocol-structural-factorial__f31c2a6e/complete_gsm8k__q3_l2r_common_factorial_f31c2a6e_AC-ALG1_VIN-S16-B4-U2_seed73__AC-ALG1_s73.json,8c475e9ffc7112a9e21c675b70a87637bab165c93113fd0226abc545d19b449d
q3_l2r_common_factorial_f31c2a6e_AC-ALG1_VIN-S16-B4-U4_seed31,f31c2a6e,qwen3-1.7b-base,AC-ALG1,31,gsm8k,2529.5,1,NVIDIA H100 80GB HBM3,0.7026388888888889,b3f9ab8350bbbb30c07cda300757d6a0f2f57a334d02aa0a136348818f0af7b4,research_repository/ResultsArchive/incoming/common-protocol-structural-factorial__f31c2a6e/cell_result_gsm8k__q3_l2r_common_factorial_f31c2a6e_AC-ALG1_VIN-S16-B4-U4_seed31__AC-ALG1_s31.json,2a62aab2aebecdb5340d2ba64395bc42bb53a8f4e81b614e03cb69f8798787d3,research_repository/ResultsArchive/incoming/common-protocol-structural-factorial__f31c2a6e/complete_gsm8k__q3_l2r_common_factorial_f31c2a6e_AC-ALG1_VIN-S16-B4-U4_seed31__AC-ALG1_s31.json,b6e5d49d407e5ca8417c500202bc92658625b548de3d64e08d5a674576cb013c
q3_l2r_common_factorial_f31c2a6e_AC-ALG1_VIN-S16-B4-U4_seed47,f31c2a6e,qwen3-1.7b-base,AC-ALG1,47,gsm8k,2588.3,1,NVIDIA H100 80GB HBM3,0.7189722222222222,b67d1e9af790f69b8044816516434535e349dc3fb9c4e51b8a8a0423798a9155,research_repository/ResultsArchive/incoming/common-protocol-structural-factorial__f31c2a6e/cell_result_gsm8k__q3_l2r_common_factorial_f31c2a6e_AC-ALG1_VIN-S16-B4-U4_seed47__AC-ALG1_s47.json,19babe274a739d41edd33597e9ce81a65adbde835d2005dfb78a910fd0c92bde,research_repository/ResultsArchive/incoming/common-protocol-structural-factorial__f31c2a6e/complete_gsm8k__q3_l2r_common_factorial_f31c2a6e_AC-ALG1_VIN-S16-B4-U4_seed47__AC-ALG1_s47.json,aed6b4bb06008ce967612790c7e1081310b24e30b6917decb5a3be2a4faa5074
q3_l2r_common_factorial_f31c2a6e_AC-ALG1_VIN-S16-B4-U4_seed73,f31c2a6e,qwen3-1.7b-base,AC-ALG1,73,gsm8k,2920.2,1,NVIDIA H100 80GB HBM3,0.8111666666666666,62a98175d8a7d936a3653c8d198edd975e011c0b7963ef840ed1038aa78662a8,research_repository/ResultsArchive/incoming/common-protocol-structural-factorial__f31c2a6e/cell_result_gsm8k__q3_l2r_common_factorial_f31c2a6e_AC-ALG1_VIN-S16-B4-U4_seed73__AC-ALG1_s73.json,4b4ddcd95beabff7aa75b428ebf6dd75c3129eb678136bcb169d831baa1c0899,research_repository/ResultsArchive/incoming/common-protocol-structural-factorial__f31c2a6e/complete_gsm8k__q3_l2r_common_factorial_f31c2a6e_AC-ALG1_VIN-S16-B4-U4_seed73__AC-ALG1_s73.json,5bedfabca4723658ac2fc45b50b07b713f6016e4bbd7c25854364d073a8eaba4
q3_l2r_common_factorial_f31c2a6e_AC-ALG1_VIN-S16-B8-U1_seed31,f31c2a6e,qwen3-1.7b-base,AC-ALG1,31,gsm8k,3854.5,1,NVIDIA H100 80GB HBM3,1.0706944444444444,e3eedc727eab7e3f2e16d4fa6ccf66b22ea41de8438deced022214709810ee8d,research_repository/ResultsArchive/incoming/common-protocol-structural-factorial__f31c2a6e/cell_result_gsm8k__q3_l2r_common_factorial_f31c2a6e_AC-ALG1_VIN-S16-B8-U1_seed31__AC-ALG1_s31.json,464cce57eecd38080a0d69829f3880ec8b7fc7a133c91e4b526c7703799b07e8,research_repository/ResultsArchive/incoming/common-protocol-structural-factorial__f31c2a6e/complete_gsm8k__q3_l2r_common_factorial_f31c2a6e_AC-ALG1_VIN-S16-B8-U1_seed31__AC-ALG1_s31.json,6797272c8843ea50660ca467b29a39669529bfc4b5f4428a5244107829a7dc0b
q3_l2r_common_factorial_f31c2a6e_AC-ALG1_VIN-S16-B8-U1_seed47,f31c2a6e,qwen3-1.7b-base,AC-ALG1,47,gsm8k,3135.6,1,NVIDIA H100 80GB HBM3,0.871,622f54ef59644bc7956b0a4c967da35ce1442f4e27b0a7199aecc0d65115b122,research_repository/ResultsArchive/incoming/common-protocol-structural-factorial__f31c2a6e/cell_result_gsm8k__q3_l2r_common_factorial_f31c2a6e_AC-ALG1_VIN-S16-B8-U1_seed47__AC-ALG1_s47.json,df1c145418888c6f32ee4c2f96e25c1b42352f252e9a1e9950e6827b7d7c12d2,research_repository/ResultsArchive/incoming/common-protocol-structural-factorial__f31c2a6e/complete_gsm8k__q3_l2r_common_factorial_f31c2a6e_AC-ALG1_VIN-S16-B8-U1_seed47__AC-ALG1_s47.json,85c6a0f7d1e0ba41ca148381246a8898f33a2d6398c718a5e348cc434f4f619c
q3_l2r_common_factorial_f31c2a6e_AC-ALG1_VIN-S16-B8-U1_seed73,f31c2a6e,qwen3-1.7b-base,AC-ALG1,73,gsm8k,2901.6,1,NVIDIA H100 80GB HBM3,0.8059999999999999,585042b5bdc8b72e442eb52985e6b2eaf71bfd167cc935580df085dce00e9950,research_repository/ResultsArchive/incoming/common-protocol-structural-factorial__f31c2a6e/cell_result_gsm8k__q3_l2r_common_factorial_f31c2a6e_AC-ALG1_VIN-S16-B8-U1_seed73__AC-ALG1_s73.json,3b75dd501a18bdf91a82a1d9e2276b9fe9eb0b650dc3ccd1a9482e4d851848af,research_repository/ResultsArchive/incoming/common-protocol-structural-factorial__f31c2a6e/complete_gsm8k__q3_l2r_common_factorial_f31c2a6e_AC-ALG1_VIN-S16-B8-U1_seed73__AC-ALG1_s73.json,edce6049206b3b47429f24b1c9ab7efccdc7afdcc15de29b2f1436d561b0e7eb
q3_l2r_common_factorial_f31c2a6e_AC-ALG1_VIN-S16-B8-U2_seed31,f31c2a6e,qwen3-1.7b-base,AC-ALG1,31,gsm8k,3464.9,1,NVIDIA H100 80GB HBM3,0.9624722222222223,d00796f4ffed5815f0e9057fac00efbcf9cf3845ae65c25c69b12244939b0fed,research_repository/ResultsArchive/incoming/common-protocol-structural-factorial__f31c2a6e/cell_result_gsm8k__q3_l2r_common_factorial_f31c2a6e_AC-ALG1_VIN-S16-B8-U2_seed31__AC-ALG1_s31.json,1057590a1f4b67a5163bd6dc4040792f6dc895e09bcd27cffc61ae0664c9a5c2,research_repository/ResultsArchive/incoming/common-protocol-structural-factorial__f31c2a6e/complete_gsm8k__q3_l2r_common_factorial_f31c2a6e_AC-ALG1_VIN-S16-B8-U2_seed31__AC-ALG1_s31.json,35d95ccc4c4fac64000e7445940eafec63cedea368e409f147481d269e314a30
q3_l2r_common_factorial_f31c2a6e_AC-ALG1_VIN-S16-B8-U2_seed47,f31c2a6e,qwen3-1.7b-base,AC-ALG1,47,gsm8k,2973.2,1,NVIDIA H100 80GB HBM3,0.8258888888888888,c5f79c8d1e76fa0d294a1b63998af82c43af992f4055332e7d41ba0597620bc3,research_repository/ResultsArchive/incoming/common-protocol-structural-factorial__f31c2a6e/cell_result_gsm8k__q3_l2r_common_factorial_f31c2a6e_AC-ALG1_VIN-S16-B8-U2_seed47__AC-ALG1_s47.json,dc8d7a4a41a280f5353e1735184b06eea996c9be140d41ce51d7726f6b0d4fd8,research_repository/ResultsArchive/incoming/common-protocol-structural-factorial__f31c2a6e/complete_gsm8k__q3_l2r_common_factorial_f31c2a6e_AC-ALG1_VIN-S16-B8-U2_seed47__AC-ALG1_s47.json,59036370af42daac7aa6373be9e65ac92b9b380cb5ed5c19f82259640554bd9f
q3_l2r_common_factorial_f31c2a6e_AC-ALG1_VIN-S16-B8-U2_seed73,f31c2a6e,qwen3-1.7b-base,AC-ALG1,73,gsm8k,3132.9,1,NVIDIA H100 80GB HBM3,0.8702500000000001,7a683082f652c5e043d8308b9eb97450a417bd16d1bc6ab5e275cc7a87849ee3,research_repository/ResultsArchive/incoming/common-protocol-structural-factorial__f31c2a6e/cell_result_gsm8k__q3_l2r_common_factorial_f31c2a6e_AC-ALG1_VIN-S16-B8-U2_seed73__AC-ALG1_s73.json,bbea1eb7d623580c47f607141eed78cf281dea3e8578e4cbd2af8f23a29d7d8b,research_repository/ResultsArchive/incoming/common-protocol-structural-factorial__f31c2a6e/complete_gsm8k__q3_l2r_common_factorial_f31c2a6e_AC-ALG1_VIN-S16-B8-U2_seed73__AC-ALG1_s73.json,a2044124a975b73b2ca69e64e18a976d54089e0bfa386c6385daab5bcd310551
q3_l2r_common_factorial_f31c2a6e_AC-ALG1_VIN-S16-B8-U4_seed31,f31c2a6e,qwen3-1.7b-base,AC-ALG1,31,gsm8k,3945.6,1,NVIDIA H100 80GB HBM3,1.096,150aedbc3cbc32098d76618fbe1dcd3f5ce3b45a2c7ea4ab7b6c3f1ce6997bc1,research_repository/ResultsArchive/incoming/common-protocol-structural-factorial__f31c2a6e/cell_result_gsm8k__q3_l2r_common_factorial_f31c2a6e_AC-ALG1_VIN-S16-B8-U4_seed31__AC-ALG1_s31.json,2dc9065eae5cf0689b1e79c0df95db2c50ab7a89ba24eb26b7bea3cc067257ce,research_repository/ResultsArchive/incoming/common-protocol-structural-factorial__f31c2a6e/complete_gsm8k__q3_l2r_common_factorial_f31c2a6e_AC-ALG1_VIN-S16-B8-U4_seed31__AC-ALG1_s31.json,690b4927259f293ef102178db71568a3850166af2d1377f0c0b2444b70df7028
q3_l2r_common_factorial_f31c2a6e_AC-ALG1_VIN-S16-B8-U4_seed47,f31c2a6e,qwen3-1.7b-base,AC-ALG1,47,gsm8k,4629.3,1,NVIDIA H100 80GB HBM3,1.2859166666666668,c5082d3fb9eb4dfd434e2d99289b6531d1729f3ee071e74109ccbdc801875fb7,research_repository/ResultsArchive/incoming/common-protocol-structural-factorial__f31c2a6e/cell_result_gsm8k__q3_l2r_common_factorial_f31c2a6e_AC-ALG1_VIN-S16-B8-U4_seed47__AC-ALG1_s47.json,2762009304671d0fc8e9fcbc32e3cf8856dc2396b8f020dcd7c0d37eb0c9190b,research_repository/ResultsArchive/incoming/common-protocol-structural-factorial__f31c2a6e/complete_gsm8k__q3_l2r_common_factorial_f31c2a6e_AC-ALG1_VIN-S16-B8-U4_seed47__AC-ALG1_s47.json,52d097f2d3b4c0d349c933c911968756afbd0244a47b2446658832e826bfeed6
q3_l2r_common_factorial_f31c2a6e_AC-ALG1_VIN-S16-B8-U4_seed73,f31c2a6e,qwen3-1.7b-base,AC-ALG1,73,gsm8k,3102.7,1,NVIDIA H100 80GB HBM3,0.8618611111111111,d25b29444bc9285a7d5d8ff2cdf37bd0499e1b570636d20e03fa88f76d7350b3,research_repository/ResultsArchive/incoming/common-protocol-structural-factorial__f31c2a6e/cell_result_gsm8k__q3_l2r_common_factorial_f31c2a6e_AC-ALG1_VIN-S16-B8-U4_seed73__AC-ALG1_s73.json,0b5c0e14581dd0e16aa474985c17e3932f3dfdc3397f5f4ad2a141b1ec719a64,research_repository/ResultsArchive/incoming/common-protocol-structural-factorial__f31c2a6e/complete_gsm8k__q3_l2r_common_factorial_f31c2a6e_AC-ALG1_VIN-S16-B8-U4_seed73__AC-ALG1_s73.json,9ac29089fdcce974ca86954f3e6e0ccf208c49453f8be264467a453a09a9d9be
q3_l2r_common_factorial_f31c2a6e_AC-ALG1_VIN-S32-B16-U1_seed31,f31c2a6e,qwen3-1.7b-base,AC-ALG1,31,gsm8k,7798.9,1,NVIDIA H100 80GB HBM3,2.166361111111111,fb32fc29d8389590d90ffb3f57f10cc6522014c53e1ebf69635adb7cac624144,research_repository/ResultsArchive/incoming/common-protocol-structural-factorial__f31c2a6e/cell_result_gsm8k__q3_l2r_common_factorial_f31c2a6e_AC-ALG1_VIN-S32-B16-U1_seed31__AC-ALG1_s31.json,0f35b347e0a3f932a41cb8e44e4d742512fa287a7f5d172da7acc5f6f30eb389,research_repository/ResultsArchive/incoming/common-protocol-structural-factorial__f31c2a6e/complete_gsm8k__q3_l2r_common_factorial_f31c2a6e_AC-ALG1_VIN-S32-B16-U1_seed31__AC-ALG1_s31.json,e6bfd06cded87f50eacd389f8e896e4eb19d75a444bfff1cfc917f16ed6c67d3
q3_l2r_common_factorial_f31c2a6e_AC-ALG1_VIN-S32-B16-U1_seed47,f31c2a6e,qwen3-1.7b-base,AC-ALG1,47,gsm8k,8563.3,1,NVIDIA H100 80GB HBM3,2.3786944444444442,ba7d28fd1938ed9f9d719381dfc85e26c4c8d97be20117d269e328fdea4cba70,research_repository/ResultsArchive/incoming/common-protocol-structural-factorial__f31c2a6e/cell_result_gsm8k__q3_l2r_common_factorial_f31c2a6e_AC-ALG1_VIN-S32-B16-U1_seed47__AC-ALG1_s47.json,8bdb6d7779fc6b3415814634a4718f107f1847ed831f5ca421bbd5677a48cb10,research_repository/ResultsArchive/incoming/common-protocol-structural-factorial__f31c2a6e/complete_gsm8k__q3_l2r_common_factorial_f31c2a6e_AC-ALG1_VIN-S32-B16-U1_seed47__AC-ALG1_s47.json,12c81d573f54cc66729387800efc57fdb6f9cb91259680e4c80f64403df95857
q3_l2r_common_factorial_f31c2a6e_AC-ALG1_VIN-S32-B16-U1_seed73,f31c2a6e,qwen3-1.7b-base,AC-ALG1,73,gsm8k,7729.7,1,NVIDIA H100 80GB HBM3,2.1471388888888887,09ae2e44ee2c1035c0866e92ae236dab5042fb2404c83ddb9591b6e979fb9e6b,research_repository/ResultsArchive/incoming/common-protocol-structural-factorial__f31c2a6e/cell_result_gsm8k__q3_l2r_common_factorial_f31c2a6e_AC-ALG1_VIN-S32-B16-U1_seed73__AC-ALG1_s73.json,2b5f550c1bb1e9b669b63400c006dfbc5718d0757217f38dd9fca530566f7352,research_repository/ResultsArchive/incoming/common-protocol-structural-factorial__f31c2a6e/complete_gsm8k__q3_l2r_common_factorial_f31c2a6e_AC-ALG1_VIN-S32-B16-U1_seed73__AC-ALG1_s73.json,2cb388757d82323b93525ddbfaf2155457bfc984fa4d38e9f76d941ae238456a
q3_l2r_common_factorial_f31c2a6e_AC-ALG1_VIN-S32-B16-U2_seed31,f31c2a6e,qwen3-1.7b-base,AC-ALG1,31,gsm8k,8517.2,1,NVIDIA H100 80GB HBM3,2.365888888888889,e7ba2582637c66b6d031a869d1dab0a4aea221cb801ed8ec6c6b814dae09500e,research_repository/ResultsArchive/incoming/common-protocol-structural-factorial__f31c2a6e/cell_result_gsm8k__q3_l2r_common_factorial_f31c2a6e_AC-ALG1_VIN-S32-B16-U2_seed31__AC-ALG1_s31.json,ccf988913e580be8c4c045ad3a769b5fa8691bf509a3d163b9dd8f516ce40042,research_repository/ResultsArchive/incoming/common-protocol-structural-factorial__f31c2a6e/complete_gsm8k__q3_l2r_common_factorial_f31c2a6e_AC-ALG1_VIN-S32-B16-U2_seed31__AC-ALG1_s31.json,fb4567df7e667e743bb5308cb671fcd0826961a9d75a0fc68bb03500a6f5f734
q3_l2r_common_factorial_f31c2a6e_AC-ALG1_VIN-S32-B16-U2_seed47,f31c2a6e,qwen3-1.7b-base,AC-ALG1,47,gsm8k,9186.5,1,NVIDIA H100 80GB HBM3,2.5518055555555557,e8a86993558d6a51fc9c5b81892ea2b815ba02575792a8dbf01d456da2f9d111,research_repository/ResultsArchive/incoming/common-protocol-structural-factorial__f31c2a6e/cell_result_gsm8k__q3_l2r_common_factorial_f31c2a6e_AC-ALG1_VIN-S32-B16-U2_seed47__AC-ALG1_s47.json,7583fc32b571de454b252cb2b3bdd5c23f565a593dfe361be65d879d6ded23fa,research_repository/ResultsArchive/incoming/common-protocol-structural-factorial__f31c2a6e/complete_gsm8k__q3_l2r_common_factorial_f31c2a6e_AC-ALG1_VIN-S32-B16-U2_seed47__AC-ALG1_s47.json,23a146f34821d6b146bd4dd05cdd5eef473787ee0fa2c8c158916cf18ac7ae61
q3_l2r_common_factorial_f31c2a6e_AC-ALG1_VIN-S32-B16-U2_seed73,f31c2a6e,qwen3-1.7b-base,AC-ALG1,73,gsm8k,8496.5,1,NVIDIA H100 80GB HBM3,2.360138888888889,2601b756f086fe20fbb588c5073f86a408e649c364d55260b5bc19310d5b9ee6,research_repository/ResultsArchive/incoming/common-protocol-structural-factorial__f31c2a6e/cell_result_gsm8k__q3_l2r_common_factorial_f31c2a6e_AC-ALG1_VIN-S32-B16-U2_seed73__AC-ALG1_s73.json,501147e46958f763ae8c59d7e8d96bbf951e2e97265ac5968a0534e1dc8d796a,research_repository/ResultsArchive/incoming/common-protocol-structural-factorial__f31c2a6e/complete_gsm8k__q3_l2r_common_factorial_f31c2a6e_AC-ALG1_VIN-S32-B16-U2_seed73__AC-ALG1_s73.json,687c1e00b89f128d3def5d5ddaf37cc285fec3466afefa56c6159a5e726fe0bb
q3_l2r_common_factorial_f31c2a6e_AC-ALG1_VIN-S32-B16-U4_seed31,f31c2a6e,qwen3-1.7b-base,AC-ALG1,31,gsm8k,9579.6,1,NVIDIA H100 80GB HBM3,2.661,5394630b8768bba0c81724b4f5a28ab6135e92dfe05c5fe1864e1e24f3f0b4fa,research_repository/ResultsArchive/incoming/common-protocol-structural-factorial__f31c2a6e/cell_result_gsm8k__q3_l2r_common_factorial_f31c2a6e_AC-ALG1_VIN-S32-B16-U4_seed31__AC-ALG1_s31.json,1b56075860c762206000d1e40b6522a79a5cb72b2aaa6685ace8ca971dd9632c,research_repository/ResultsArchive/incoming/common-protocol-structural-factorial__f31c2a6e/complete_gsm8k__q3_l2r_common_factorial_f31c2a6e_AC-ALG1_VIN-S32-B16-U4_seed31__AC-ALG1_s31.json,34a2a6c0cde70675798472dae014079815e400ebb3fd9875c4f49b84e3211cb9
q3_l2r_common_factorial_f31c2a6e_AC-ALG1_VIN-S32-B16-U4_seed47,f31c2a6e,qwen3-1.7b-base,AC-ALG1,47,gsm8k,10226.8,1,NVIDIA H100 80GB HBM3,2.8407777777777774,aad321aa9823ac5550dbc89e28909818cc5695979775ec844c0a6619a49a6b62,research_repository/ResultsArchive/incoming/common-protocol-structural-factorial__f31c2a6e/cell_result_gsm8k__q3_l2r_common_factorial_f31c2a6e_AC-ALG1_VIN-S32-B16-U4_seed47__AC-ALG1_s47.json,cfdee7e1d87fa2d66c9217a2ce8734c13f17708f50ce01a021b5c4ec5d20dc8c,research_repository/ResultsArchive/incoming/common-protocol-structural-factorial__f31c2a6e/complete_gsm8k__q3_l2r_common_factorial_f31c2a6e_AC-ALG1_VIN-S32-B16-U4_seed47__AC-ALG1_s47.json,477b22f1fc61c9ae039ff294a5fbe5c94d7a79b47400abe6857099d112b3daa2
q3_l2r_common_factorial_f31c2a6e_AC-ALG1_VIN-S32-B16-U4_seed73,f31c2a6e,qwen3-1.7b-base,AC-ALG1,73,gsm8k,9424.0,1,NVIDIA H100 80GB HBM3,2.617777777777778,30ea132fcaceaf64ee2b61475657794637abc6e1b183bb185bb08b216b52ad76,research_repository/ResultsArchive/incoming/common-protocol-structural-factorial__f31c2a6e/cell_result_gsm8k__q3_l2r_common_factorial_f31c2a6e_AC-ALG1_VIN-S32-B16-U4_seed73__AC-ALG1_s73.json,93f14fe5b935cb112d7d3bbdd5e41405c8c4d32f88b1b4c174ce22fb3d0d3d34,research_repository/ResultsArchive/incoming/common-protocol-structural-factorial__f31c2a6e/complete_gsm8k__q3_l2r_common_factorial_f31c2a6e_AC-ALG1_VIN-S32-B16-U4_seed73__AC-ALG1_s73.json,8e147f1d5ab5abdf3de7c217ccb02165ab314601a5fda288f59a19b8bb9a2888
q3_l2r_common_factorial_f31c2a6e_AC-ALG1_VIN-S32-B4-U1_seed31,f31c2a6e,qwen3-1.7b-base,AC-ALG1,31,gsm8k,2661.5,1,NVIDIA H100 80GB HBM3,0.7393055555555555,60cf623fdf55e03347e70e57321947da5dd1920b0e748e7fbdf606a21317f000,research_repository/ResultsArchive/incoming/common-protocol-structural-factorial__f31c2a6e/cell_result_gsm8k__q3_l2r_common_factorial_f31c2a6e_AC-ALG1_VIN-S32-B4-U1_seed31__AC-ALG1_s31.json,37637303cf760cf91a89267c51528bf438fa5ea36895f293ec4fb8717fe80db6,research_repository/ResultsArchive/incoming/common-protocol-structural-factorial__f31c2a6e/complete_gsm8k__q3_l2r_common_factorial_f31c2a6e_AC-ALG1_VIN-S32-B4-U1_seed31__AC-ALG1_s31.json,adf808a837773944f4b2e71a80f807061a60c1f68cab11e2a51230f539b45fe3
q3_l2r_common_factorial_f31c2a6e_AC-ALG1_VIN-S32-B4-U1_seed47,f31c2a6e,qwen3-1.7b-base,AC-ALG1,47,gsm8k,2949.9,1,NVIDIA H100 80GB HBM3,0.8194166666666667,00899824773c50b714b3e53d4b968e8dcf1f42fcbfcce1d3b75faf5af2907070,research_repository/ResultsArchive/incoming/common-protocol-structural-factorial__f31c2a6e/cell_result_gsm8k__q3_l2r_common_factorial_f31c2a6e_AC-ALG1_VIN-S32-B4-U1_seed47__AC-ALG1_s47.json,946e6a2c4ab681a1cd4aa55f36b8bf9dac3ca84752dd25b2bebb00784cb4b3d3,research_repository/ResultsArchive/incoming/common-protocol-structural-factorial__f31c2a6e/complete_gsm8k__q3_l2r_common_factorial_f31c2a6e_AC-ALG1_VIN-S32-B4-U1_seed47__AC-ALG1_s47.json,67b465028f70e3c59c1458d19f4e3b76fc59d8a588c60bede2420d7d068bd457
q3_l2r_common_factorial_f31c2a6e_AC-ALG1_VIN-S32-B4-U1_seed73,f31c2a6e,qwen3-1.7b-base,AC-ALG1,73,gsm8k,3204.4,1,NVIDIA H100 80GB HBM3,0.8901111111111112,a5c1ba06d6e20264f5c8d78bccabce4733178442444efa28bf633dd907aa1fb7,research_repository/ResultsArchive/incoming/common-protocol-structural-factorial__f31c2a6e/cell_result_gsm8k__q3_l2r_common_factorial_f31c2a6e_AC-ALG1_VIN-S32-B4-U1_seed73__AC-ALG1_s73.json,277f59d3b715f1932bf328898ed268aac4b4bd23a75ed1863dce04093ccfedb0,research_repository/ResultsArchive/incoming/common-protocol-structural-factorial__f31c2a6e/complete_gsm8k__q3_l2r_common_factorial_f31c2a6e_AC-ALG1_VIN-S32-B4-U1_seed73__AC-ALG1_s73.json,b077d21734bf7d85218344b47cde613932f3280b890928521a1db8e16cf7781a
q3_l2r_common_factorial_f31c2a6e_AC-ALG1_VIN-S32-B4-U2_seed31,f31c2a6e,qwen3-1.7b-base,AC-ALG1,31,gsm8k,2964.8,1,NVIDIA H100 80GB HBM3,0.8235555555555556,287aba4b6261b882051a072ba21e3817fb73838d4d077b92bb90511e49c6d95a,research_repository/ResultsArchive/incoming/common-protocol-structural-factorial__f31c2a6e/cell_result_gsm8k__q3_l2r_common_factorial_f31c2a6e_AC-ALG1_VIN-S32-B4-U2_seed31__AC-ALG1_s31.json,65eee98b81ab8df2299144fb7845ecdcdb5e5df84af033f19a682d502307e4bb,research_repository/ResultsArchive/incoming/common-protocol-structural-factorial__f31c2a6e/complete_gsm8k__q3_l2r_common_factorial_f31c2a6e_AC-ALG1_VIN-S32-B4-U2_seed31__AC-ALG1_s31.json,1a3679cc2fc73ad936ff2b739fbdb702e78fc8054ef001c23bed70dd62eab0b6
q3_l2r_common_factorial_f31c2a6e_AC-ALG1_VIN-S32-B4-U2_seed47,f31c2a6e,qwen3-1.7b-base,AC-ALG1,47,gsm8k,3003.4,1,NVIDIA H100 80GB HBM3,0.8342777777777778,fc68a62797dbfd89b79bbcef54be1a995848fbbd4c2e3ea1ab019d20aebd3d4e,research_repository/ResultsArchive/incoming/common-protocol-structural-factorial__f31c2a6e/cell_result_gsm8k__q3_l2r_common_factorial_f31c2a6e_AC-ALG1_VIN-S32-B4-U2_seed47__AC-ALG1_s47.json,f59082f5b71bc5b7be96c65354b57fd997bc24f0435486ddd1a0458c24a3b5a7,research_repository/ResultsArchive/incoming/common-protocol-structural-factorial__f31c2a6e/complete_gsm8k__q3_l2r_common_factorial_f31c2a6e_AC-ALG1_VIN-S32-B4-U2_seed47__AC-ALG1_s47.json,69ae4afecfffb77189c7261d056b1356ef03744b26b6a04810fab1b3881316f1
q3_l2r_common_factorial_f31c2a6e_AC-ALG1_VIN-S32-B4-U2_seed73,f31c2a6e,qwen3-1.7b-base,AC-ALG1,73,gsm8k,3612.0,1,NVIDIA H100 80GB HBM3,1.0033333333333334,67dc0dcdad61c11414ee4ac5dd56edd2e6b55313e743c336c73c57b4f10002b9,research_repository/ResultsArchive/incoming/common-protocol-structural-factorial__f31c2a6e/cell_result_gsm8k__q3_l2r_common_factorial_f31c2a6e_AC-ALG1_VIN-S32-B4-U2_seed73__AC-ALG1_s73.json,8387ea46b0e578034cec88f0a481861c4c86dcebb2bbb929f3be2531164e7787,research_repository/ResultsArchive/incoming/common-protocol-structural-factorial__f31c2a6e/complete_gsm8k__q3_l2r_common_factorial_f31c2a6e_AC-ALG1_VIN-S32-B4-U2_seed73__AC-ALG1_s73.json,3c5c80105eef45ddc1f5af225c1b2620747e15fd63a1f2fcf8b7e66561810b95
q3_l2r_common_factorial_f31c2a6e_AC-ALG1_VIN-S32-B4-U4_seed31,f31c2a6e,qwen3-1.7b-base,AC-ALG1,31,gsm8k,3096.6,1,NVIDIA H100 80GB HBM3,0.8601666666666666,d9fcf3de4c3af24b59a07fe40d8839b6cf311ac9a597ff0a5cf3d05552c9b56d,research_repository/ResultsArchive/incoming/common-protocol-structural-factorial__f31c2a6e/cell_result_gsm8k__q3_l2r_common_factorial_f31c2a6e_AC-ALG1_VIN-S32-B4-U4_seed31__AC-ALG1_s31.json,0be9d72e702ba6abd68441327e787eb231a031261634ab432c4d93df9d1f1bba,research_repository/ResultsArchive/incoming/common-protocol-structural-factorial__f31c2a6e/complete_gsm8k__q3_l2r_common_factorial_f31c2a6e_AC-ALG1_VIN-S32-B4-U4_seed31__AC-ALG1_s31.json,80be3cd81ce98352315ff17f7538e56431015b46d6388f5be32a0548e4c66a40
q3_l2r_common_factorial_f31c2a6e_AC-ALG1_VIN-S32-B4-U4_seed47,f31c2a6e,qwen3-1.7b-base,AC-ALG1,47,gsm8k,3735.7,1,NVIDIA H100 80GB HBM3,1.0376944444444445,dd767d8c9eea3274e8b2609783c0be65f0a340b506d05f605465d2b4ceb5458e,research_repository/ResultsArchive/incoming/common-protocol-structural-factorial__f31c2a6e/cell_result_gsm8k__q3_l2r_common_factorial_f31c2a6e_AC-ALG1_VIN-S32-B4-U4_seed47__AC-ALG1_s47.json,71d496083be258ad1dbb5a8fd38b552e3d5310e6590d2a4fe173f52fb3695fa2,research_repository/ResultsArchive/incoming/common-protocol-structural-factorial__f31c2a6e/complete_gsm8k__q3_l2r_common_factorial_f31c2a6e_AC-ALG1_VIN-S32-B4-U4_seed47__AC-ALG1_s47.json,4d0be95ed7cac4dcaf73ff4415ff7bfaa506b7df68ae0357c8aaf1ff6ca65d26
q3_l2r_common_factorial_f31c2a6e_AC-ALG1_VIN-S32-B4-U4_seed73,f31c2a6e,qwen3-1.7b-base,AC-ALG1,73,gsm8k,3359.9,1,NVIDIA H100 80GB HBM3,0.9333055555555556,19f8e399a65bd3a5fc83bc13212ceed5d1642099900066a956c36413a61ad14a,research_repository/ResultsArchive/incoming/common-protocol-structural-factorial__f31c2a6e/cell_result_gsm8k__q3_l2r_common_factorial_f31c2a6e_AC-ALG1_VIN-S32-B4-U4_seed73__AC-ALG1_s73.json,31920d00060234e0f9eb2250d217885f6c422a3a70ccb3466fd088ecbd055d77,research_repository/ResultsArchive/incoming/common-protocol-structural-factorial__f31c2a6e/complete_gsm8k__q3_l2r_common_factorial_f31c2a6e_AC-ALG1_VIN-S32-B4-U4_seed73__AC-ALG1_s73.json,f88c0962a706d2625a32ee91874cd8268871f74b3135c34a60b3e7f4f24520d7
q3_l2r_common_factorial_f31c2a6e_AC-ALG1_VIN-S32-B8-U1_seed31,f31c2a6e,qwen3-1.7b-base,AC-ALG1,31,gsm8k,4373.5,1,NVIDIA H100 80GB HBM3,1.2148611111111112,daac768fc119217365f3c7571f5b08e5c38b0e303e5dbee42ea553575034dd2e,research_repository/ResultsArchive/incoming/common-protocol-structural-factorial__f31c2a6e/cell_result_gsm8k__q3_l2r_common_factorial_f31c2a6e_AC-ALG1_VIN-S32-B8-U1_seed31__AC-ALG1_s31.json,e016611a6be05d81769248cba84c342bc0e7c8a3cbeb5cbd94fdd47fe8f74a77,research_repository/ResultsArchive/incoming/common-protocol-structural-factorial__f31c2a6e/complete_gsm8k__q3_l2r_common_factorial_f31c2a6e_AC-ALG1_VIN-S32-B8-U1_seed31__AC-ALG1_s31.json,66356348a9090f8f5a016b164b19b979ed525c91c8cab4396e038506bf9f259c
q3_l2r_common_factorial_f31c2a6e_AC-ALG1_VIN-S32-B8-U1_seed47,f31c2a6e,qwen3-1.7b-base,AC-ALG1,47,gsm8k,4556.5,1,NVIDIA H100 80GB HBM3,1.2656944444444445,3bee80d008e6b8b67f7bf4d14edb6db1abe0399e71624d9d4ed1f0e94afa7672,research_repository/ResultsArchive/incoming/common-protocol-structural-factorial__f31c2a6e/cell_result_gsm8k__q3_l2r_common_factorial_f31c2a6e_AC-ALG1_VIN-S32-B8-U1_seed47__AC-ALG1_s47.json,cd39ffee3ca2cd7d4a53b90730618ce85deb4e6102f7731f58fb7781ad0c8abf,research_repository/ResultsArchive/incoming/common-protocol-structural-factorial__f31c2a6e/complete_gsm8k__q3_l2r_common_factorial_f31c2a6e_AC-ALG1_VIN-S32-B8-U1_seed47__AC-ALG1_s47.json,821d6b698780c441ce220dbe34a02b6905623982b93789d6739870448600f799
q3_l2r_common_factorial_f31c2a6e_AC-ALG1_VIN-S32-B8-U1_seed73,f31c2a6e,qwen3-1.7b-base,AC-ALG1,73,gsm8k,4341.2,1,NVIDIA H100 80GB HBM3,1.2058888888888888,955f234656477afe5aae7b03a27b113981fc947d1056379d4eef52fc0b54550f,research_repository/ResultsArchive/incoming/common-protocol-structural-factorial__f31c2a6e/cell_result_gsm8k__q3_l2r_common_factorial_f31c2a6e_AC-ALG1_VIN-S32-B8-U1_seed73__AC-ALG1_s73.json,0a220a2bf493a10da272ff465d171a458b1ce26e5c0c7fb22a0bf5daf7cdefa3,research_repository/ResultsArchive/incoming/common-protocol-structural-factorial__f31c2a6e/complete_gsm8k__q3_l2r_common_factorial_f31c2a6e_AC-ALG1_VIN-S32-B8-U1_seed73__AC-ALG1_s73.json,d39fc281a3ad52c341c266a7f0aac207b018e5bc247907538952ef6b35547684
q3_l2r_common_factorial_f31c2a6e_AC-ALG1_VIN-S32-B8-U2_seed31,f31c2a6e,qwen3-1.7b-base,AC-ALG1,31,gsm8k,4780.2,1,NVIDIA H100 80GB HBM3,1.3278333333333332,87ec52438d5aa1c2ce46444de5c465352f73d2bac043d7d60f60b38a84dc5eb1,research_repository/ResultsArchive/incoming/common-protocol-structural-factorial__f31c2a6e/cell_result_gsm8k__q3_l2r_common_factorial_f31c2a6e_AC-ALG1_VIN-S32-B8-U2_seed31__AC-ALG1_s31.json,832f4d3d4646671e359faa5cd336c5ca98c2340746497637e6f06fe36a314e51,research_repository/ResultsArchive/incoming/common-protocol-structural-factorial__f31c2a6e/complete_gsm8k__q3_l2r_common_factorial_f31c2a6e_AC-ALG1_VIN-S32-B8-U2_seed31__AC-ALG1_s31.json,30890ac39b4fff3fa78735a1d23c0894e045ea86ba601746e4a078b480330bde
q3_l2r_common_factorial_f31c2a6e_AC-ALG1_VIN-S32-B8-U2_seed47,f31c2a6e,qwen3-1.7b-base,AC-ALG1,47,gsm8k,4758.1,1,NVIDIA H100 80GB HBM3,1.3216944444444445,f7efdb3221a3e712d3defa9f15f5ce0e6d8339981206678f3c8df13017888843,research_repository/ResultsArchive/incoming/common-protocol-structural-factorial__f31c2a6e/cell_result_gsm8k__q3_l2r_common_factorial_f31c2a6e_AC-ALG1_VIN-S32-B8-U2_seed47__AC-ALG1_s47.json,1d41310d23b6d254d2a14358da4afd1e044c15a36b4e31029c8e8557eb7d158a,research_repository/ResultsArchive/incoming/common-protocol-structural-factorial__f31c2a6e/complete_gsm8k__q3_l2r_common_factorial_f31c2a6e_AC-ALG1_VIN-S32-B8-U2_seed47__AC-ALG1_s47.json,dd99a3122355325f7fb04a68b60485f308de5451ca19727f172659e79ed1cc8a
q3_l2r_common_factorial_f31c2a6e_AC-ALG1_VIN-S32-B8-U2_seed73,f31c2a6e,qwen3-1.7b-base,AC-ALG1,73,gsm8k,4674.7,1,NVIDIA H100 80GB HBM3,1.2985277777777777,678e157104087f6cfc69437a21a1d5a233bdb1cc3921efdcb1627291b1f26e36,research_repository/ResultsArchive/incoming/common-protocol-structural-factorial__f31c2a6e/cell_result_gsm8k__q3_l2r_common_factorial_f31c2a6e_AC-ALG1_VIN-S32-B8-U2_seed73__AC-ALG1_s73.json,6c905bfe6ca9338cb9b6026291e7f8c34a12fcf2bf0978886e057890155eaff7,research_repository/ResultsArchive/incoming/common-protocol-structural-factorial__f31c2a6e/complete_gsm8k__q3_l2r_common_factorial_f31c2a6e_AC-ALG1_VIN-S32-B8-U2_seed73__AC-ALG1_s73.json,dc6f27a598ec98d7fd44273284ca9ac94d7008e4c899830e680a3c5a5b91b359
q3_l2r_common_factorial_f31c2a6e_AC-ALG1_VIN-S32-B8-U4_seed31,f31c2a6e,qwen3-1.7b-base,AC-ALG1,31,gsm8k,5143.0,1,NVIDIA H100 80GB HBM3,1.428611111111111,a37883ae8361849a55647628cb10cef90877fd610b5688481aedd520ca01be68,research_repository/ResultsArchive/incoming/common-protocol-structural-factorial__f31c2a6e/cell_result_gsm8k__q3_l2r_common_factorial_f31c2a6e_AC-ALG1_VIN-S32-B8-U4_seed31__AC-ALG1_s31.json,2f4bda035b09fc36df9dd44f5675d9c8c1c87fd67580f8c25acf956bb1591dc6,research_repository/ResultsArchive/incoming/common-protocol-structural-factorial__f31c2a6e/complete_gsm8k__q3_l2r_common_factorial_f31c2a6e_AC-ALG1_VIN-S32-B8-U4_seed31__AC-ALG1_s31.json,2c221e5dd6aedf7ea0408593f3ad2426658d378a204cea61dd1e270906980a43
q3_l2r_common_factorial_f31c2a6e_AC-ALG1_VIN-S32-B8-U4_seed47,f31c2a6e,qwen3-1.7b-base,AC-ALG1,47,gsm8k,5807.6,1,NVIDIA H100 80GB HBM3,1.6132222222222223,ef06c96516892395d49dba5d1125d3ad563255da3e71481a6b7ec62431165784,research_repository/ResultsArchive/incoming/common-protocol-structural-factorial__f31c2a6e/cell_result_gsm8k__q3_l2r_common_factorial_f31c2a6e_AC-ALG1_VIN-S32-B8-U4_seed47__AC-ALG1_s47.json,f3e263ac8314141c0086383eb75ea348d22d1c34253ced56fc94f8f4296f1755,research_repository/ResultsArchive/incoming/common-protocol-structural-factorial__f31c2a6e/complete_gsm8k__q3_l2r_common_factorial_f31c2a6e_AC-ALG1_VIN-S32-B8-U4_seed47__AC-ALG1_s47.json,1f7cc7fa947c0cbc45736cedcb8347b12bd500116c71b4337fbb7ea9f2ad40e1
q3_l2r_common_factorial_f31c2a6e_AC-ALG1_VIN-S32-B8-U4_seed73,f31c2a6e,qwen3-1.7b-base,AC-ALG1,73,gsm8k,5370.4,1,NVIDIA H100 80GB HBM3,1.4917777777777776,c1cfb7df8b4a24eca9ce67d4a8da00e33cb4dcf6569e9c20a0dcced08f46dd50,research_repository/ResultsArchive/incoming/common-protocol-structural-factorial__f31c2a6e/cell_result_gsm8k__q3_l2r_common_factorial_f31c2a6e_AC-ALG1_VIN-S32-B8-U4_seed73__AC-ALG1_s73.json,61dfb53c4896584513ad1d00a320a16b8aba0ea6e2e5576403f5e075c0221021,research_repository/ResultsArchive/incoming/common-protocol-structural-factorial__f31c2a6e/complete_gsm8k__q3_l2r_common_factorial_f31c2a6e_AC-ALG1_VIN-S32-B8-U4_seed73__AC-ALG1_s73.json,196bc79bb48a2d80d4c0dac6f38fb2fa50eb1e5fd5d426ce7e228a15130ea709
q3_l2r_common_factorial_f31c2a6e_AC-ALG1_VIN-S8-B16-U1_seed31,f31c2a6e,qwen3-1.7b-base,AC-ALG1,31,gsm8k,2834.8,1,NVIDIA H100 80GB HBM3,0.7874444444444445,6e896df224d69ec9b84f165e731e9e91794c4a489cadaf0dc28c8bfe138ea225,research_repository/ResultsArchive/incoming/common-protocol-structural-factorial__f31c2a6e/cell_result_gsm8k__q3_l2r_common_factorial_f31c2a6e_AC-ALG1_VIN-S8-B16-U1_seed31__AC-ALG1_s31.json,d89a1b5c8fc4216d1bdd33d7b85ef41a24739dccf9dac723dd0f650f5eb3e868,research_repository/ResultsArchive/incoming/common-protocol-structural-factorial__f31c2a6e/complete_gsm8k__q3_l2r_common_factorial_f31c2a6e_AC-ALG1_VIN-S8-B16-U1_seed31__AC-ALG1_s31.json,2446d94c532a85013bc71ef45461ed50bf0881186e0304673db7391601dbc36f
q3_l2r_common_factorial_f31c2a6e_AC-ALG1_VIN-S8-B16-U1_seed47,f31c2a6e,qwen3-1.7b-base,AC-ALG1,47,gsm8k,3018.7,1,NVIDIA H100 80GB HBM3,0.8385277777777778,f960efed6283d4e9b28c057df0896fa560df1cde8433c122d66648b1b96e3663,research_repository/ResultsArchive/incoming/common-protocol-structural-factorial__f31c2a6e/cell_result_gsm8k__q3_l2r_common_factorial_f31c2a6e_AC-ALG1_VIN-S8-B16-U1_seed47__AC-ALG1_s47.json,7d9caab2859c2a4c468ca753208aa2031079ca4239e2b04cb77513d150e3d7f6,research_repository/ResultsArchive/incoming/common-protocol-structural-factorial__f31c2a6e/complete_gsm8k__q3_l2r_common_factorial_f31c2a6e_AC-ALG1_VIN-S8-B16-U1_seed47__AC-ALG1_s47.json,c0654c83b25303cb604856e54da2f861474481ab84b3a7599b75a1b70b8118a9
q3_l2r_common_factorial_f31c2a6e_AC-ALG1_VIN-S8-B16-U1_seed73,f31c2a6e,qwen3-1.7b-base,AC-ALG1,73,gsm8k,2975.2,1,NVIDIA H100 80GB HBM3,0.8264444444444444,ed815b210f1bf978977d4230f7c2c0b82dee52505d6e96b5ca0b0464c1121c9b,research_repository/ResultsArchive/incoming/common-protocol-structural-factorial__f31c2a6e/cell_result_gsm8k__q3_l2r_common_factorial_f31c2a6e_AC-ALG1_VIN-S8-B16-U1_seed73__AC-ALG1_s73.json,0b3dd615cea303484f57c8b562862861289fc5c0dd525f354b5e561882152712,research_repository/ResultsArchive/incoming/common-protocol-structural-factorial__f31c2a6e/complete_gsm8k__q3_l2r_common_factorial_f31c2a6e_AC-ALG1_VIN-S8-B16-U1_seed73__AC-ALG1_s73.json,67edb2adbee2daed36d71ec9489117178be2aa67293cd91048d48be62f115b45
q3_l2r_common_factorial_f31c2a6e_AC-ALG1_VIN-S8-B16-U2_seed31,f31c2a6e,qwen3-1.7b-base,AC-ALG1,31,gsm8k,2975.6,1,NVIDIA H100 80GB HBM3,0.8265555555555555,fc65ab7f6a41fd1b9da34e75cdf4e97ba3bb1d925c1bd35717f456d849253514,research_repository/ResultsArchive/incoming/common-protocol-structural-factorial__f31c2a6e/cell_result_gsm8k__q3_l2r_common_factorial_f31c2a6e_AC-ALG1_VIN-S8-B16-U2_seed31__AC-ALG1_s31.json,1c19d6daa55396f9518158956ad805cdb4231486dab3fd3dd64cdf15c14f6974,research_repository/ResultsArchive/incoming/common-protocol-structural-factorial__f31c2a6e/complete_gsm8k__q3_l2r_common_factorial_f31c2a6e_AC-ALG1_VIN-S8-B16-U2_seed31__AC-ALG1_s31.json,ccfbddc2b8f4e1ef8a9f443549137a9fac22f7ca1f8bc28c0396b4b639b9144a
q3_l2r_common_factorial_f31c2a6e_AC-ALG1_VIN-S8-B16-U2_seed47,f31c2a6e,qwen3-1.7b-base,AC-ALG1,47,gsm8k,3041.9,1,NVIDIA H100 80GB HBM3,0.8449722222222222,b898ad299b95e6bea5751418fa4e5840c21ce1f67486d2267b8d39fa73205457,research_repository/ResultsArchive/incoming/common-protocol-structural-factorial__f31c2a6e/cell_result_gsm8k__q3_l2r_common_factorial_f31c2a6e_AC-ALG1_VIN-S8-B16-U2_seed47__AC-ALG1_s47.json,f835592e6c0b794636c8cdd4fcdafe2e471e6c27f3d16c1ed4e051d00e57af36,research_repository/ResultsArchive/incoming/common-protocol-structural-factorial__f31c2a6e/complete_gsm8k__q3_l2r_common_factorial_f31c2a6e_AC-ALG1_VIN-S8-B16-U2_seed47__AC-ALG1_s47.json,5d6eddaa3ea3c2119c87b6c8c4d2394045e6f24bcfab71e9b4ada24089eac224
q3_l2r_common_factorial_f31c2a6e_AC-ALG1_VIN-S8-B16-U2_seed73,f31c2a6e,qwen3-1.7b-base,AC-ALG1,73,gsm8k,2952.5,1,NVIDIA H100 80GB HBM3,0.8201388888888889,0863683b6633a2be340a3761e1fea2d719b5239b1acb1f0196812677cea2dac1,research_repository/ResultsArchive/incoming/common-protocol-structural-factorial__f31c2a6e/cell_result_gsm8k__q3_l2r_common_factorial_f31c2a6e_AC-ALG1_VIN-S8-B16-U2_seed73__AC-ALG1_s73.json,370461beaab88192ce8f8c319cc9611fd30679fd0086948a8bcb5054a971c6fe,research_repository/ResultsArchive/incoming/common-protocol-structural-factorial__f31c2a6e/complete_gsm8k__q3_l2r_common_factorial_f31c2a6e_AC-ALG1_VIN-S8-B16-U2_seed73__AC-ALG1_s73.json,233b7f31bfb4fdaf470307f8a5dd150c2a51a4a987bfe9a6cbf217e2620f8ab5
q3_l2r_common_factorial_f31c2a6e_AC-ALG1_VIN-S8-B16-U4_seed31,f31c2a6e,qwen3-1.7b-base,AC-ALG1,31,gsm8k,3556.9,1,NVIDIA H100 80GB HBM3,0.9880277777777778,51ce3a8fc94929919bfbb0619545997f6b3f47d393588f9930e6d181cc3a15b2,research_repository/ResultsArchive/incoming/common-protocol-structural-factorial__f31c2a6e/cell_result_gsm8k__q3_l2r_common_factorial_f31c2a6e_AC-ALG1_VIN-S8-B16-U4_seed31__AC-ALG1_s31.json,c974655a087df0a69283dc774a3593b5725cbd68a7556a72a3024c123f55f7bb,research_repository/ResultsArchive/incoming/common-protocol-structural-factorial__f31c2a6e/complete_gsm8k__q3_l2r_common_factorial_f31c2a6e_AC-ALG1_VIN-S8-B16-U4_seed31__AC-ALG1_s31.json,6d74966ffd6cea291a4ca496cb5b1e8bd42fee19766bf21f64b893a2bab6e86b
q3_l2r_common_factorial_f31c2a6e_AC-ALG1_VIN-S8-B16-U4_seed47,f31c2a6e,qwen3-1.7b-base,AC-ALG1,47,gsm8k,3760.3,1,NVIDIA H100 80GB HBM3,1.0445277777777777,bae637645de0b7f4db37bdb088610dc57284ea303a09f540989dc30e468c86e0,research_repository/ResultsArchive/incoming/common-protocol-structural-factorial__f31c2a6e/cell_result_gsm8k__q3_l2r_common_factorial_f31c2a6e_AC-ALG1_VIN-S8-B16-U4_seed47__AC-ALG1_s47.json,bbb92cb378d0221e983e41cf3d34c9f0a1067f2d146d5e10a8f67ebbdb0edaf9,research_repository/ResultsArchive/incoming/common-protocol-structural-factorial__f31c2a6e/complete_gsm8k__q3_l2r_common_factorial_f31c2a6e_AC-ALG1_VIN-S8-B16-U4_seed47__AC-ALG1_s47.json,a9968ce90f1ef9f2cf3f5f0c8e8dafefee5b9fda305edc5d037668562f107627
q3_l2r_common_factorial_f31c2a6e_AC-ALG1_VIN-S8-B16-U4_seed73,f31c2a6e,qwen3-1.7b-base,AC-ALG1,73,gsm8k,3687.3,1,NVIDIA H100 80GB HBM3,1.02425,01e73047b1715592ec8fa779107e0c2aeb5c307d2455eb844508b689fcac0b47,research_repository/ResultsArchive/incoming/common-protocol-structural-factorial__f31c2a6e/cell_result_gsm8k__q3_l2r_common_factorial_f31c2a6e_AC-ALG1_VIN-S8-B16-U4_seed73__AC-ALG1_s73.json,581681b060030e1032cc4bc5b7e5ede295f786087701382996d04b361d7c1576,research_repository/ResultsArchive/incoming/common-protocol-structural-factorial__f31c2a6e/complete_gsm8k__q3_l2r_common_factorial_f31c2a6e_AC-ALG1_VIN-S8-B16-U4_seed73__AC-ALG1_s73.json,af72afc666db56e89cad13723951cf624e30da47de7a206a6a41f9ebd6d771fa
q3_l2r_common_factorial_f31c2a6e_AC-ALG1_VIN-S8-B4-U1_seed31,f31c2a6e,qwen3-1.7b-base,AC-ALG1,31,gsm8k,1810.3,1,NVIDIA H100 80GB HBM3,0.5028611111111111,e3ee6281a218db20e290f1c211d2d2bd1b28f786f4b2fe7e8510210dc0b58948,research_repository/ResultsArchive/incoming/common-protocol-structural-factorial__f31c2a6e/cell_result_gsm8k__q3_l2r_common_factorial_f31c2a6e_AC-ALG1_VIN-S8-B4-U1_seed31__AC-ALG1_s31.json,6e6572ae7b96d2281627cae642217fac00d07f209cec7cadcf0fc3ef6d279d13,research_repository/ResultsArchive/incoming/common-protocol-structural-factorial__f31c2a6e/complete_gsm8k__q3_l2r_common_factorial_f31c2a6e_AC-ALG1_VIN-S8-B4-U1_seed31__AC-ALG1_s31.json,390235e65a91100c879e6067775e6b1a895e99e5bdd1ea99f90b3225e662eea8
q3_l2r_common_factorial_f31c2a6e_AC-ALG1_VIN-S8-B4-U1_seed47,f31c2a6e,qwen3-1.7b-base,AC-ALG1,47,gsm8k,1607.7,1,NVIDIA H100 80GB HBM3,0.44658333333333333,b9acd623122588046ce028180d1fae732f6d01d0be7d73d1715f23ed1e59436f,research_repository/ResultsArchive/incoming/common-protocol-structural-factorial__f31c2a6e/cell_result_gsm8k__q3_l2r_common_factorial_f31c2a6e_AC-ALG1_VIN-S8-B4-U1_seed47__AC-ALG1_s47.json,5c2c02f2ed7b5baf36361333d1308790d662bb23be32a988f6544a8f3350c19c,research_repository/ResultsArchive/incoming/common-protocol-structural-factorial__f31c2a6e/complete_gsm8k__q3_l2r_common_factorial_f31c2a6e_AC-ALG1_VIN-S8-B4-U1_seed47__AC-ALG1_s47.json,44d780c30fe40941a0ece3603bf2798afb9d2c3e4775f564dac684b06e4faeca
q3_l2r_common_factorial_f31c2a6e_AC-ALG1_VIN-S8-B4-U1_seed73,f31c2a6e,qwen3-1.7b-base,AC-ALG1,73,gsm8k,1496.8,1,NVIDIA H100 80GB HBM3,0.41577777777777775,a1e09ed598ac7574ee3439f38dcb7d386618ae46de9d87316b90c45405ff5e90,research_repository/ResultsArchive/incoming/common-protocol-structural-factorial__f31c2a6e/cell_result_gsm8k__q3_l2r_common_factorial_f31c2a6e_AC-ALG1_VIN-S8-B4-U1_seed73__AC-ALG1_s73.json,513dc4486ec0d2f4b057ad496bf94439b625042d29ce8deb584d1010f7e547e4,research_repository/ResultsArchive/incoming/common-protocol-structural-factorial__f31c2a6e/complete_gsm8k__q3_l2r_common_factorial_f31c2a6e_AC-ALG1_VIN-S8-B4-U1_seed73__AC-ALG1_s73.json,7a374d54dd902075bf48644036872201c75f1eb2cce8b8c66ebb9703a10de69a
q3_l2r_common_factorial_f31c2a6e_AC-ALG1_VIN-S8-B4-U2_seed31,f31c2a6e,qwen3-1.7b-base,AC-ALG1,31,gsm8k,1627.6,1,NVIDIA H100 80GB HBM3,0.4521111111111111,4ba437a1c80ea0b2fff4cbc2af381389df79b5455de93773bd7dd45e5bf453c3,research_repository/ResultsArchive/incoming/common-protocol-structural-factorial__f31c2a6e/cell_result_gsm8k__q3_l2r_common_factorial_f31c2a6e_AC-ALG1_VIN-S8-B4-U2_seed31__AC-ALG1_s31.json,424008db2a8a43c37d562793c550e36d986b6a7b700b94061d9262fd5d54a983,research_repository/ResultsArchive/incoming/common-protocol-structural-factorial__f31c2a6e/complete_gsm8k__q3_l2r_common_factorial_f31c2a6e_AC-ALG1_VIN-S8-B4-U2_seed31__AC-ALG1_s31.json,2c4885bbcdb9a8b59bd861367c8e954ba22676ec5d9d7370582764eefd814d32
q3_l2r_common_factorial_f31c2a6e_AC-ALG1_VIN-S8-B4-U2_seed47,f31c2a6e,qwen3-1.7b-base,AC-ALG1,47,gsm8k,1611.7,1,NVIDIA H100 80GB HBM3,0.44769444444444445,2450b26ed2d045cbc721dbdcc4a2b6f34250a63af0c1a230552db289dac64775,research_repository/ResultsArchive/incoming/common-protocol-structural-factorial__f31c2a6e/cell_result_gsm8k__q3_l2r_common_factorial_f31c2a6e_AC-ALG1_VIN-S8-B4-U2_seed47__AC-ALG1_s47.json,fe686bd5241b79bf6f599bd7be6a23f1ccfb4b09ad6da55f4ce5e927c6046015,research_repository/ResultsArchive/incoming/common-protocol-structural-factorial__f31c2a6e/complete_gsm8k__q3_l2r_common_factorial_f31c2a6e_AC-ALG1_VIN-S8-B4-U2_seed47__AC-ALG1_s47.json,3361adc748901fe847e3859a0d1253081cf757a5174c2a4d29e1d27bd5c0434d
q3_l2r_common_factorial_f31c2a6e_AC-ALG1_VIN-S8-B4-U2_seed73,f31c2a6e,qwen3-1.7b-base,AC-ALG1,73,gsm8k,1914.7,1,NVIDIA H100 80GB HBM3,0.5318611111111111,e321553f0bf5f3b954793eb387716953c15f192bf38ea958c6ff3806aad7196a,research_repository/ResultsArchive/incoming/common-protocol-structural-factorial__f31c2a6e/cell_result_gsm8k__q3_l2r_common_factorial_f31c2a6e_AC-ALG1_VIN-S8-B4-U2_seed73__AC-ALG1_s73.json,76aa553292a692f79b2ea051463bcbb11621224f19ba6a1e06b7c097c0ecfa00,research_repository/ResultsArchive/incoming/common-protocol-structural-factorial__f31c2a6e/complete_gsm8k__q3_l2r_common_factorial_f31c2a6e_AC-ALG1_VIN-S8-B4-U2_seed73__AC-ALG1_s73.json,8865ff6107988db9d4fc4935220b2b7cca2cdb5804e9dd2cc5b5885cedefa8fc
q3_l2r_common_factorial_f31c2a6e_AC-ALG1_VIN-S8-B4-U4_seed31,f31c2a6e,qwen3-1.7b-base,AC-ALG1,31,gsm8k,1902.1,1,NVIDIA H100 80GB HBM3,0.5283611111111111,9c3ea47a660d140af62b65a6f8059faab42da6776beed447882c4e1305d0d00d,research_repository/ResultsArchive/incoming/common-protocol-structural-factorial__f31c2a6e/cell_result_gsm8k__q3_l2r_common_factorial_f31c2a6e_AC-ALG1_VIN-S8-B4-U4_seed31__AC-ALG1_s31.json,e9cd3eebb05f986f275d8d0de50e5acd635c5f9ae8ae21f498ad306e70bbd8ef,research_repository/ResultsArchive/incoming/common-protocol-structural-factorial__f31c2a6e/complete_gsm8k__q3_l2r_common_factorial_f31c2a6e_AC-ALG1_VIN-S8-B4-U4_seed31__AC-ALG1_s31.json,132bee08c5e60336f4941eb5d2adf64e36c649c5a13e49295cac33d9872ffadb
q3_l2r_common_factorial_f31c2a6e_AC-ALG1_VIN-S8-B4-U4_seed47,f31c2a6e,qwen3-1.7b-base,AC-ALG1,47,gsm8k,1758.0,1,NVIDIA H100 80GB HBM3,0.48833333333333334,04e896622f2cde000da1510e9a7452eccc5698c6c4e0811d6f0dabdff8ab8ed4,research_repository/ResultsArchive/incoming/common-protocol-structural-factorial__f31c2a6e/cell_result_gsm8k__q3_l2r_common_factorial_f31c2a6e_AC-ALG1_VIN-S8-B4-U4_seed47__AC-ALG1_s47.json,c73ddc24b13db6ba1e8b1623dbe05b27bdda4668e9c8ab5bb16e7764cf2e442a,research_repository/ResultsArchive/incoming/common-protocol-structural-factorial__f31c2a6e/complete_gsm8k__q3_l2r_common_factorial_f31c2a6e_AC-ALG1_VIN-S8-B4-U4_seed47__AC-ALG1_s47.json,328e5a21344155da5013813c3bfd302b2fa43fe139bff88a6785478fb7c4b181
q3_l2r_common_factorial_f31c2a6e_AC-ALG1_VIN-S8-B4-U4_seed73,f31c2a6e,qwen3-1.7b-base,AC-ALG1,73,gsm8k,1648.1,1,NVIDIA H100 80GB HBM3,0.4578055555555555,78a4a9ae124e5812361e1f5c5216b7ed9a2cefddca4610ac7a7a15854c249f2c,research_repository/ResultsArchive/incoming/common-protocol-structural-factorial__f31c2a6e/cell_result_gsm8k__q3_l2r_common_factorial_f31c2a6e_AC-ALG1_VIN-S8-B4-U4_seed73__AC-ALG1_s73.json,780035ccf786ab00fc9049622d6f76235991471069aa65fbaa40e5ac938ce2e9,research_repository/ResultsArchive/incoming/common-protocol-structural-factorial__f31c2a6e/complete_gsm8k__q3_l2r_common_factorial_f31c2a6e_AC-ALG1_VIN-S8-B4-U4_seed73__AC-ALG1_s73.json,4f7611a2f28f307138f7a8e725cccd0279134bfdb5766fc111015a7870520f1a
q3_l2r_common_factorial_f31c2a6e_AC-ALG1_VIN-S8-B8-U1_seed31,f31c2a6e,qwen3-1.7b-base,AC-ALG1,31,gsm8k,1916.3,1,NVIDIA H100 80GB HBM3,0.5323055555555556,7c691278fbccd9bacd46c72fb369f73fdf6ab2fc80dbf81194427a871bd8c29e,research_repository/ResultsArchive/incoming/common-protocol-structural-factorial__f31c2a6e/cell_result_gsm8k__q3_l2r_common_factorial_f31c2a6e_AC-ALG1_VIN-S8-B8-U1_seed31__AC-ALG1_s31.json,bf1e8e1badd2f8f1697a5d557c39bfcc415e10b8be4f1087d81401baa31c9d88,research_repository/ResultsArchive/incoming/common-protocol-structural-factorial__f31c2a6e/complete_gsm8k__q3_l2r_common_factorial_f31c2a6e_AC-ALG1_VIN-S8-B8-U1_seed31__AC-ALG1_s31.json,a1947d0065d386068a2547f84770adb352af798a40cb0f2d9891ffada9aa4444
q3_l2r_common_factorial_f31c2a6e_AC-ALG1_VIN-S8-B8-U1_seed47,f31c2a6e,qwen3-1.7b-base,AC-ALG1,47,gsm8k,2008.3,1,NVIDIA H100 80GB HBM3,0.5578611111111111,ea57d3a7fc64ba16899f7d9e3b4be27ca226e5202acec0177c5a7cb0a011b4c6,research_repository/ResultsArchive/incoming/common-protocol-structural-factorial__f31c2a6e/cell_result_gsm8k__q3_l2r_common_factorial_f31c2a6e_AC-ALG1_VIN-S8-B8-U1_seed47__AC-ALG1_s47.json,76107eb85f290ee66ce0e074ef01a6390d89a0f201e74e41f2bd01ac0cdc59cd,research_repository/ResultsArchive/incoming/common-protocol-structural-factorial__f31c2a6e/complete_gsm8k__q3_l2r_common_factorial_f31c2a6e_AC-ALG1_VIN-S8-B8-U1_seed47__AC-ALG1_s47.json,b24b3562233f0846d13707770dbc73fc90f08e885062f89d1b855d4f4bfe0ef6
q3_l2r_common_factorial_f31c2a6e_AC-ALG1_VIN-S8-B8-U1_seed73,f31c2a6e,qwen3-1.7b-base,AC-ALG1,73,gsm8k,2100.6,1,NVIDIA H100 80GB HBM3,0.5835,2bee3994e605d0755a672cea392d95faac4a96ca2f8a828e38116086bff98b51,research_repository/ResultsArchive/incoming/common-protocol-structural-factorial__f31c2a6e/cell_result_gsm8k__q3_l2r_common_factorial_f31c2a6e_AC-ALG1_VIN-S8-B8-U1_seed73__AC-ALG1_s73.json,4b3f76c1a30795d83c23a72d11c95e4d4551057ffa6d6cf75b231f87983501be,research_repository/ResultsArchive/incoming/common-protocol-structural-factorial__f31c2a6e/complete_gsm8k__q3_l2r_common_factorial_f31c2a6e_AC-ALG1_VIN-S8-B8-U1_seed73__AC-ALG1_s73.json,58d8b3a333f31d5111146a2a02f960ccba0e586a82fab768dbd9568296f8b70b
q3_l2r_common_factorial_f31c2a6e_AC-ALG1_VIN-S8-B8-U2_seed31,f31c2a6e,qwen3-1.7b-base,AC-ALG1,31,gsm8k,2340.6,1,NVIDIA H100 80GB HBM3,0.6501666666666667,2d5edc5eaac58a2b2173c92c4d71cf0ecdd89255398ea935b6e3587f839b4af5,research_repository/ResultsArchive/incoming/common-protocol-structural-factorial__f31c2a6e/cell_result_gsm8k__q3_l2r_common_factorial_f31c2a6e_AC-ALG1_VIN-S8-B8-U2_seed31__AC-ALG1_s31.json,e03cea12f90fd56a5646a7cb4503e8bebd96fcc71e485b2a399f40759437ac62,research_repository/ResultsArchive/incoming/common-protocol-structural-factorial__f31c2a6e/complete_gsm8k__q3_l2r_common_factorial_f31c2a6e_AC-ALG1_VIN-S8-B8-U2_seed31__AC-ALG1_s31.json,bc56e036364aa651b94b0858595a491de83143c8f1132f7dd13dae4b2696f33a
q3_l2r_common_factorial_f31c2a6e_AC-ALG1_VIN-S8-B8-U2_seed47,f31c2a6e,qwen3-1.7b-base,AC-ALG1,47,gsm8k,2189.8,1,NVIDIA H100 80GB HBM3,0.6082777777777778,336461deee294857fd6720a662b924fcfc5380b8c3258548e91cc46fb2b4fe57,research_repository/ResultsArchive/incoming/common-protocol-structural-factorial__f31c2a6e/cell_result_gsm8k__q3_l2r_common_factorial_f31c2a6e_AC-ALG1_VIN-S8-B8-U2_seed47__AC-ALG1_s47.json,ceaa50e7e2bc9ab57d2df2074a49cc5f9707c179e7478d5d615704f91d784e06,research_repository/ResultsArchive/incoming/common-protocol-structural-factorial__f31c2a6e/complete_gsm8k__q3_l2r_common_factorial_f31c2a6e_AC-ALG1_VIN-S8-B8-U2_seed47__AC-ALG1_s47.json,823ff4b12cd86978fb03fc8277ef8993e94ce93978f3b84ca408aaba34cdd694
q3_l2r_common_factorial_f31c2a6e_AC-ALG1_VIN-S8-B8-U2_seed73,f31c2a6e,qwen3-1.7b-base,AC-ALG1,73,gsm8k,2013.8,1,NVIDIA H100 80GB HBM3,0.5593888888888888,2505222812c1e5b38a6f9914d5d892ebd2c29fd7ef993a66b88f0c10a11a973c,research_repository/ResultsArchive/incoming/common-protocol-structural-factorial__f31c2a6e/cell_result_gsm8k__q3_l2r_common_factorial_f31c2a6e_AC-ALG1_VIN-S8-B8-U2_seed73__AC-ALG1_s73.json,587b95640bebefd477c7748f9f6b644fa42156e68efa48abfb7a4018150d38c9,research_repository/ResultsArchive/incoming/common-protocol-structural-factorial__f31c2a6e/complete_gsm8k__q3_l2r_common_factorial_f31c2a6e_AC-ALG1_VIN-S8-B8-U2_seed73__AC-ALG1_s73.json,ec5d777fa2f7a449a7c37d0560a0f1f301b05eb7fe33e43b68455b2e98f13039
q3_l2r_common_factorial_f31c2a6e_AC-ALG1_VIN-S8-B8-U4_seed31,f31c2a6e,qwen3-1.7b-base,AC-ALG1,31,gsm8k,2736.0,1,NVIDIA H100 80GB HBM3,0.76,adbb3e7761445d99f35c4b8648b778efab6a5b3d608d73a2ef88bf6c902607c3,research_repository/ResultsArchive/incoming/common-protocol-structural-factorial__f31c2a6e/cell_result_gsm8k__q3_l2r_common_factorial_f31c2a6e_AC-ALG1_VIN-S8-B8-U4_seed31__AC-ALG1_s31.json,a37a99b12a315803dc42be44935b64ba4be56abf38533c80ad75ea078b154203,research_repository/ResultsArchive/incoming/common-protocol-structural-factorial__f31c2a6e/complete_gsm8k__q3_l2r_common_factorial_f31c2a6e_AC-ALG1_VIN-S8-B8-U4_seed31__AC-ALG1_s31.json,7db343f6a07b4540e8662127ff8e5ef093ee9409c22b163d2b3e18587e433e00
q3_l2r_common_factorial_f31c2a6e_AC-ALG1_VIN-S8-B8-U4_seed47,f31c2a6e,qwen3-1.7b-base,AC-ALG1,47,gsm8k,2960.4,1,NVIDIA H100 80GB HBM3,0.8223333333333334,6bea08fd3dcd7f45d48c070c28bfb20c3c0f5937c658df9864c9aaa619f2eadf,research_repository/ResultsArchive/incoming/common-protocol-structural-factorial__f31c2a6e/cell_result_gsm8k__q3_l2r_common_factorial_f31c2a6e_AC-ALG1_VIN-S8-B8-U4_seed47__AC-ALG1_s47.json,049c01ef3d30bae3420fe59cdcb6c7eab6dc87ded8b106b005caa7bcf39b9579,research_repository/ResultsArchive/incoming/common-protocol-structural-factorial__f31c2a6e/complete_gsm8k__q3_l2r_common_factorial_f31c2a6e_AC-ALG1_VIN-S8-B8-U4_seed47__AC-ALG1_s47.json,aa46034287bfc4e4308bdfed552a5cbc6bc90703992ad7f2120843d807fd9c77
q3_l2r_common_factorial_f31c2a6e_AC-ALG1_VIN-S8-B8-U4_seed73,f31c2a6e,qwen3-1.7b-base,AC-ALG1,73,gsm8k,2665.0,1,NVIDIA H100 80GB HBM3,0.7402777777777778,4ffee3e626391d109f84e06486651b225d2ccedc89b79189043e0af6cab46bbc,research_repository/ResultsArchive/incoming/common-protocol-structural-factorial__f31c2a6e/cell_result_gsm8k__q3_l2r_common_factorial_f31c2a6e_AC-ALG1_VIN-S8-B8-U4_seed73__AC-ALG1_s73.json,6ef3f6038930a23924a1f45e4413d20c7809b3052d248dbdfe61f7de483043eb,research_repository/ResultsArchive/incoming/common-protocol-structural-factorial__f31c2a6e/complete_gsm8k__q3_l2r_common_factorial_f31c2a6e_AC-ALG1_VIN-S8-B8-U4_seed73__AC-ALG1_s73.json,30370ba6eda9477f25a4fd74103fb320fad0b683ffe467371d351aee38a43da6
q3_l2r_common_factorial_f31c2a6e_AC-ALG1_VOUT-S16-B16-U1_seed31,f31c2a6e,qwen3-1.7b-base,AC-ALG1,31,gsm8k,4096.5,1,NVIDIA H100 80GB HBM3,1.1379166666666667,10355107fe19b304ddcfe7e233a34666a6222bbccd2c953d498b3bd6e24326cf,research_repository/ResultsArchive/incoming/common-protocol-structural-factorial__f31c2a6e/cell_result_gsm8k__q3_l2r_common_factorial_f31c2a6e_AC-ALG1_VOUT-S16-B16-U1_seed31__AC-ALG1_s31.json,8e94e2923f2f47ec81e3993d1a74459eaa0a2c5fdadf1b024220211d2dedcbd7,research_repository/ResultsArchive/incoming/common-protocol-structural-factorial__f31c2a6e/complete_gsm8k__q3_l2r_common_factorial_f31c2a6e_AC-ALG1_VOUT-S16-B16-U1_seed31__AC-ALG1_s31.json,d4abf9f8a84ceb4e6024ff764031e1cf7ce57d13496127ef489a35cd71da2370
q3_l2r_common_factorial_f31c2a6e_AC-ALG1_VOUT-S16-B16-U1_seed47,f31c2a6e,qwen3-1.7b-base,AC-ALG1,47,gsm8k,4390.6,1,NVIDIA H100 80GB HBM3,1.2196111111111112,598e3c84ae28f0400b9d9b24c510f6166aa99413664cf9a751cbb8a76ed704b6,research_repository/ResultsArchive/incoming/common-protocol-structural-factorial__f31c2a6e/cell_result_gsm8k__q3_l2r_common_factorial_f31c2a6e_AC-ALG1_VOUT-S16-B16-U1_seed47__AC-ALG1_s47.json,222db09e007380de4e222cea9211acef05a999ac9c11b3f2badd631df2d2074c,research_repository/ResultsArchive/incoming/common-protocol-structural-factorial__f31c2a6e/complete_gsm8k__q3_l2r_common_factorial_f31c2a6e_AC-ALG1_VOUT-S16-B16-U1_seed47__AC-ALG1_s47.json,a4ed8293ce695893685132798d7b4f2d285854a5186ffefe1f3b78c63053f531
q3_l2r_common_factorial_f31c2a6e_AC-ALG1_VOUT-S16-B16-U1_seed73,f31c2a6e,qwen3-1.7b-base,AC-ALG1,73,gsm8k,3959.1,1,NVIDIA H100 80GB HBM3,1.09975,1d7e9e47f717a00a4e443efabba7e0dff400c18ea13b987b69baa0a4cebaef56,research_repository/ResultsArchive/incoming/common-protocol-structural-factorial__f31c2a6e/cell_result_gsm8k__q3_l2r_common_factorial_f31c2a6e_AC-ALG1_VOUT-S16-B16-U1_seed73__AC-ALG1_s73.json,4227595c05d0157eb41dbb7c1897e28023a5a6f8a462764d8b794adaa4665cb4,research_repository/ResultsArchive/incoming/common-protocol-structural-factorial__f31c2a6e/complete_gsm8k__q3_l2r_common_factorial_f31c2a6e_AC-ALG1_VOUT-S16-B16-U1_seed73__AC-ALG1_s73.json,d52e5a7da3229cf90ffe3213a0ca0821d4845fff153c443a22c991c67d40f17d
q3_l2r_common_factorial_f31c2a6e_AC-ALG1_VOUT-S16-B16-U2_seed31,f31c2a6e,qwen3-1.7b-base,AC-ALG1,31,gsm8k,4140.0,1,NVIDIA H100 80GB HBM3,1.15,83fedd2f4897c02ebaeb6d85d43de23eead7f60a694006c8d5d6c6b9d167628f,research_repository/ResultsArchive/incoming/common-protocol-structural-factorial__f31c2a6e/cell_result_gsm8k__q3_l2r_common_factorial_f31c2a6e_AC-ALG1_VOUT-S16-B16-U2_seed31__AC-ALG1_s31.json,d2694d5a8ea9f28da0fe6bda41f48ecc138c54301365a2c57b8cffd150e8ad88,research_repository/ResultsArchive/incoming/common-protocol-structural-factorial__f31c2a6e/complete_gsm8k__q3_l2r_common_factorial_f31c2a6e_AC-ALG1_VOUT-S16-B16-U2_seed31__AC-ALG1_s31.json,2cd51a4bacbf87e07516f443ad8efd8102e2e87f213ca32fdbc4fb36b9948a8d
q3_l2r_common_factorial_f31c2a6e_AC-ALG1_VOUT-S16-B16-U2_seed47,f31c2a6e,qwen3-1.7b-base,AC-ALG1,47,gsm8k,4529.1,1,NVIDIA H100 80GB HBM3,1.2580833333333334,1f85c959e73bd5940fd1ebc05fe6ef56e22f9b5a082a7e2ee937b490390d0be9,research_repository/ResultsArchive/incoming/common-protocol-structural-factorial__f31c2a6e/cell_result_gsm8k__q3_l2r_common_factorial_f31c2a6e_AC-ALG1_VOUT-S16-B16-U2_seed47__AC-ALG1_s47.json,9c74baf2ea824eaf964217f49d69c825cd6d8b3f38686167ab7083d6e13519d1,research_repository/ResultsArchive/incoming/common-protocol-structural-factorial__f31c2a6e/complete_gsm8k__q3_l2r_common_factorial_f31c2a6e_AC-ALG1_VOUT-S16-B16-U2_seed47__AC-ALG1_s47.json,30b9ebff1136e45427630431940ed2cc80c9b07249678005b934a9968f4a3cd5
q3_l2r_common_factorial_f31c2a6e_AC-ALG1_VOUT-S16-B16-U2_seed73,f31c2a6e,qwen3-1.7b-base,AC-ALG1,73,gsm8k,4162.8,1,NVIDIA H100 80GB HBM3,1.1563333333333334,091f6d64abb95313314f22768df58731672cff9d2962dcb44b2dff9242715fda,research_repository/ResultsArchive/incoming/common-protocol-structural-factorial__f31c2a6e/cell_result_gsm8k__q3_l2r_common_factorial_f31c2a6e_AC-ALG1_VOUT-S16-B16-U2_seed73__AC-ALG1_s73.json,30dd5f06414e379ee6ef4258967d9068eb8ecdad61c064401af24d53cb1b7162,research_repository/ResultsArchive/incoming/common-protocol-structural-factorial__f31c2a6e/complete_gsm8k__q3_l2r_common_factorial_f31c2a6e_AC-ALG1_VOUT-S16-B16-U2_seed73__AC-ALG1_s73.json,bbe79ed8953f9017d9474eca86fc699fe3423c3054eeb02aaeaab18d7018eba3
q3_l2r_common_factorial_f31c2a6e_AC-ALG1_VOUT-S16-B16-U4_seed31,f31c2a6e,qwen3-1.7b-base,AC-ALG1,31,gsm8k,4701.7,1,NVIDIA H100 80GB HBM3,1.3060277777777778,6a661071d0373282d116faa1b658d0aaf4f9a1dc991cfae2a04ff4f6d6a203fe,research_repository/ResultsArchive/incoming/common-protocol-structural-factorial__f31c2a6e/cell_result_gsm8k__q3_l2r_common_factorial_f31c2a6e_AC-ALG1_VOUT-S16-B16-U4_seed31__AC-ALG1_s31.json,1c93c922abc41605d70bb255883061051f6e803555cbbf5744ab1719b22bca61,research_repository/ResultsArchive/incoming/common-protocol-structural-factorial__f31c2a6e/complete_gsm8k__q3_l2r_common_factorial_f31c2a6e_AC-ALG1_VOUT-S16-B16-U4_seed31__AC-ALG1_s31.json,a934e7ba5ee2aade9748d914fd679a5a6ea09a039f4b9c4b841abbb2ac4b8226
q3_l2r_common_factorial_f31c2a6e_AC-ALG1_VOUT-S16-B16-U4_seed47,f31c2a6e,qwen3-1.7b-base,AC-ALG1,47,gsm8k,4895.0,1,NVIDIA H100 80GB HBM3,1.3597222222222223,70a75ce5b707f80f001e9fd08453f8b0ee9df600f9743872814e78dfffb335fa,research_repository/ResultsArchive/incoming/common-protocol-structural-factorial__f31c2a6e/cell_result_gsm8k__q3_l2r_common_factorial_f31c2a6e_AC-ALG1_VOUT-S16-B16-U4_seed47__AC-ALG1_s47.json,4d613f86ec9af46bab7dae75852ac9b5644e2a612cd4abff662326696e701bdd,research_repository/ResultsArchive/incoming/common-protocol-structural-factorial__f31c2a6e/complete_gsm8k__q3_l2r_common_factorial_f31c2a6e_AC-ALG1_VOUT-S16-B16-U4_seed47__AC-ALG1_s47.json,9cd8fa8a82e8ca387abc33b7760a0be7161250025b5d1913632bc10c78f17285
q3_l2r_common_factorial_f31c2a6e_AC-ALG1_VOUT-S16-B16-U4_seed73,f31c2a6e,qwen3-1.7b-base,AC-ALG1,73,gsm8k,5158.4,1,NVIDIA H100 80GB HBM3,1.4328888888888889,e37f2ef17445094561a0807a5c33e8d4ec102892e537fc9865e344ab10a10097,research_repository/ResultsArchive/incoming/common-protocol-structural-factorial__f31c2a6e/cell_result_gsm8k__q3_l2r_common_factorial_f31c2a6e_AC-ALG1_VOUT-S16-B16-U4_seed73__AC-ALG1_s73.json,7308ece990de97d0f10166742915fee2dfe4be754f9d59af9e087d603c01e968,research_repository/ResultsArchive/incoming/common-protocol-structural-factorial__f31c2a6e/complete_gsm8k__q3_l2r_common_factorial_f31c2a6e_AC-ALG1_VOUT-S16-B16-U4_seed73__AC-ALG1_s73.json,84abf61adfdf8e7c8ab552de1bdf4c16889456a0aa7a92826090ef2606316a3a
q3_l2r_common_factorial_f31c2a6e_AC-ALG1_VOUT-S16-B4-U1_seed31,f31c2a6e,qwen3-1.7b-base,AC-ALG1,31,gsm8k,1898.0,1,NVIDIA H100 80GB HBM3,0.5272222222222223,6b15869819172eef53b93c0b50af164cce0643016b1ee1e5ab4273434c534ca2,research_repository/ResultsArchive/incoming/common-protocol-structural-factorial__f31c2a6e/cell_result_gsm8k__q3_l2r_common_factorial_f31c2a6e_AC-ALG1_VOUT-S16-B4-U1_seed31__AC-ALG1_s31.json,105a615785298fdc41c832ca146326dbb92229cd5aa9cf1bdb75cfc6301afe1b,research_repository/ResultsArchive/incoming/common-protocol-structural-factorial__f31c2a6e/complete_gsm8k__q3_l2r_common_factorial_f31c2a6e_AC-ALG1_VOUT-S16-B4-U1_seed31__AC-ALG1_s31.json,2ae3f88ae0dd3ec8ad06ec04bea53b444a6de08b41dc86ee989bed9f221b8b05
q3_l2r_common_factorial_f31c2a6e_AC-ALG1_VOUT-S16-B4-U1_seed47,f31c2a6e,qwen3-1.7b-base,AC-ALG1,47,gsm8k,1906.5,1,NVIDIA H100 80GB HBM3,0.5295833333333333,e1da66e51e8bfe5fc21da14bab01f655a391e31e28eed039acfec3ef7a021fdb,research_repository/ResultsArchive/incoming/common-protocol-structural-factorial__f31c2a6e/cell_result_gsm8k__q3_l2r_common_factorial_f31c2a6e_AC-ALG1_VOUT-S16-B4-U1_seed47__AC-ALG1_s47.json,42e46b2ef2cd5c54d7127dcc2418077974e494a938cc2c96b91e402359f04c37,research_repository/ResultsArchive/incoming/common-protocol-structural-factorial__f31c2a6e/complete_gsm8k__q3_l2r_common_factorial_f31c2a6e_AC-ALG1_VOUT-S16-B4-U1_seed47__AC-ALG1_s47.json,ee0f7f928ecc7e2afee44dfd494646986e32b6d29b5e1f4f6cc44b0ba8068417
q3_l2r_common_factorial_f31c2a6e_AC-ALG1_VOUT-S16-B4-U1_seed73,f31c2a6e,qwen3-1.7b-base,AC-ALG1,73,gsm8k,1916.6,1,NVIDIA H100 80GB HBM3,0.5323888888888889,ea527abc95b4b29cd4fbd6d729d95da6735e2c15b1e56a205303797d79f6c3da,research_repository/ResultsArchive/incoming/common-protocol-structural-factorial__f31c2a6e/cell_result_gsm8k__q3_l2r_common_factorial_f31c2a6e_AC-ALG1_VOUT-S16-B4-U1_seed73__AC-ALG1_s73.json,8ac0088fbd977d81eef83a0b7dd5b2b66db4cef323b39f6fffd5de2fc2330bbc,research_repository/ResultsArchive/incoming/common-protocol-structural-factorial__f31c2a6e/complete_gsm8k__q3_l2r_common_factorial_f31c2a6e_AC-ALG1_VOUT-S16-B4-U1_seed73__AC-ALG1_s73.json,f899dc386b34ff538d6c29008c0ab00327fe01789a7d8f712945bbcd991110ae
q3_l2r_common_factorial_f31c2a6e_AC-ALG1_VOUT-S16-B4-U2_seed31,f31c2a6e,qwen3-1.7b-base,AC-ALG1,31,gsm8k,1909.7,1,NVIDIA H100 80GB HBM3,0.5304722222222222,8170f53b443940617d036ec1d492ce63aa32d73a081d583272c920101bc4eb9c,research_repository/ResultsArchive/incoming/common-protocol-structural-factorial__f31c2a6e/cell_result_gsm8k__q3_l2r_common_factorial_f31c2a6e_AC-ALG1_VOUT-S16-B4-U2_seed31__AC-ALG1_s31.json,a411eb4d7386f325460328d4aeb4569874dd765534f36c9d2afd1e1b316ef344,research_repository/ResultsArchive/incoming/common-protocol-structural-factorial__f31c2a6e/complete_gsm8k__q3_l2r_common_factorial_f31c2a6e_AC-ALG1_VOUT-S16-B4-U2_seed31__AC-ALG1_s31.json,f2e18b673e1547f324a8ad8a478b0c2299b1de9d5dbfaa295ebd6974615c2bda
q3_l2r_common_factorial_f31c2a6e_AC-ALG1_VOUT-S16-B4-U2_seed47,f31c2a6e,qwen3-1.7b-base,AC-ALG1,47,gsm8k,2006.0,1,NVIDIA H100 80GB HBM3,0.5572222222222222,d0f89d943dcb8a44e785ebcbd0db4e5a6f95bf09284253b96132f34425a3b035,research_repository/ResultsArchive/incoming/common-protocol-structural-factorial__f31c2a6e/cell_result_gsm8k__q3_l2r_common_factorial_f31c2a6e_AC-ALG1_VOUT-S16-B4-U2_seed47__AC-ALG1_s47.json,009d5eedbdc74d1f49b286ed0c47c8813e4fd50f3819e8870b5ad018ea5fcea8,research_repository/ResultsArchive/incoming/common-protocol-structural-factorial__f31c2a6e/complete_gsm8k__q3_l2r_common_factorial_f31c2a6e_AC-ALG1_VOUT-S16-B4-U2_seed47__AC-ALG1_s47.json,67ba92b969e979da3f9c9ae9f2d32d94b932ea40d28a9410d0f3874111975c9b
q3_l2r_common_factorial_f31c2a6e_AC-ALG1_VOUT-S16-B4-U2_seed73,f31c2a6e,qwen3-1.7b-base,AC-ALG1,73,gsm8k,2117.8,1,NVIDIA H100 80GB HBM3,0.5882777777777778,84b0a0942fe5165a9abc0dca7ce6f061af9a98c4fca2da99034cd769b1f61884,research_repository/ResultsArchive/incoming/common-protocol-structural-factorial__f31c2a6e/cell_result_gsm8k__q3_l2r_common_factorial_f31c2a6e_AC-ALG1_VOUT-S16-B4-U2_seed73__AC-ALG1_s73.json,ede88f4bffa7f3c727d2afd74e9861eff69812be8164e373ac6cd533bbf74e33,research_repository/ResultsArchive/incoming/common-protocol-structural-factorial__f31c2a6e/complete_gsm8k__q3_l2r_common_factorial_f31c2a6e_AC-ALG1_VOUT-S16-B4-U2_seed73__AC-ALG1_s73.json,2ccbe87de4ac2926a9cf67c7efcbd45abf48df4c7083ab0857fe678cacfbb1f4
q3_l2r_common_factorial_f31c2a6e_AC-ALG1_VOUT-S16-B4-U4_seed31,f31c2a6e,qwen3-1.7b-base,AC-ALG1,31,gsm8k,2009.0,1,NVIDIA H100 80GB HBM3,0.5580555555555555,fc9941918b2981a816fdfb15627dbc195697eac542db47568ebfab3f7560dd48,research_repository/ResultsArchive/incoming/common-protocol-structural-factorial__f31c2a6e/cell_result_gsm8k__q3_l2r_common_factorial_f31c2a6e_AC-ALG1_VOUT-S16-B4-U4_seed31__AC-ALG1_s31.json,a2e6981f6f44d313eff1a3e54e528f518cf9f8633ca2b015c550d60a5de06825,research_repository/ResultsArchive/incoming/common-protocol-structural-factorial__f31c2a6e/complete_gsm8k__q3_l2r_common_factorial_f31c2a6e_AC-ALG1_VOUT-S16-B4-U4_seed31__AC-ALG1_s31.json,2a9d8d16799c8db2315e3e54cde3002e6c99306f4655eb03f83f6d525720a997
q3_l2r_common_factorial_f31c2a6e_AC-ALG1_VOUT-S16-B4-U4_seed47,f31c2a6e,qwen3-1.7b-base,AC-ALG1,47,gsm8k,2188.2,1,NVIDIA H100 80GB HBM3,0.6078333333333333,b385853af17e0f8d71e1e2dcf58ced341a37085f0eb830c2b21a3ba72a264036,research_repository/ResultsArchive/incoming/common-protocol-structural-factorial__f31c2a6e/cell_result_gsm8k__q3_l2r_common_factorial_f31c2a6e_AC-ALG1_VOUT-S16-B4-U4_seed47__AC-ALG1_s47.json,0d2d970a4f828867bc606c4779f26dd6f1e781efbcde62b933ffdca4bbc06c41,research_repository/ResultsArchive/incoming/common-protocol-structural-factorial__f31c2a6e/complete_gsm8k__q3_l2r_common_factorial_f31c2a6e_AC-ALG1_VOUT-S16-B4-U4_seed47__AC-ALG1_s47.json,b11be3df6a8231dfebebd08de49a637a4fb567867bd1fd59f733d2df514b5dfd
q3_l2r_common_factorial_f31c2a6e_AC-ALG1_VOUT-S16-B4-U4_seed73,f31c2a6e,qwen3-1.7b-base,AC-ALG1,73,gsm8k,1869.7,1,NVIDIA H100 80GB HBM3,0.5193611111111112,853a4367990d6c98c43cf171ef39f43e1083fe600d6f511abe45622282f8b2f7,research_repository/ResultsArchive/incoming/common-protocol-structural-factorial__f31c2a6e/cell_result_gsm8k__q3_l2r_common_factorial_f31c2a6e_AC-ALG1_VOUT-S16-B4-U4_seed73__AC-ALG1_s73.json,2ade634f124d133a682fe1422e091f2481e10c45bd04f458ea0cc49249589b2d,research_repository/ResultsArchive/incoming/common-protocol-structural-factorial__f31c2a6e/complete_gsm8k__q3_l2r_common_factorial_f31c2a6e_AC-ALG1_VOUT-S16-B4-U4_seed73__AC-ALG1_s73.json,3120f3f4a29feab69b486b4674c48d360181cbfdfe194ef18242cc0513e87f4b
q3_l2r_common_factorial_f31c2a6e_AC-ALG1_VOUT-S16-B8-U1_seed31,f31c2a6e,qwen3-1.7b-base,AC-ALG1,31,gsm8k,2630.4,1,NVIDIA H100 80GB HBM3,0.7306666666666667,8b523fc8253c4c023f158304c25389e04be0a356c74944a610736de3c3140057,research_repository/ResultsArchive/incoming/common-protocol-structural-factorial__f31c2a6e/cell_result_gsm8k__q3_l2r_common_factorial_f31c2a6e_AC-ALG1_VOUT-S16-B8-U1_seed31__AC-ALG1_s31.json,316eccc7df2891764d7b08687179745305681ffe5cb7edd42d5542bfeccc02cd,research_repository/ResultsArchive/incoming/common-protocol-structural-factorial__f31c2a6e/complete_gsm8k__q3_l2r_common_factorial_f31c2a6e_AC-ALG1_VOUT-S16-B8-U1_seed31__AC-ALG1_s31.json,0ffe8d4b3637b5e837f89cda87be17ca6ac655201a2863e2a5ebbb0c77a453a3
q3_l2r_common_factorial_f31c2a6e_AC-ALG1_VOUT-S16-B8-U1_seed47,f31c2a6e,qwen3-1.7b-base,AC-ALG1,47,gsm8k,3066.6,1,NVIDIA H100 80GB HBM3,0.8518333333333333,cbda59da4c27be50834765a0b429695b5867ef7be8a57362e297f36c3777aa6f,research_repository/ResultsArchive/incoming/common-protocol-structural-factorial__f31c2a6e/cell_result_gsm8k__q3_l2r_common_factorial_f31c2a6e_AC-ALG1_VOUT-S16-B8-U1_seed47__AC-ALG1_s47.json,12411145543a57adce26d05322555711744d69f515fb9e718f0cf762451a82bc,research_repository/ResultsArchive/incoming/common-protocol-structural-factorial__f31c2a6e/complete_gsm8k__q3_l2r_common_factorial_f31c2a6e_AC-ALG1_VOUT-S16-B8-U1_seed47__AC-ALG1_s47.json,c96dee2fb4af4a9a29ef801a285fb0f2076c2e985c803d159263d5c71086a044
q3_l2r_common_factorial_f31c2a6e_AC-ALG1_VOUT-S16-B8-U1_seed73,f31c2a6e,qwen3-1.7b-base,AC-ALG1,73,gsm8k,2772.8,1,NVIDIA H100 80GB HBM3,0.7702222222222223,d6fbe336aff40a083ea3f8e9bd783603e9614b24f6637f0c39ed16bb1a860742,research_repository/ResultsArchive/incoming/common-protocol-structural-factorial__f31c2a6e/cell_result_gsm8k__q3_l2r_common_factorial_f31c2a6e_AC-ALG1_VOUT-S16-B8-U1_seed73__AC-ALG1_s73.json,887cfe9e849e53be3c633631d1dcf863b88e032e9fe76f248faff5284803ba3f,research_repository/ResultsArchive/incoming/common-protocol-structural-factorial__f31c2a6e/complete_gsm8k__q3_l2r_common_factorial_f31c2a6e_AC-ALG1_VOUT-S16-B8-U1_seed73__AC-ALG1_s73.json,e4137c00d250a767992a6f0da60696c24df95414a25f4716c9f9cf09bb0f1da5
q3_l2r_common_factorial_f31c2a6e_AC-ALG1_VOUT-S16-B8-U2_seed31,f31c2a6e,qwen3-1.7b-base,AC-ALG1,31,gsm8k,2947.9,1,NVIDIA H100 80GB HBM3,0.8188611111111112,840ae05813421bd1ccf6907e4cb29c637f55ce003d2cee4463419cb2dd7c2365,research_repository/ResultsArchive/incoming/common-protocol-structural-factorial__f31c2a6e/cell_result_gsm8k__q3_l2r_common_factorial_f31c2a6e_AC-ALG1_VOUT-S16-B8-U2_seed31__AC-ALG1_s31.json,f756322d5560bc836d914e7c353e4b9215d2bd3128920f562d4d5823762a4913,research_repository/ResultsArchive/incoming/common-protocol-structural-factorial__f31c2a6e/complete_gsm8k__q3_l2r_common_factorial_f31c2a6e_AC-ALG1_VOUT-S16-B8-U2_seed31__AC-ALG1_s31.json,2e8a5fb532f6e8b93edf8607f7f822a6095ae169a2883bd9fa3cdf6c30235ec3
q3_l2r_common_factorial_f31c2a6e_AC-ALG1_VOUT-S16-B8-U2_seed47,f31c2a6e,qwen3-1.7b-base,AC-ALG1,47,gsm8k,2812.0,1,NVIDIA H100 80GB HBM3,0.7811111111111111,806672f8bfc214b3b6be431551d724e510f10fa7d30ad6e88207b2a7babbca50,research_repository/ResultsArchive/incoming/common-protocol-structural-factorial__f31c2a6e/cell_result_gsm8k__q3_l2r_common_factorial_f31c2a6e_AC-ALG1_VOUT-S16-B8-U2_seed47__AC-ALG1_s47.json,bcf06bb9dd25604c34184772740961844108c4204b0351b39a8c84ad6b6824a3,research_repository/ResultsArchive/incoming/common-protocol-structural-factorial__f31c2a6e/complete_gsm8k__q3_l2r_common_factorial_f31c2a6e_AC-ALG1_VOUT-S16-B8-U2_seed47__AC-ALG1_s47.json,fbe214319682827b03c7bde9e37a90b4fcb4dab5d6673cb3b34edebafd705428
q3_l2r_common_factorial_f31c2a6e_AC-ALG1_VOUT-S16-B8-U2_seed73,f31c2a6e,qwen3-1.7b-base,AC-ALG1,73,gsm8k,2899.1,1,NVIDIA H100 80GB HBM3,0.8053055555555555,d0faee1da782d548e7a4f7a1fdd4372be9f7bdbca29b8ecd61a5b7f46d8177cf,research_repository/ResultsArchive/incoming/common-protocol-structural-factorial__f31c2a6e/cell_result_gsm8k__q3_l2r_common_factorial_f31c2a6e_AC-ALG1_VOUT-S16-B8-U2_seed73__AC-ALG1_s73.json,5607a69be2b4d61b66edd2de5bf02e5a169d85e6fe4ef66a15167f7eee52b354,research_repository/ResultsArchive/incoming/common-protocol-structural-factorial__f31c2a6e/complete_gsm8k__q3_l2r_common_factorial_f31c2a6e_AC-ALG1_VOUT-S16-B8-U2_seed73__AC-ALG1_s73.json,16e8d662ca5b09f3f079abf0b6fb15784cd8bc47e10f62f6cced50f78d241e2e
q3_l2r_common_factorial_f31c2a6e_AC-ALG1_VOUT-S16-B8-U4_seed31,f31c2a6e,qwen3-1.7b-base,AC-ALG1,31,gsm8k,3015.2,1,NVIDIA H100 80GB HBM3,0.8375555555555555,2d1965b27261575b51881169569cae5ff7f9345d4926f76fe011478dada8f1aa,research_repository/ResultsArchive/incoming/common-protocol-structural-factorial__f31c2a6e/cell_result_gsm8k__q3_l2r_common_factorial_f31c2a6e_AC-ALG1_VOUT-S16-B8-U4_seed31__AC-ALG1_s31.json,0f7cb3649a9b742bcd3a5dbcf1c06883738ea8a59b63eb765ba3bada75d2a8e6,research_repository/ResultsArchive/incoming/common-protocol-structural-factorial__f31c2a6e/complete_gsm8k__q3_l2r_common_factorial_f31c2a6e_AC-ALG1_VOUT-S16-B8-U4_seed31__AC-ALG1_s31.json,5b72fb3605c570b41fda667811b925b0ae15e5ea0defa69c956cc2b5a684419d
q3_l2r_common_factorial_f31c2a6e_AC-ALG1_VOUT-S16-B8-U4_seed47,f31c2a6e,qwen3-1.7b-base,AC-ALG1,47,gsm8k,2958.7,1,NVIDIA H100 80GB HBM3,0.821861111111111,55a5b01b057248a8f30e4778093614828cf3bfda9dabe98965f93c27d90e2d59,research_repository/ResultsArchive/incoming/common-protocol-structural-factorial__f31c2a6e/cell_result_gsm8k__q3_l2r_common_factorial_f31c2a6e_AC-ALG1_VOUT-S16-B8-U4_seed47__AC-ALG1_s47.json,e4792112c97574b70929e85b37a930bbcd361ac77b43150e7638221dd3bc82d2,research_repository/ResultsArchive/incoming/common-protocol-structural-factorial__f31c2a6e/complete_gsm8k__q3_l2r_common_factorial_f31c2a6e_AC-ALG1_VOUT-S16-B8-U4_seed47__AC-ALG1_s47.json,a2fe74fb606ae1fb23034d6e635e76565611ae72cc273762c14d4b40ad09df96
q3_l2r_common_factorial_f31c2a6e_AC-ALG1_VOUT-S16-B8-U4_seed73,f31c2a6e,qwen3-1.7b-base,AC-ALG1,73,gsm8k,3238.1,1,NVIDIA H100 80GB HBM3,0.8994722222222222,c928e7c1088a4640c230136f7d20fd7e96905b2db1716bb92ada4339a730ea8e,research_repository/ResultsArchive/incoming/common-protocol-structural-factorial__f31c2a6e/cell_result_gsm8k__q3_l2r_common_factorial_f31c2a6e_AC-ALG1_VOUT-S16-B8-U4_seed73__AC-ALG1_s73.json,f4ddfc71a819be1afd5eead743f35cf6b1f4f74c268d46d47c473018d5385255,research_repository/ResultsArchive/incoming/common-protocol-structural-factorial__f31c2a6e/complete_gsm8k__q3_l2r_common_factorial_f31c2a6e_AC-ALG1_VOUT-S16-B8-U4_seed73__AC-ALG1_s73.json,ef9b66d6eb8445541111bdc35f522bc5f5054f31c8f3f9764741d341173dd2df
q3_l2r_common_factorial_f31c2a6e_AC-ALG1_VOUT-S32-B16-U1_seed31,f31c2a6e,qwen3-1.7b-base,AC-ALG1,31,gsm8k,7461.7,1,NVIDIA H100 80GB HBM3,2.072694444444444,23f5eb9b00688cce44cbeaad4a6fbc8a9e204225351cd6e154e670b5902b2166,research_repository/ResultsArchive/incoming/common-protocol-structural-factorial__f31c2a6e/cell_result_gsm8k__q3_l2r_common_factorial_f31c2a6e_AC-ALG1_VOUT-S32-B16-U1_seed31__AC-ALG1_s31.json,3c6ed111b1bac01ebd23f40956b928bca0a86ad1dfd4f027498a68ee39cd48d3,research_repository/ResultsArchive/incoming/common-protocol-structural-factorial__f31c2a6e/complete_gsm8k__q3_l2r_common_factorial_f31c2a6e_AC-ALG1_VOUT-S32-B16-U1_seed31__AC-ALG1_s31.json,a2be0bd0fa9390fdf5166fbcdc3093eeea5402665db094182179af5da8cec705
q3_l2r_common_factorial_f31c2a6e_AC-ALG1_VOUT-S32-B16-U1_seed47,f31c2a6e,qwen3-1.7b-base,AC-ALG1,47,gsm8k,7267.7,1,NVIDIA H100 80GB HBM3,2.0188055555555553,9283dd118a30f3f35e55ee7903489d20d1b8a1537e0ef338518a7e7f978a05f7,research_repository/ResultsArchive/incoming/common-protocol-structural-factorial__f31c2a6e/cell_result_gsm8k__q3_l2r_common_factorial_f31c2a6e_AC-ALG1_VOUT-S32-B16-U1_seed47__AC-ALG1_s47.json,25a19a1a62420d03b9d0c14974371773756b212758b80f6d056dd51fd260ec93,research_repository/ResultsArchive/incoming/common-protocol-structural-factorial__f31c2a6e/complete_gsm8k__q3_l2r_common_factorial_f31c2a6e_AC-ALG1_VOUT-S32-B16-U1_seed47__AC-ALG1_s47.json,559d212d161473e27f98a627443f56cd7eef0c4aa57b1cd014f1323ec868d36f
q3_l2r_common_factorial_f31c2a6e_AC-ALG1_VOUT-S32-B16-U1_seed73,f31c2a6e,qwen3-1.7b-base,AC-ALG1,73,gsm8k,7119.1,1,NVIDIA H100 80GB HBM3,1.9775277777777778,81348f1bfc19c7c0096743f6ef7c52bdc7d441a8f1de2c54807e71c1897ea837,research_repository/ResultsArchive/incoming/common-protocol-structural-factorial__f31c2a6e/cell_result_gsm8k__q3_l2r_common_factorial_f31c2a6e_AC-ALG1_VOUT-S32-B16-U1_seed73__AC-ALG1_s73.json,a80ce01449dd3faab361d90d50a1bf3bd587a31a8fdceff4b233c314ff33279a,research_repository/ResultsArchive/incoming/common-protocol-structural-factorial__f31c2a6e/complete_gsm8k__q3_l2r_common_factorial_f31c2a6e_AC-ALG1_VOUT-S32-B16-U1_seed73__AC-ALG1_s73.json,35ea1ca0754e5c1780d4259efe4ebcfdbb25f7e0132accba40d4b4183f79f16f
q3_l2r_common_factorial_f31c2a6e_AC-ALG1_VOUT-S32-B16-U2_seed31,f31c2a6e,qwen3-1.7b-base,AC-ALG1,31,gsm8k,7479.0,1,NVIDIA H100 80GB HBM3,2.0775,98897b1bb398d2e8c02f2620b7dfc3c40c411200acee14f14ab53f0e89c712eb,research_repository/ResultsArchive/incoming/common-protocol-structural-factorial__f31c2a6e/cell_result_gsm8k__q3_l2r_common_factorial_f31c2a6e_AC-ALG1_VOUT-S32-B16-U2_seed31__AC-ALG1_s31.json,a48f536c321aaf3fc03f4c5eaa53147d7ae37a14750b27f2d17d6ab95045b1fc,research_repository/ResultsArchive/incoming/common-protocol-structural-factorial__f31c2a6e/complete_gsm8k__q3_l2r_common_factorial_f31c2a6e_AC-ALG1_VOUT-S32-B16-U2_seed31__AC-ALG1_s31.json,f0450e996ac063d8cf2853ac6d244798e29091dcae0af3177f1d14384661581e
q3_l2r_common_factorial_f31c2a6e_AC-ALG1_VOUT-S32-B16-U2_seed47,f31c2a6e,qwen3-1.7b-base,AC-ALG1,47,gsm8k,7833.1,1,NVIDIA H100 80GB HBM3,2.1758611111111112,ec2cf5c52f673433b2b18897558da296166343554ae7e05bdacb4aa477fcb2b2,research_repository/ResultsArchive/incoming/common-protocol-structural-factorial__f31c2a6e/cell_result_gsm8k__q3_l2r_common_factorial_f31c2a6e_AC-ALG1_VOUT-S32-B16-U2_seed47__AC-ALG1_s47.json,4a24e1e965bbc6edc8b7f74900c0a2ba0a7e40a8933b8687fc55f1f84a32a698,research_repository/ResultsArchive/incoming/common-protocol-structural-factorial__f31c2a6e/complete_gsm8k__q3_l2r_common_factorial_f31c2a6e_AC-ALG1_VOUT-S32-B16-U2_seed47__AC-ALG1_s47.json,663b40a90423bf68986aa099b0836594811e11a3827dce4224e61e1c18a18849
q3_l2r_common_factorial_f31c2a6e_AC-ALG1_VOUT-S32-B16-U2_seed73,f31c2a6e,qwen3-1.7b-base,AC-ALG1,73,gsm8k,7150.8,1,NVIDIA H100 80GB HBM3,1.9863333333333333,578dfbb5d7eb72c63e23d3681927779ddcc84afa59d20d55396f58837bcd60a8,research_repository/ResultsArchive/incoming/common-protocol-structural-factorial__f31c2a6e/cell_result_gsm8k__q3_l2r_common_factorial_f31c2a6e_AC-ALG1_VOUT-S32-B16-U2_seed73__AC-ALG1_s73.json,3ae46d68ce50f5bc879569a83969b00e423d015a1c7ccf4ad08c867d78c9fc5b,research_repository/ResultsArchive/incoming/common-protocol-structural-factorial__f31c2a6e/complete_gsm8k__q3_l2r_common_factorial_f31c2a6e_AC-ALG1_VOUT-S32-B16-U2_seed73__AC-ALG1_s73.json,34a1a679ce548aed27cd6353677eaf10fc70e8505011cce16eedce45c47499ee
q3_l2r_common_factorial_f31c2a6e_AC-ALG1_VOUT-S32-B16-U4_seed31,f31c2a6e,qwen3-1.7b-base,AC-ALG1,31,gsm8k,8198.1,1,NVIDIA H100 80GB HBM3,2.27725,2d120164e2844996ad5a1abe4c609c0a4b3ea9d5d84633844128cf027bf0a4af,research_repository/ResultsArchive/incoming/common-protocol-structural-factorial__f31c2a6e/cell_result_gsm8k__q3_l2r_common_factorial_f31c2a6e_AC-ALG1_VOUT-S32-B16-U4_seed31__AC-ALG1_s31.json,5ac4e2d8c2eb593b70340a74c5ad4ad2045873e30d80679bf519647b33bc9396,research_repository/ResultsArchive/incoming/common-protocol-structural-factorial__f31c2a6e/complete_gsm8k__q3_l2r_common_factorial_f31c2a6e_AC-ALG1_VOUT-S32-B16-U4_seed31__AC-ALG1_s31.json,590a06904550ed4acceb03baf9f07ed04ccdeb6eec63b91e1cd81e4217f7c19f
q3_l2r_common_factorial_f31c2a6e_AC-ALG1_VOUT-S32-B16-U4_seed47,f31c2a6e,qwen3-1.7b-base,AC-ALG1,47,gsm8k,8970.0,1,NVIDIA H100 80GB HBM3,2.4916666666666667,1770113ba3593818de9a8c5dfaf4d3ba92053d22f7c9334fddaf0294eab3a4b3,research_repository/ResultsArchive/incoming/common-protocol-structural-factorial__f31c2a6e/cell_result_gsm8k__q3_l2r_common_factorial_f31c2a6e_AC-ALG1_VOUT-S32-B16-U4_seed47__AC-ALG1_s47.json,d33be63b46eafac313d4d61e0253ec2c1e44df867f46552969898ab349312fb1,research_repository/ResultsArchive/incoming/common-protocol-structural-factorial__f31c2a6e/complete_gsm8k__q3_l2r_common_factorial_f31c2a6e_AC-ALG1_VOUT-S32-B16-U4_seed47__AC-ALG1_s47.json,34b5b31772b26a1c1b84a5e449509343d24c3dbba643e17fe6e949826f8d7e12
q3_l2r_common_factorial_f31c2a6e_AC-ALG1_VOUT-S32-B16-U4_seed73,f31c2a6e,qwen3-1.7b-base,AC-ALG1,73,gsm8k,7981.5,1,NVIDIA H100 80GB HBM3,2.2170833333333335,8c33092324b0bbfa19b3f3409d0a6f06331af3d7c47c51492a2bcca4a8301d0a,research_repository/ResultsArchive/incoming/common-protocol-structural-factorial__f31c2a6e/cell_result_gsm8k__q3_l2r_common_factorial_f31c2a6e_AC-ALG1_VOUT-S32-B16-U4_seed73__AC-ALG1_s73.json,5c61aea5ed6f55ab64554d4a237d9aa75c1ba842cc608b8deebd41c51e2f7304,research_repository/ResultsArchive/incoming/common-protocol-structural-factorial__f31c2a6e/complete_gsm8k__q3_l2r_common_factorial_f31c2a6e_AC-ALG1_VOUT-S32-B16-U4_seed73__AC-ALG1_s73.json,ccfee4382385d3e4201cf4527bb7afc9d7a099eafa8c8f0c4f978cebddfd3d45
q3_l2r_common_factorial_f31c2a6e_AC-ALG1_VOUT-S32-B4-U1_seed31,f31c2a6e,qwen3-1.7b-base,AC-ALG1,31,gsm8k,2700.6,1,NVIDIA H100 80GB HBM3,0.7501666666666666,37f0118c91e6de52210498de017d55354726f7e5f66a5deab9675bb11ef2795c,research_repository/ResultsArchive/incoming/common-protocol-structural-factorial__f31c2a6e/cell_result_gsm8k__q3_l2r_common_factorial_f31c2a6e_AC-ALG1_VOUT-S32-B4-U1_seed31__AC-ALG1_s31.json,8b2df6cc0ace7e6fce23d8255e239e0dffad34f0043b76d34ef9d0c5c9c830ca,research_repository/ResultsArchive/incoming/common-protocol-structural-factorial__f31c2a6e/complete_gsm8k__q3_l2r_common_factorial_f31c2a6e_AC-ALG1_VOUT-S32-B4-U1_seed31__AC-ALG1_s31.json,35bc6b7de8393a60bbba7667939caf66b0f9801b1b007b2195b33c2445a5ec63
q3_l2r_common_factorial_f31c2a6e_AC-ALG1_VOUT-S32-B4-U1_seed47,f31c2a6e,qwen3-1.7b-base,AC-ALG1,47,gsm8k,2736.7,1,NVIDIA H100 80GB HBM3,0.7601944444444444,01537c6342adc5c58ea2b3c3b5a1c14f6085f1bb328f0e859ed4f84f55a8e10f,research_repository/ResultsArchive/incoming/common-protocol-structural-factorial__f31c2a6e/cell_result_gsm8k__q3_l2r_common_factorial_f31c2a6e_AC-ALG1_VOUT-S32-B4-U1_seed47__AC-ALG1_s47.json,3e1af0877a8b3095484338c585ea17f0746a8b0259421b36bd88773b2e221cf9,research_repository/ResultsArchive/incoming/common-protocol-structural-factorial__f31c2a6e/complete_gsm8k__q3_l2r_common_factorial_f31c2a6e_AC-ALG1_VOUT-S32-B4-U1_seed47__AC-ALG1_s47.json,f3344c0fd320efae0c3b0f561d2dd5956e6976057a5fb8772d3671ca714180c3
q3_l2r_common_factorial_f31c2a6e_AC-ALG1_VOUT-S32-B4-U1_seed73,f31c2a6e,qwen3-1.7b-base,AC-ALG1,73,gsm8k,2860.4,1,NVIDIA H100 80GB HBM3,0.7945555555555556,cc493ca57a82d491baeece6b42dbe8484bf9286cba6950bdf98dc6e8bec11471,research_repository/ResultsArchive/incoming/common-protocol-structural-factorial__f31c2a6e/cell_result_gsm8k__q3_l2r_common_factorial_f31c2a6e_AC-ALG1_VOUT-S32-B4-U1_seed73__AC-ALG1_s73.json,4abc001822a1c9147446d479af296a1d6b72457fd9202e2bd78b7ea12b545644,research_repository/ResultsArchive/incoming/common-protocol-structural-factorial__f31c2a6e/complete_gsm8k__q3_l2r_common_factorial_f31c2a6e_AC-ALG1_VOUT-S32-B4-U1_seed73__AC-ALG1_s73.json,46f21f143c744744a763a20cac03b3cf7a90159c10965a68b486d79213ca1751
q3_l2r_common_factorial_f31c2a6e_AC-ALG1_VOUT-S32-B4-U2_seed31,f31c2a6e,qwen3-1.7b-base,AC-ALG1,31,gsm8k,2608.3,1,NVIDIA H100 80GB HBM3,0.7245277777777779,628c4258e98773cd262cda5396f22bcb6de1c686ebdec9133f7b8e499df8907d,research_repository/ResultsArchive/incoming/common-protocol-structural-factorial__f31c2a6e/cell_result_gsm8k__q3_l2r_common_factorial_f31c2a6e_AC-ALG1_VOUT-S32-B4-U2_seed31__AC-ALG1_s31.json,4d3d457b595352152bf5ad38f4e95ae4266f5e1ccf051b228278591cb87b85a7,research_repository/ResultsArchive/incoming/common-protocol-structural-factorial__f31c2a6e/complete_gsm8k__q3_l2r_common_factorial_f31c2a6e_AC-ALG1_VOUT-S32-B4-U2_seed31__AC-ALG1_s31.json,d3b13d0903676963338f6c8466a44854451a53cafa41b7aaede2e0918859067c
q3_l2r_common_factorial_f31c2a6e_AC-ALG1_VOUT-S32-B4-U2_seed47,f31c2a6e,qwen3-1.7b-base,AC-ALG1,47,gsm8k,2897.8,1,NVIDIA H100 80GB HBM3,0.8049444444444445,a87dfe1881c24d2c5acd0c42c2fd4bcd25a15eebeafe4bbe81df7f900246ba46,research_repository/ResultsArchive/incoming/common-protocol-structural-factorial__f31c2a6e/cell_result_gsm8k__q3_l2r_common_factorial_f31c2a6e_AC-ALG1_VOUT-S32-B4-U2_seed47__AC-ALG1_s47.json,4205e6d017ff06e0b9e8b8da8421fae7dae2481c68f2f6cc12ec4c01502554b0,research_repository/ResultsArchive/incoming/common-protocol-structural-factorial__f31c2a6e/complete_gsm8k__q3_l2r_common_factorial_f31c2a6e_AC-ALG1_VOUT-S32-B4-U2_seed47__AC-ALG1_s47.json,22b39324563d4bb5fa1f08e13a00201d22e02edb667c9727d6ee2a824d9d393e
q3_l2r_common_factorial_f31c2a6e_AC-ALG1_VOUT-S32-B4-U2_seed73,f31c2a6e,qwen3-1.7b-base,AC-ALG1,73,gsm8k,2745.9,1,NVIDIA H100 80GB HBM3,0.76275,08a7589c3fe11232055eb83c71c3d44670befc4b75c8d3676dca21d41febcf27,research_repository/ResultsArchive/incoming/common-protocol-structural-factorial__f31c2a6e/cell_result_gsm8k__q3_l2r_common_factorial_f31c2a6e_AC-ALG1_VOUT-S32-B4-U2_seed73__AC-ALG1_s73.json,811258c2014348ccee9a32ab3b97fd635c1a8528204bddca5aa32ffb573d40be,research_repository/ResultsArchive/incoming/common-protocol-structural-factorial__f31c2a6e/complete_gsm8k__q3_l2r_common_factorial_f31c2a6e_AC-ALG1_VOUT-S32-B4-U2_seed73__AC-ALG1_s73.json,1d95d593a96d883853862f8b400363cc877c6eea7f4639e2bc30a4816fbe1039
q3_l2r_common_factorial_f31c2a6e_AC-ALG1_VOUT-S32-B4-U4_seed31,f31c2a6e,qwen3-1.7b-base,AC-ALG1,31,gsm8k,2729.6,1,NVIDIA H100 80GB HBM3,0.7582222222222222,126abe452c143df51db6a97997373a2fd977014b5d09d8e3263f8fa382631249,research_repository/ResultsArchive/incoming/common-protocol-structural-factorial__f31c2a6e/cell_result_gsm8k__q3_l2r_common_factorial_f31c2a6e_AC-ALG1_VOUT-S32-B4-U4_seed31__AC-ALG1_s31.json,1995deeee23dffe8bf70bbcd0c2e63da37947f8a2e8e890c17fe826d553310fa,research_repository/ResultsArchive/incoming/common-protocol-structural-factorial__f31c2a6e/complete_gsm8k__q3_l2r_common_factorial_f31c2a6e_AC-ALG1_VOUT-S32-B4-U4_seed31__AC-ALG1_s31.json,2592c57d0167160e56914809e262702927300be2ca3d4c1dd9dab4452307905e
q3_l2r_common_factorial_f31c2a6e_AC-ALG1_VOUT-S32-B4-U4_seed47,f31c2a6e,qwen3-1.7b-base,AC-ALG1,47,gsm8k,2942.6,1,NVIDIA H100 80GB HBM3,0.8173888888888888,db54c96cb733604ebf43812e572e7390f24d0c5793f52efba1f0d29dbf486836,research_repository/ResultsArchive/incoming/common-protocol-structural-factorial__f31c2a6e/cell_result_gsm8k__q3_l2r_common_factorial_f31c2a6e_AC-ALG1_VOUT-S32-B4-U4_seed47__AC-ALG1_s47.json,4b68dc5a940e7414ac71979efcfb9854f7e7d63e5cba911da0c20e833810a247,research_repository/ResultsArchive/incoming/common-protocol-structural-factorial__f31c2a6e/complete_gsm8k__q3_l2r_common_factorial_f31c2a6e_AC-ALG1_VOUT-S32-B4-U4_seed47__AC-ALG1_s47.json,824387f2ae8b4b768f309ad0e44531c8217cb8a8b2cb9a80d5b2ef47c602adb7
q3_l2r_common_factorial_f31c2a6e_AC-ALG1_VOUT-S32-B4-U4_seed73,f31c2a6e,qwen3-1.7b-base,AC-ALG1,73,gsm8k,2733.7,1,NVIDIA H100 80GB HBM3,0.759361111111111,8a74ef0369494515e31f067c59a16f5851abaf0d3223130899e948379d37769b,research_repository/ResultsArchive/incoming/common-protocol-structural-factorial__f31c2a6e/cell_result_gsm8k__q3_l2r_common_factorial_f31c2a6e_AC-ALG1_VOUT-S32-B4-U4_seed73__AC-ALG1_s73.json,164d801f6e8c868b1629449015d0d0595d30b166840617ad5ec10a3a7016b686,research_repository/ResultsArchive/incoming/common-protocol-structural-factorial__f31c2a6e/complete_gsm8k__q3_l2r_common_factorial_f31c2a6e_AC-ALG1_VOUT-S32-B4-U4_seed73__AC-ALG1_s73.json,5e0024a0c51fa52c3c90f5632fff14fd1c2d23a3040e2ec6cad087af17a35ee6
q3_l2r_common_factorial_f31c2a6e_AC-ALG1_VOUT-S32-B8-U1_seed31,f31c2a6e,qwen3-1.7b-base,AC-ALG1,31,gsm8k,4087.0,1,NVIDIA H100 80GB HBM3,1.1352777777777778,bc3c0bb644180e3ca2fbc08909d0cbb0f27f988260fa3bb5119abd93807b0529,research_repository/ResultsArchive/incoming/common-protocol-structural-factorial__f31c2a6e/cell_result_gsm8k__q3_l2r_common_factorial_f31c2a6e_AC-ALG1_VOUT-S32-B8-U1_seed31__AC-ALG1_s31.json,a1513c57762ad64bc288d92dc7e92bbede0636b3573e769df51d4e0036ec2dc6,research_repository/ResultsArchive/incoming/common-protocol-structural-factorial__f31c2a6e/complete_gsm8k__q3_l2r_common_factorial_f31c2a6e_AC-ALG1_VOUT-S32-B8-U1_seed31__AC-ALG1_s31.json,c9e5690569ec04f91d4b072020b25ee5e9bce4afef57c106c11b6bfdc59e5b9f
q3_l2r_common_factorial_f31c2a6e_AC-ALG1_VOUT-S32-B8-U1_seed47,f31c2a6e,qwen3-1.7b-base,AC-ALG1,47,gsm8k,4188.8,1,NVIDIA H100 80GB HBM3,1.1635555555555557,6d4a2e775a74aa65f1f5f9e396c2fd17e4ba8c11fe0d463aec2e600160dfaf40,research_repository/ResultsArchive/incoming/common-protocol-structural-factorial__f31c2a6e/cell_result_gsm8k__q3_l2r_common_factorial_f31c2a6e_AC-ALG1_VOUT-S32-B8-U1_seed47__AC-ALG1_s47.json,3c084faa7a6cfd7d078b76c5869bf5c118b71b45d8f712f7520ee2553d4f9456,research_repository/ResultsArchive/incoming/common-protocol-structural-factorial__f31c2a6e/complete_gsm8k__q3_l2r_common_factorial_f31c2a6e_AC-ALG1_VOUT-S32-B8-U1_seed47__AC-ALG1_s47.json,28c4a400f7966a47c3b50155c165f17b53bd6ffdbf73d374a0be5dfdd5466394
q3_l2r_common_factorial_f31c2a6e_AC-ALG1_VOUT-S32-B8-U1_seed73,f31c2a6e,qwen3-1.7b-base,AC-ALG1,73,gsm8k,3897.7,1,NVIDIA H100 80GB HBM3,1.0826944444444444,2817cea6f1f0f1f46f104eec2acc4c418d6caf9fdbc1ce974b60f0cb78b0bb88,research_repository/ResultsArchive/incoming/common-protocol-structural-factorial__f31c2a6e/cell_result_gsm8k__q3_l2r_common_factorial_f31c2a6e_AC-ALG1_VOUT-S32-B8-U1_seed73__AC-ALG1_s73.json,334ef516bcbe51c3d2669b9d33a787e709167edce62c5feb434b6a351edb6457,research_repository/ResultsArchive/incoming/common-protocol-structural-factorial__f31c2a6e/complete_gsm8k__q3_l2r_common_factorial_f31c2a6e_AC-ALG1_VOUT-S32-B8-U1_seed73__AC-ALG1_s73.json,f982ae31228d0ee391beae6f5cf52eb59c65abd5307adcefdc975b5823b3e8c0
q3_l2r_common_factorial_f31c2a6e_AC-ALG1_VOUT-S32-B8-U2_seed31,f31c2a6e,qwen3-1.7b-base,AC-ALG1,31,gsm8k,4415.0,1,NVIDIA H100 80GB HBM3,1.226388888888889,349c88fb7ba653ba9b05d31e1549b5d9484a02cf575346cdd1f8bae78d00235b,research_repository/ResultsArchive/incoming/common-protocol-structural-factorial__f31c2a6e/cell_result_gsm8k__q3_l2r_common_factorial_f31c2a6e_AC-ALG1_VOUT-S32-B8-U2_seed31__AC-ALG1_s31.json,d4a0e19035aefda7021911ed209bdf929f3085f74b01ef5d1fa3cc7543e35329,research_repository/ResultsArchive/incoming/common-protocol-structural-factorial__f31c2a6e/complete_gsm8k__q3_l2r_common_factorial_f31c2a6e_AC-ALG1_VOUT-S32-B8-U2_seed31__AC-ALG1_s31.json,e16446e8ee327861426c88a9655aa445a4dbe36bcfbb5ef86d126ef612c99709
q3_l2r_common_factorial_f31c2a6e_AC-ALG1_VOUT-S32-B8-U2_seed47,f31c2a6e,qwen3-1.7b-base,AC-ALG1,47,gsm8k,4480.4,1,NVIDIA H100 80GB HBM3,1.2445555555555554,ffa6be5e6ed4293f51e852844a0adfde8dcb9db068bc1e64bf351cbccfda422c,research_repository/ResultsArchive/incoming/common-protocol-structural-factorial__f31c2a6e/cell_result_gsm8k__q3_l2r_common_factorial_f31c2a6e_AC-ALG1_VOUT-S32-B8-U2_seed47__AC-ALG1_s47.json,b2f17045b04ad75267e0d86d887fc63782364f22dcbf8788713436fe70ed127f,research_repository/ResultsArchive/incoming/common-protocol-structural-factorial__f31c2a6e/complete_gsm8k__q3_l2r_common_factorial_f31c2a6e_AC-ALG1_VOUT-S32-B8-U2_seed47__AC-ALG1_s47.json,5d24e756e276c06f9dcbc6de082a143ef01905789689576136288d61bc70afd3
q3_l2r_common_factorial_f31c2a6e_AC-ALG1_VOUT-S32-B8-U2_seed73,f31c2a6e,qwen3-1.7b-base,AC-ALG1,73,gsm8k,4282.0,1,NVIDIA H100 80GB HBM3,1.1894444444444445,23f718da6bb64e80188cb79e85509e469c00d684aa7c7643a4730b7b44e3c176,research_repository/ResultsArchive/incoming/common-protocol-structural-factorial__f31c2a6e/cell_result_gsm8k__q3_l2r_common_factorial_f31c2a6e_AC-ALG1_VOUT-S32-B8-U2_seed73__AC-ALG1_s73.json,7252c954b2c246871b03fcb5d9e77370cc3be5a8b8cfb2ee9882e35003b65cc8,research_repository/ResultsArchive/incoming/common-protocol-structural-factorial__f31c2a6e/complete_gsm8k__q3_l2r_common_factorial_f31c2a6e_AC-ALG1_VOUT-S32-B8-U2_seed73__AC-ALG1_s73.json,fb12b7ab0c90ab058b9dcc1591da658235fa041e2e8440c55d3fd971cf33ee01
q3_l2r_common_factorial_f31c2a6e_AC-ALG1_VOUT-S32-B8-U4_seed31,f31c2a6e,qwen3-1.7b-base,AC-ALG1,31,gsm8k,4852.0,1,NVIDIA H100 80GB HBM3,1.3477777777777777,2d96bcdb5de9e7d34a278d844074b8402c13317f30992d21852f8dba112b73ef,research_repository/ResultsArchive/incoming/common-protocol-structural-factorial__f31c2a6e/cell_result_gsm8k__q3_l2r_common_factorial_f31c2a6e_AC-ALG1_VOUT-S32-B8-U4_seed31__AC-ALG1_s31.json,746ec8a161fb1327547fce71f4b1297ba0fa01917a943c956ade3b884ca2402e,research_repository/ResultsArchive/incoming/common-protocol-structural-factorial__f31c2a6e/complete_gsm8k__q3_l2r_common_factorial_f31c2a6e_AC-ALG1_VOUT-S32-B8-U4_seed31__AC-ALG1_s31.json,d0d2fbcfb92e731d4f04843b056c6af3e5c5ad13532776b1b41af064c7dd3b5e
q3_l2r_common_factorial_f31c2a6e_AC-ALG1_VOUT-S32-B8-U4_seed47,f31c2a6e,qwen3-1.7b-base,AC-ALG1,47,gsm8k,5031.6,1,NVIDIA H100 80GB HBM3,1.3976666666666668,d9d6d5f4895ea3b7d631be962ed3dc9194e120f94a359b0c49a4983b7aace204,research_repository/ResultsArchive/incoming/common-protocol-structural-factorial__f31c2a6e/cell_result_gsm8k__q3_l2r_common_factorial_f31c2a6e_AC-ALG1_VOUT-S32-B8-U4_seed47__AC-ALG1_s47.json,1aea5c2d4ee723e5f530db3013d940808d70d5ae08da5bac510e564ab3da8843,research_repository/ResultsArchive/incoming/common-protocol-structural-factorial__f31c2a6e/complete_gsm8k__q3_l2r_common_factorial_f31c2a6e_AC-ALG1_VOUT-S32-B8-U4_seed47__AC-ALG1_s47.json,066bae9666c2b142170419f509b0c3f8abac00759351bb3bdfae5da081f81517
q3_l2r_common_factorial_f31c2a6e_AC-ALG1_VOUT-S32-B8-U4_seed73,f31c2a6e,qwen3-1.7b-base,AC-ALG1,73,gsm8k,4889.6,1,NVIDIA H100 80GB HBM3,1.3582222222222222,58e6428ca6840628fb52cca1815ec9956509dec6cd0758fcdb7b501d79dcbf17,research_repository/ResultsArchive/incoming/common-protocol-structural-factorial__f31c2a6e/cell_result_gsm8k__q3_l2r_common_factorial_f31c2a6e_AC-ALG1_VOUT-S32-B8-U4_seed73__AC-ALG1_s73.json,690235ed51934677fe6c0fede38dc0e37996e240d101f480d0406fe78c961352,research_repository/ResultsArchive/incoming/common-protocol-structural-factorial__f31c2a6e/complete_gsm8k__q3_l2r_common_factorial_f31c2a6e_AC-ALG1_VOUT-S32-B8-U4_seed73__AC-ALG1_s73.json,949b9a4d290007a599a8a1e2526a86c4b17447e97afa2dd0c9dd14fbb880256b
q3_l2r_common_factorial_f31c2a6e_AC-ALG1_VOUT-S8-B16-U1_seed31,f31c2a6e,qwen3-1.7b-base,AC-ALG1,31,gsm8k,2534.5,1,NVIDIA H100 80GB HBM3,0.7040277777777778,2eaa23c3a4f372e7f2c7f15762d8e20788356175f948edc92b7b07f66cca87b7,research_repository/ResultsArchive/incoming/common-protocol-structural-factorial__f31c2a6e/cell_result_gsm8k__q3_l2r_common_factorial_f31c2a6e_AC-ALG1_VOUT-S8-B16-U1_seed31__AC-ALG1_s31.json,f14ccbec0cd00dbe5cb0262a55cceef2884709ea42f920a4806e9c5020b9778b,research_repository/ResultsArchive/incoming/common-protocol-structural-factorial__f31c2a6e/complete_gsm8k__q3_l2r_common_factorial_f31c2a6e_AC-ALG1_VOUT-S8-B16-U1_seed31__AC-ALG1_s31.json,a5d4e680428db9218ac1e3118eb173ef7bae68a9fbe72f4b6f9f5e257eb10e2c
q3_l2r_common_factorial_f31c2a6e_AC-ALG1_VOUT-S8-B16-U1_seed47,f31c2a6e,qwen3-1.7b-base,AC-ALG1,47,gsm8k,2694.4,1,NVIDIA H100 80GB HBM3,0.7484444444444445,f4e9ea97f579806250491c975399043da08272d1595a6db2dfe376c91c997be9,research_repository/ResultsArchive/incoming/common-protocol-structural-factorial__f31c2a6e/cell_result_gsm8k__q3_l2r_common_factorial_f31c2a6e_AC-ALG1_VOUT-S8-B16-U1_seed47__AC-ALG1_s47.json,965559db40f3732039a5b9fb007e247039013e2b923c404f0dd4cae9201b7e6a,research_repository/ResultsArchive/incoming/common-protocol-structural-factorial__f31c2a6e/complete_gsm8k__q3_l2r_common_factorial_f31c2a6e_AC-ALG1_VOUT-S8-B16-U1_seed47__AC-ALG1_s47.json,4ebeeaec5e267eed6f5db4c56713645880afdcdf7f235f34c29ce30574903620
q3_l2r_common_factorial_f31c2a6e_AC-ALG1_VOUT-S8-B16-U1_seed73,f31c2a6e,qwen3-1.7b-base,AC-ALG1,73,gsm8k,2817.4,1,NVIDIA H100 80GB HBM3,0.7826111111111111,12ff92b5dc915b6f8af37c7c43f2fd70b508394893816eb1acd4ffeee678296f,research_repository/ResultsArchive/incoming/common-protocol-structural-factorial__f31c2a6e/cell_result_gsm8k__q3_l2r_common_factorial_f31c2a6e_AC-ALG1_VOUT-S8-B16-U1_seed73__AC-ALG1_s73.json,54332ce120ba5218318c556ccb75e9f8785ded42fc770e8b04f18b7bf0ddbe95,research_repository/ResultsArchive/incoming/common-protocol-structural-factorial__f31c2a6e/complete_gsm8k__q3_l2r_common_factorial_f31c2a6e_AC-ALG1_VOUT-S8-B16-U1_seed73__AC-ALG1_s73.json,b4fe76cc5f3724da2fc12cf2144ba3952017bd99dcc211b0282b4eb5f594b472
q3_l2r_common_factorial_f31c2a6e_AC-ALG1_VOUT-S8-B16-U2_seed31,f31c2a6e,qwen3-1.7b-base,AC-ALG1,31,gsm8k,2783.5,1,NVIDIA H100 80GB HBM3,0.7731944444444444,0cf53b5bc2b9676fbd7aed885fb6a38b189e9b2a5b0be1f32094f8e8457be31a,research_repository/ResultsArchive/incoming/common-protocol-structural-factorial__f31c2a6e/cell_result_gsm8k__q3_l2r_common_factorial_f31c2a6e_AC-ALG1_VOUT-S8-B16-U2_seed31__AC-ALG1_s31.json,3797e42bc4f3601a7451cea43dc3401feb776d4f83618968248266ee76cee04e,research_repository/ResultsArchive/incoming/common-protocol-structural-factorial__f31c2a6e/complete_gsm8k__q3_l2r_common_factorial_f31c2a6e_AC-ALG1_VOUT-S8-B16-U2_seed31__AC-ALG1_s31.json,ca7021561144a64671e97b0a631d5b3b067ff00f810ccfe91bc9c41af7b621f8
q3_l2r_common_factorial_f31c2a6e_AC-ALG1_VOUT-S8-B16-U2_seed47,f31c2a6e,qwen3-1.7b-base,AC-ALG1,47,gsm8k,2866.0,1,NVIDIA H100 80GB HBM3,0.7961111111111111,796c937464e51dfc28ab3556e3de46cf55915c4e427210505a5e07a2e6fb990b,research_repository/ResultsArchive/incoming/common-protocol-structural-factorial__f31c2a6e/cell_result_gsm8k__q3_l2r_common_factorial_f31c2a6e_AC-ALG1_VOUT-S8-B16-U2_seed47__AC-ALG1_s47.json,9ecbce4c16381a27b5380ba3494064e81d09ffbdf0042d9e483665e77dbb5956,research_repository/ResultsArchive/incoming/common-protocol-structural-factorial__f31c2a6e/complete_gsm8k__q3_l2r_common_factorial_f31c2a6e_AC-ALG1_VOUT-S8-B16-U2_seed47__AC-ALG1_s47.json,5ecd0afee26a0d99ece640be641d7618ad86834a4c8f12afd742d0f26733c9b2
q3_l2r_common_factorial_f31c2a6e_AC-ALG1_VOUT-S8-B16-U2_seed73,f31c2a6e,qwen3-1.7b-base,AC-ALG1,73,gsm8k,2722.8,1,NVIDIA H100 80GB HBM3,0.7563333333333334,421440c9513c7ec7b0f19709d27b3dd2c97881ff85e93fe65c085b70654b5e2e,research_repository/ResultsArchive/incoming/common-protocol-structural-factorial__f31c2a6e/cell_result_gsm8k__q3_l2r_common_factorial_f31c2a6e_AC-ALG1_VOUT-S8-B16-U2_seed73__AC-ALG1_s73.json,fc90529f0dbb4e0fd27f428fcd7d32fa0af40938a01482a51fea35eed2ae2697,research_repository/ResultsArchive/incoming/common-protocol-structural-factorial__f31c2a6e/complete_gsm8k__q3_l2r_common_factorial_f31c2a6e_AC-ALG1_VOUT-S8-B16-U2_seed73__AC-ALG1_s73.json,131780d60e97adaf6d8c8364d9e952d9d968445608fb5f01b8f84f984a2eeaa7
q3_l2r_common_factorial_f31c2a6e_AC-ALG1_VOUT-S8-B16-U4_seed31,f31c2a6e,qwen3-1.7b-base,AC-ALG1,31,gsm8k,2779.0,1,NVIDIA H100 80GB HBM3,0.7719444444444444,b472cfd2e0d08522d4bd95f8975f85684062dabfd59ef2b0074296fcda8ae4e9,research_repository/ResultsArchive/incoming/common-protocol-structural-factorial__f31c2a6e/cell_result_gsm8k__q3_l2r_common_factorial_f31c2a6e_AC-ALG1_VOUT-S8-B16-U4_seed31__AC-ALG1_s31.json,09de65d19e21dd26be9923f03c15a90ca38d9b19c24ec5b40ae5f77662609b4a,research_repository/ResultsArchive/incoming/common-protocol-structural-factorial__f31c2a6e/complete_gsm8k__q3_l2r_common_factorial_f31c2a6e_AC-ALG1_VOUT-S8-B16-U4_seed31__AC-ALG1_s31.json,afc0f7652a20fddd3ae18ec8a576ec8f33e9bc34ebb350f06456eaaec1f31c02
q3_l2r_common_factorial_f31c2a6e_AC-ALG1_VOUT-S8-B16-U4_seed47,f31c2a6e,qwen3-1.7b-base,AC-ALG1,47,gsm8k,3211.3,1,NVIDIA H100 80GB HBM3,0.8920277777777779,0ced334aa3592b8a4c79a730230ff9238743661cb46ec7857aae8d33d945754a,research_repository/ResultsArchive/incoming/common-protocol-structural-factorial__f31c2a6e/cell_result_gsm8k__q3_l2r_common_factorial_f31c2a6e_AC-ALG1_VOUT-S8-B16-U4_seed47__AC-ALG1_s47.json,1aa12cde4678237c618a56eaa2bcd614fe9b299f1aa4a24c283f8d6900112329,research_repository/ResultsArchive/incoming/common-protocol-structural-factorial__f31c2a6e/complete_gsm8k__q3_l2r_common_factorial_f31c2a6e_AC-ALG1_VOUT-S8-B16-U4_seed47__AC-ALG1_s47.json,7d8c90a4ade7ad82c4e701a710ffae9c235d96d5344b3249e044bfff9613d59b
q3_l2r_common_factorial_f31c2a6e_AC-ALG1_VOUT-S8-B16-U4_seed73,f31c2a6e,qwen3-1.7b-base,AC-ALG1,73,gsm8k,2916.7,1,NVIDIA H100 80GB HBM3,0.8101944444444444,2c77f6c424bd955db9deb17d6e54dc2b2e200471b879d3e9f434a26fff59cea8,research_repository/ResultsArchive/incoming/common-protocol-structural-factorial__f31c2a6e/cell_result_gsm8k__q3_l2r_common_factorial_f31c2a6e_AC-ALG1_VOUT-S8-B16-U4_seed73__AC-ALG1_s73.json,8272fafcce462651b6daa0de20582ed53a41a90765928d8eec8dbb7f341f6607,research_repository/ResultsArchive/incoming/common-protocol-structural-factorial__f31c2a6e/complete_gsm8k__q3_l2r_common_factorial_f31c2a6e_AC-ALG1_VOUT-S8-B16-U4_seed73__AC-ALG1_s73.json,0bace25ce40fef2cce7c9128fa1caaff5c5fe81bac22f1e7e2e47e9e262afd8d
q3_l2r_common_factorial_f31c2a6e_AC-ALG1_VOUT-S8-B4-U1_seed31,f31c2a6e,qwen3-1.7b-base,AC-ALG1,31,gsm8k,1522.7,1,NVIDIA H100 80GB HBM3,0.42297222222222225,d18b8470ca9da0d86be270c270e52ddd800343ec25aa2db4989a028b8aa6c364,research_repository/ResultsArchive/incoming/common-protocol-structural-factorial__f31c2a6e/cell_result_gsm8k__q3_l2r_common_factorial_f31c2a6e_AC-ALG1_VOUT-S8-B4-U1_seed31__AC-ALG1_s31.json,bbb0ee17d4c1018ed91e9aa2bd246cc0b4cbfb7ad5d1cf8aa621458b328c71ba,research_repository/ResultsArchive/incoming/common-protocol-structural-factorial__f31c2a6e/complete_gsm8k__q3_l2r_common_factorial_f31c2a6e_AC-ALG1_VOUT-S8-B4-U1_seed31__AC-ALG1_s31.json,bcc278edfe9366fcd4ff7e4fd6bcc0afea0bdcba39d18c1a66ddf99c77cc0b38
q3_l2r_common_factorial_f31c2a6e_AC-ALG1_VOUT-S8-B4-U1_seed47,f31c2a6e,qwen3-1.7b-base,AC-ALG1,47,gsm8k,1542.7,1,NVIDIA H100 80GB HBM3,0.4285277777777778,e9831a5cddda146ffd537d4e5b05ae846bc5d529d3176bfc641df31c9607d059,research_repository/ResultsArchive/incoming/common-protocol-structural-factorial__f31c2a6e/cell_result_gsm8k__q3_l2r_common_factorial_f31c2a6e_AC-ALG1_VOUT-S8-B4-U1_seed47__AC-ALG1_s47.json,2e152e329ab3caf78167c0dfeb4ca50d7050bcee2c72db54fe69639e4767dd3d,research_repository/ResultsArchive/incoming/common-protocol-structural-factorial__f31c2a6e/complete_gsm8k__q3_l2r_common_factorial_f31c2a6e_AC-ALG1_VOUT-S8-B4-U1_seed47__AC-ALG1_s47.json,c649c08ce3691708967269f0f829ec16e0cf8bafb5572f24af21c8bd67b3c162
q3_l2r_common_factorial_f31c2a6e_AC-ALG1_VOUT-S8-B4-U1_seed73,f31c2a6e,qwen3-1.7b-base,AC-ALG1,73,gsm8k,1973.9,1,NVIDIA H100 80GB HBM3,0.5483055555555556,0916de2e07ee679036dd6710dfb07eb2589ff84242b75ee80b3636aa68c38709,research_repository/ResultsArchive/incoming/common-protocol-structural-factorial__f31c2a6e/cell_result_gsm8k__q3_l2r_common_factorial_f31c2a6e_AC-ALG1_VOUT-S8-B4-U1_seed73__AC-ALG1_s73.json,66caa663d9e81de445507be2059750957ce37f502fdcfcbaf89c3b924a7dc5b3,research_repository/ResultsArchive/incoming/common-protocol-structural-factorial__f31c2a6e/complete_gsm8k__q3_l2r_common_factorial_f31c2a6e_AC-ALG1_VOUT-S8-B4-U1_seed73__AC-ALG1_s73.json,25aba51bff45d7a30d2266c0653f81de363faca3112abd2733018b08606125ac
q3_l2r_common_factorial_f31c2a6e_AC-ALG1_VOUT-S8-B4-U2_seed31,f31c2a6e,qwen3-1.7b-base,AC-ALG1,31,gsm8k,2010.6,1,NVIDIA H100 80GB HBM3,0.5585,7d752515bc5137c08632478aaf7db4db7de9b369a5262946c21bbe8f32e4c2c7,research_repository/ResultsArchive/incoming/common-protocol-structural-factorial__f31c2a6e/cell_result_gsm8k__q3_l2r_common_factorial_f31c2a6e_AC-ALG1_VOUT-S8-B4-U2_seed31__AC-ALG1_s31.json,69d094d87ab01edfc7f0581a6d6c6a4642d11d2cf85db96ef57b61284b5f1cee,research_repository/ResultsArchive/incoming/common-protocol-structural-factorial__f31c2a6e/complete_gsm8k__q3_l2r_common_factorial_f31c2a6e_AC-ALG1_VOUT-S8-B4-U2_seed31__AC-ALG1_s31.json,052817449537d71434ba56ec184a94bf615ac884ef7bebd9c0afac06488252cf
q3_l2r_common_factorial_f31c2a6e_AC-ALG1_VOUT-S8-B4-U2_seed47,f31c2a6e,qwen3-1.7b-base,AC-ALG1,47,gsm8k,2258.4,1,NVIDIA H100 80GB HBM3,0.6273333333333334,7419f14eeb94a5d1d96cd7cbcebcd1f9aaddebc5b84627b08d9f6d103637586a,research_repository/ResultsArchive/incoming/common-protocol-structural-factorial__f31c2a6e/cell_result_gsm8k__q3_l2r_common_factorial_f31c2a6e_AC-ALG1_VOUT-S8-B4-U2_seed47__AC-ALG1_s47.json,de2adb15e4560284f8cbfb1b5fe295b3dc043335a7395b85ac71e555946ac72c,research_repository/ResultsArchive/incoming/common-protocol-structural-factorial__f31c2a6e/complete_gsm8k__q3_l2r_common_factorial_f31c2a6e_AC-ALG1_VOUT-S8-B4-U2_seed47__AC-ALG1_s47.json,1cb788613deca1bf81c114a2b0b0f2a11605d48d065ba9a3735bc810e85ce2d6
q3_l2r_common_factorial_f31c2a6e_AC-ALG1_VOUT-S8-B4-U2_seed73,f31c2a6e,qwen3-1.7b-base,AC-ALG1,73,gsm8k,2226.9,1,NVIDIA H100 80GB HBM3,0.6185833333333334,4066873d93a191909eb0f4d63a7d1e7f24133de750d400814070239e953fbed7,research_repository/ResultsArchive/incoming/common-protocol-structural-factorial__f31c2a6e/cell_result_gsm8k__q3_l2r_common_factorial_f31c2a6e_AC-ALG1_VOUT-S8-B4-U2_seed73__AC-ALG1_s73.json,3eeb4cc4b8572dba64bb90401b140ebad4ffeabf86589d71d363a16a83e5c1e7,research_repository/ResultsArchive/incoming/common-protocol-structural-factorial__f31c2a6e/complete_gsm8k__q3_l2r_common_factorial_f31c2a6e_AC-ALG1_VOUT-S8-B4-U2_seed73__AC-ALG1_s73.json,03a858f8605abae5f4c6e1e0e1b1b0fd58356ef6ffcda57c366c464a4c4595f0
q3_l2r_common_factorial_f31c2a6e_AC-ALG1_VOUT-S8-B4-U4_seed31,f31c2a6e,qwen3-1.7b-base,AC-ALG1,31,gsm8k,1626.1,1,NVIDIA H100 80GB HBM3,0.4516944444444444,41e2106c9249f04f105a07b04420354129d030d1932241369d0cc9d983318e53,research_repository/ResultsArchive/incoming/common-protocol-structural-factorial__f31c2a6e/cell_result_gsm8k__q3_l2r_common_factorial_f31c2a6e_AC-ALG1_VOUT-S8-B4-U4_seed31__AC-ALG1_s31.json,60356cb93c814d8627cd4955ae651fc09a8a10b21de702d17ca1c1a6a81524f4,research_repository/ResultsArchive/incoming/common-protocol-structural-factorial__f31c2a6e/complete_gsm8k__q3_l2r_common_factorial_f31c2a6e_AC-ALG1_VOUT-S8-B4-U4_seed31__AC-ALG1_s31.json,f66cbe1cfcab7adbe227c5ebfa3d7723dd706c947a4951288fc6f5e1bf155203
q3_l2r_common_factorial_f31c2a6e_AC-ALG1_VOUT-S8-B4-U4_seed47,f31c2a6e,qwen3-1.7b-base,AC-ALG1,47,gsm8k,1623.9,1,NVIDIA H100 80GB HBM3,0.45108333333333334,83ea542173254d265d1c2b6a4cab13f06fdf769abf8ab2850e97eb418e653c10,research_repository/ResultsArchive/incoming/common-protocol-structural-factorial__f31c2a6e/cell_result_gsm8k__q3_l2r_common_factorial_f31c2a6e_AC-ALG1_VOUT-S8-B4-U4_seed47__AC-ALG1_s47.json,56ddb06daecba3470dac3dd2685c46e4e08a73dd31ffdaaa5493ad21e8302b37,research_repository/ResultsArchive/incoming/common-protocol-structural-factorial__f31c2a6e/complete_gsm8k__q3_l2r_common_factorial_f31c2a6e_AC-ALG1_VOUT-S8-B4-U4_seed47__AC-ALG1_s47.json,6b0ec76a901594c91e4b35adeb3170e74bffafbcb3b931eeb1a30179503786f1
q3_l2r_common_factorial_f31c2a6e_AC-ALG1_VOUT-S8-B4-U4_seed73,f31c2a6e,qwen3-1.7b-base,AC-ALG1,73,gsm8k,1538.4,1,NVIDIA H100 80GB HBM3,0.42733333333333334,f1e4e90359e0e39bfa87b78e72c99140960ac6660abaffb151cdd4ee552d17ad,research_repository/ResultsArchive/incoming/common-protocol-structural-factorial__f31c2a6e/cell_result_gsm8k__q3_l2r_common_factorial_f31c2a6e_AC-ALG1_VOUT-S8-B4-U4_seed73__AC-ALG1_s73.json,25745666741a5afbc424cf8c4eff2572dc926aa153e02dfdadb0fbb441a7aa35,research_repository/ResultsArchive/incoming/common-protocol-structural-factorial__f31c2a6e/complete_gsm8k__q3_l2r_common_factorial_f31c2a6e_AC-ALG1_VOUT-S8-B4-U4_seed73__AC-ALG1_s73.json,935d45e7aba7929c54e15e40c6e79f9af15da4b541b20a72cff5ff34613a235c
q3_l2r_common_factorial_f31c2a6e_AC-ALG1_VOUT-S8-B8-U1_seed31,f31c2a6e,qwen3-1.7b-base,AC-ALG1,31,gsm8k,1858.7,1,NVIDIA H100 80GB HBM3,0.5163055555555556,cde736fffcc784a9422cc29dd27dd868777e822800d684d32409e132c2734212,research_repository/ResultsArchive/incoming/common-protocol-structural-factorial__f31c2a6e/cell_result_gsm8k__q3_l2r_common_factorial_f31c2a6e_AC-ALG1_VOUT-S8-B8-U1_seed31__AC-ALG1_s31.json,dd5e35aac8bfe5ce58f1059a0a8bf63e5e01257929a3c0d77b0b263de5fdf3ed,research_repository/ResultsArchive/incoming/common-protocol-structural-factorial__f31c2a6e/complete_gsm8k__q3_l2r_common_factorial_f31c2a6e_AC-ALG1_VOUT-S8-B8-U1_seed31__AC-ALG1_s31.json,80f73558fb7725920e775054c8c739a6d75ea42a3f53d50083dc789b9a1d527e
q3_l2r_common_factorial_f31c2a6e_AC-ALG1_VOUT-S8-B8-U1_seed47,f31c2a6e,qwen3-1.7b-base,AC-ALG1,47,gsm8k,2037.1,1,NVIDIA H100 80GB HBM3,0.565861111111111,fa5d64d876b2cb8cc680661050b0125bf0d8beff9323b19b04027eb0eaaffad6,research_repository/ResultsArchive/incoming/common-protocol-structural-factorial__f31c2a6e/cell_result_gsm8k__q3_l2r_common_factorial_f31c2a6e_AC-ALG1_VOUT-S8-B8-U1_seed47__AC-ALG1_s47.json,2f52ae71ac37d40759c6b800f8f30ca3bdfedbde8aefec588a12871cce590709,research_repository/ResultsArchive/incoming/common-protocol-structural-factorial__f31c2a6e/complete_gsm8k__q3_l2r_common_factorial_f31c2a6e_AC-ALG1_VOUT-S8-B8-U1_seed47__AC-ALG1_s47.json,d05fbbcac0bc85937a04e9c43113610314afea0bfe24642d87f1b0b2ccbad13c
q3_l2r_common_factorial_f31c2a6e_AC-ALG1_VOUT-S8-B8-U1_seed73,f31c2a6e,qwen3-1.7b-base,AC-ALG1,73,gsm8k,1956.3,1,NVIDIA H100 80GB HBM3,0.5434166666666667,b0860794028feaf1897ca984460c6f2c3d1027f409a2a725e5602ebcf6391a95,research_repository/ResultsArchive/incoming/common-protocol-structural-factorial__f31c2a6e/cell_result_gsm8k__q3_l2r_common_factorial_f31c2a6e_AC-ALG1_VOUT-S8-B8-U1_seed73__AC-ALG1_s73.json,ecc7f5b5bcac24d00652c1e980ebafcbb6233f235a51a7451f8906030fae3281,research_repository/ResultsArchive/incoming/common-protocol-structural-factorial__f31c2a6e/complete_gsm8k__q3_l2r_common_factorial_f31c2a6e_AC-ALG1_VOUT-S8-B8-U1_seed73__AC-ALG1_s73.json,3e0658e5d5b53f2afdb7c570760f1c613f907aeb87c6f3531da9b5daed692056
q3_l2r_common_factorial_f31c2a6e_AC-ALG1_VOUT-S8-B8-U2_seed31,f31c2a6e,qwen3-1.7b-base,AC-ALG1,31,gsm8k,1932.8,1,NVIDIA H100 80GB HBM3,0.5368888888888889,4ef93eb93f5883534c6069c8c9a0039fc632b5e83805024930c53e35dc965c3f,research_repository/ResultsArchive/incoming/common-protocol-structural-factorial__f31c2a6e/cell_result_gsm8k__q3_l2r_common_factorial_f31c2a6e_AC-ALG1_VOUT-S8-B8-U2_seed31__AC-ALG1_s31.json,99b1f3b70a19e29c44839fbe7d975bad968fddeda5c97527b590a2eadf34f8a7,research_repository/ResultsArchive/incoming/common-protocol-structural-factorial__f31c2a6e/complete_gsm8k__q3_l2r_common_factorial_f31c2a6e_AC-ALG1_VOUT-S8-B8-U2_seed31__AC-ALG1_s31.json,70c7f4ca1e8a7f5aeadd784dd10b9ffe197ca683e92c71dc9bc8646256afd5e0
q3_l2r_common_factorial_f31c2a6e_AC-ALG1_VOUT-S8-B8-U2_seed47,f31c2a6e,qwen3-1.7b-base,AC-ALG1,47,gsm8k,2054.6,1,NVIDIA H100 80GB HBM3,0.5707222222222222,7531fe0b5e8998e9d91a7faf8b11b5a184e2fb5cf6376abfb42fa01c6d0df8e3,research_repository/ResultsArchive/incoming/common-protocol-structural-factorial__f31c2a6e/cell_result_gsm8k__q3_l2r_common_factorial_f31c2a6e_AC-ALG1_VOUT-S8-B8-U2_seed47__AC-ALG1_s47.json,e738c33508947abef5ca18cbeaa641472b33c3d604a7be79f69ef9b3c024c0a7,research_repository/ResultsArchive/incoming/common-protocol-structural-factorial__f31c2a6e/complete_gsm8k__q3_l2r_common_factorial_f31c2a6e_AC-ALG1_VOUT-S8-B8-U2_seed47__AC-ALG1_s47.json,f2e740e8fe3c5c813bcd06cb67bf47150b1ad35c5363b552a36d2313f613043c
q3_l2r_common_factorial_f31c2a6e_AC-ALG1_VOUT-S8-B8-U2_seed73,f31c2a6e,qwen3-1.7b-base,AC-ALG1,73,gsm8k,1902.6,1,NVIDIA H100 80GB HBM3,0.5285,23144649bf5bc58eefac1c660afd1089722801d2f157271f9482288e5f937953,research_repository/ResultsArchive/incoming/common-protocol-structural-factorial__f31c2a6e/cell_result_gsm8k__q3_l2r_common_factorial_f31c2a6e_AC-ALG1_VOUT-S8-B8-U2_seed73__AC-ALG1_s73.json,1dd0585580ce4d60f49a5134f5333b056f860a4add94f79dc2d798558fb5ec9f,research_repository/ResultsArchive/incoming/common-protocol-structural-factorial__f31c2a6e/complete_gsm8k__q3_l2r_common_factorial_f31c2a6e_AC-ALG1_VOUT-S8-B8-U2_seed73__AC-ALG1_s73.json,6332aff9c82de6549d46bff3ae40a38bbb9aa361876c64ec7f3fd276fca75c92
q3_l2r_common_factorial_f31c2a6e_AC-ALG1_VOUT-S8-B8-U4_seed31,f31c2a6e,qwen3-1.7b-base,AC-ALG1,31,gsm8k,2045.7,1,NVIDIA H100 80GB HBM3,0.56825,da867f3804f004c8950edb3a70aa542d53a7b08d3c8bae004f616f3ddbe1a8de,research_repository/ResultsArchive/incoming/common-protocol-structural-factorial__f31c2a6e/cell_result_gsm8k__q3_l2r_common_factorial_f31c2a6e_AC-ALG1_VOUT-S8-B8-U4_seed31__AC-ALG1_s31.json,a4e59222fb5caed76c32bbfe1290b25a0fbaf2a47886df4a65124aeced30a212,research_repository/ResultsArchive/incoming/common-protocol-structural-factorial__f31c2a6e/complete_gsm8k__q3_l2r_common_factorial_f31c2a6e_AC-ALG1_VOUT-S8-B8-U4_seed31__AC-ALG1_s31.json,a1e7872ba64107c577596b6816108503d34afa6f217a8748230517bdc3b2685d
q3_l2r_common_factorial_f31c2a6e_AC-ALG1_VOUT-S8-B8-U4_seed47,f31c2a6e,qwen3-1.7b-base,AC-ALG1,47,gsm8k,2065.3,1,NVIDIA H100 80GB HBM3,0.5736944444444445,e92e757aa021c2a2bea5f6f18cb232b3281b9d2b11dd839cdca2fa6ad5a04006,research_repository/ResultsArchive/incoming/common-protocol-structural-factorial__f31c2a6e/cell_result_gsm8k__q3_l2r_common_factorial_f31c2a6e_AC-ALG1_VOUT-S8-B8-U4_seed47__AC-ALG1_s47.json,97ce5ec11b8e83b1d1ae023a9e61016506ea8c0cee1ca37d8e81739d6c43320f,research_repository/ResultsArchive/incoming/common-protocol-structural-factorial__f31c2a6e/complete_gsm8k__q3_l2r_common_factorial_f31c2a6e_AC-ALG1_VOUT-S8-B8-U4_seed47__AC-ALG1_s47.json,70d897456f7ac1cb3f47d93f377d6075a49d2a1f9a99409a187cd9a7f726f142
q3_l2r_common_factorial_f31c2a6e_AC-ALG1_VOUT-S8-B8-U4_seed73,f31c2a6e,qwen3-1.7b-base,AC-ALG1,73,gsm8k,2263.1,1,NVIDIA H100 80GB HBM3,0.6286388888888889,8961f0c67c200547cf4d2be472f26ece6ad3bfc41f4ff01aa5863cc10bfd7b77,research_repository/ResultsArchive/incoming/common-protocol-structural-factorial__f31c2a6e/cell_result_gsm8k__q3_l2r_common_factorial_f31c2a6e_AC-ALG1_VOUT-S8-B8-U4_seed73__AC-ALG1_s73.json,1f61bb33d05e711cf3e7f3249f71984aa1ae6fedbcc53c7f93c401879a8dc768,research_repository/ResultsArchive/incoming/common-protocol-structural-factorial__f31c2a6e/complete_gsm8k__q3_l2r_common_factorial_f31c2a6e_AC-ALG1_VOUT-S8-B8-U4_seed73__AC-ALG1_s73.json,f9150ba10122ded56cbc11750262f215ab81753f0c4be6494e2b9514a1748fd0
q3_l2r_common_factorial_f31c2a6e_GRPO_GRPO-S16-B16-U1_seed31,f31c2a6e,qwen3-1.7b-base,GRPO,31,gsm8k,5802.0,1,NVIDIA H100 80GB HBM3,1.6116666666666666,ef1c352c58bc1b2cf6f0724dd94f2e41a9e1c61fef7503b1756fe6e28030bd00,research_repository/ResultsArchive/incoming/common-protocol-structural-factorial__f31c2a6e/cell_result_gsm8k__q3_l2r_common_factorial_f31c2a6e_GRPO_GRPO-S16-B16-U1_seed31__GRPO_s31.json,3ec9102d46a31cb11da64d8749e4e53eac0bf167ad17f92588e99fbf34f5a736,research_repository/ResultsArchive/incoming/common-protocol-structural-factorial__f31c2a6e/complete_gsm8k__q3_l2r_common_factorial_f31c2a6e_GRPO_GRPO-S16-B16-U1_seed31__GRPO_s31.json,8dae92f9bc61fdeb7455df70f735270f0ddf61d7c7c87a0421f292fb8b1c861b
q3_l2r_common_factorial_f31c2a6e_GRPO_GRPO-S16-B16-U1_seed47,f31c2a6e,qwen3-1.7b-base,GRPO,47,gsm8k,4813.8,1,NVIDIA H100 80GB HBM3,1.3371666666666666,191e591eb3aa6a76449bad8d5f1366c1bc411c8341eec7536b3923ff4d00b8c8,research_repository/ResultsArchive/incoming/common-protocol-structural-factorial__f31c2a6e/cell_result_gsm8k__q3_l2r_common_factorial_f31c2a6e_GRPO_GRPO-S16-B16-U1_seed47__GRPO_s47.json,3187ceff39449d8d66e70c3435ebac19c9683d73e0817210a6c75e7af63f44e2,research_repository/ResultsArchive/incoming/common-protocol-structural-factorial__f31c2a6e/complete_gsm8k__q3_l2r_common_factorial_f31c2a6e_GRPO_GRPO-S16-B16-U1_seed47__GRPO_s47.json,192a2b7e5e97e7a1adc9fa5577b4579c794ee097b977471cd5acd56de63a03a0
q3_l2r_common_factorial_f31c2a6e_GRPO_GRPO-S16-B16-U1_seed73,f31c2a6e,qwen3-1.7b-base,GRPO,73,gsm8k,4251.4,1,NVIDIA H100 80GB HBM3,1.1809444444444444,f6567751c5b5f3c5f5a57ff41e2749adfd4b34288a2a29f6b0b33fc1f55434dd,research_repository/ResultsArchive/incoming/common-protocol-structural-factorial__f31c2a6e/cell_result_gsm8k__q3_l2r_common_factorial_f31c2a6e_GRPO_GRPO-S16-B16-U1_seed73__GRPO_s73.json,ad4b5139a09551c6f4636356a9771776b214133d8ce574adef3bf22aaefd2457,research_repository/ResultsArchive/incoming/common-protocol-structural-factorial__f31c2a6e/complete_gsm8k__q3_l2r_common_factorial_f31c2a6e_GRPO_GRPO-S16-B16-U1_seed73__GRPO_s73.json,dc46be2f08e7b499a80d906c3dd5417acaca7648d4df28e2414d754509b078a0
q3_l2r_common_factorial_f31c2a6e_GRPO_GRPO-S16-B16-U2_seed31,f31c2a6e,qwen3-1.7b-base,GRPO,31,gsm8k,5013.5,1,NVIDIA H100 80GB HBM3,1.392638888888889,c88530b44f9f12b06c189f615f44986afd90841b0e916e56ef9cce37d7d7c7fe,research_repository/ResultsArchive/incoming/common-protocol-structural-factorial__f31c2a6e/cell_result_gsm8k__q3_l2r_common_factorial_f31c2a6e_GRPO_GRPO-S16-B16-U2_seed31__GRPO_s31.json,f8fbe83da84130dd0d92e3be25f6ea1b8a7af58984189b678e6d8db226e536ab,research_repository/ResultsArchive/incoming/common-protocol-structural-factorial__f31c2a6e/complete_gsm8k__q3_l2r_common_factorial_f31c2a6e_GRPO_GRPO-S16-B16-U2_seed31__GRPO_s31.json,2c3cae35e93e1b1ec0065d3cb04d183ca72a649085454f62a4864122c0c93342
q3_l2r_common_factorial_f31c2a6e_GRPO_GRPO-S16-B16-U2_seed47,f31c2a6e,qwen3-1.7b-base,GRPO,47,gsm8k,5478.1,1,NVIDIA H100 80GB HBM3,1.5216944444444445,fb5003892903f2a0692b760a64ed3e02633f5e1d556af152dc5e893f3df7ff8a,research_repository/ResultsArchive/incoming/common-protocol-structural-factorial__f31c2a6e/cell_result_gsm8k__q3_l2r_common_factorial_f31c2a6e_GRPO_GRPO-S16-B16-U2_seed47__GRPO_s47.json,c002c91bfff3d4063df6377a24184bdd7590e026a9beda5af9e529b5db31fcd4,research_repository/ResultsArchive/incoming/common-protocol-structural-factorial__f31c2a6e/complete_gsm8k__q3_l2r_common_factorial_f31c2a6e_GRPO_GRPO-S16-B16-U2_seed47__GRPO_s47.json,61d89de438264c07117f2ff4bbf796517ce4ed065df57b41a4caccb09e9b0219
q3_l2r_common_factorial_f31c2a6e_GRPO_GRPO-S16-B16-U2_seed73,f31c2a6e,qwen3-1.7b-base,GRPO,73,gsm8k,4957.2,1,NVIDIA H100 80GB HBM3,1.377,459c948563914336d36fb0f37fa1c43b90353e215055e933f06ddf36c34b0f71,research_repository/ResultsArchive/incoming/common-protocol-structural-factorial__f31c2a6e/cell_result_gsm8k__q3_l2r_common_factorial_f31c2a6e_GRPO_GRPO-S16-B16-U2_seed73__GRPO_s73.json,3fdf75a78b1075ae0bf8d7836d370d9f6e6bee0214e55b3bdcd07108f7387263,research_repository/ResultsArchive/incoming/common-protocol-structural-factorial__f31c2a6e/complete_gsm8k__q3_l2r_common_factorial_f31c2a6e_GRPO_GRPO-S16-B16-U2_seed73__GRPO_s73.json,fd0e5776aad6346ee1fd58596c38dcb8899f0d336689f0ddc141d08d7aa68594
q3_l2r_common_factorial_f31c2a6e_GRPO_GRPO-S16-B16-U4_seed31,f31c2a6e,qwen3-1.7b-base,GRPO,31,gsm8k,7515.1,1,NVIDIA H100 80GB HBM3,2.087527777777778,2da126160036f9586cbe42ea24581f2a3175c391a2b5a5b76356d949351260f3,research_repository/ResultsArchive/incoming/common-protocol-structural-factorial__f31c2a6e/cell_result_gsm8k__q3_l2r_common_factorial_f31c2a6e_GRPO_GRPO-S16-B16-U4_seed31__GRPO_s31.json,e39c0e24475d23644bec33d743b7c85f1ded582e8f28561ff66e3156a90fdde1,research_repository/ResultsArchive/incoming/common-protocol-structural-factorial__f31c2a6e/complete_gsm8k__q3_l2r_common_factorial_f31c2a6e_GRPO_GRPO-S16-B16-U4_seed31__GRPO_s31.json,64e910e42e83683c4f556c4ca923ac79a2ea4ca935936e043c177f0fa932a301
q3_l2r_common_factorial_f31c2a6e_GRPO_GRPO-S16-B16-U4_seed47,f31c2a6e,qwen3-1.7b-base,GRPO,47,gsm8k,6285.9,1,NVIDIA H100 80GB HBM3,1.7460833333333332,a6cc64bb4475231de6fd4eb9c8327ea20c4a94af1a138850e7d91223715f9045,research_repository/ResultsArchive/incoming/common-protocol-structural-factorial__f31c2a6e/cell_result_gsm8k__q3_l2r_common_factorial_f31c2a6e_GRPO_GRPO-S16-B16-U4_seed47__GRPO_s47.json,1efae62e9676f6483f469633ebdeebf7ea14d2261a10a4854fee2dda0ec725e0,research_repository/ResultsArchive/incoming/common-protocol-structural-factorial__f31c2a6e/complete_gsm8k__q3_l2r_common_factorial_f31c2a6e_GRPO_GRPO-S16-B16-U4_seed47__GRPO_s47.json,de0143d8cce20bb1673d39b60a7af29109871db9b457628f2ae36a416ce8ebc7
q3_l2r_common_factorial_f31c2a6e_GRPO_GRPO-S16-B16-U4_seed73,f31c2a6e,qwen3-1.7b-base,GRPO,73,gsm8k,5454.6,1,NVIDIA H100 80GB HBM3,1.5151666666666668,c29c214b5e7d0fddddb691681340745b60ab9aa872ec79b0ca86c2fc3b5fc6c1,research_repository/ResultsArchive/incoming/common-protocol-structural-factorial__f31c2a6e/cell_result_gsm8k__q3_l2r_common_factorial_f31c2a6e_GRPO_GRPO-S16-B16-U4_seed73__GRPO_s73.json,bdab7e551fc1d4a54a31e83c55fd6d58d4f3f6a78ec011cdb436d86b239f422e,research_repository/ResultsArchive/incoming/common-protocol-structural-factorial__f31c2a6e/complete_gsm8k__q3_l2r_common_factorial_f31c2a6e_GRPO_GRPO-S16-B16-U4_seed73__GRPO_s73.json,5895a871a5282aa809f7c0fb2ef5d132aaab10cd6329087de662d1831d7d4d5b
q3_l2r_common_factorial_f31c2a6e_GRPO_GRPO-S16-B4-U1_seed31,f31c2a6e,qwen3-1.7b-base,GRPO,31,gsm8k,2107.3,1,NVIDIA H100 80GB HBM3,0.5853611111111111,7758af4cf9c962eb172366e0821f9c68deb4ea93fb8125f0c36c34e2f4419045,research_repository/ResultsArchive/incoming/common-protocol-structural-factorial__f31c2a6e/cell_result_gsm8k__q3_l2r_common_factorial_f31c2a6e_GRPO_GRPO-S16-B4-U1_seed31__GRPO_s31.json,905ffe349b18c0caa4c4ac4425bb945ee97474663b063da6df27a1731c45bd20,research_repository/ResultsArchive/incoming/common-protocol-structural-factorial__f31c2a6e/complete_gsm8k__q3_l2r_common_factorial_f31c2a6e_GRPO_GRPO-S16-B4-U1_seed31__GRPO_s31.json,21b353223505756fa1cbe236221e9f3768f37221ef5f95163fbe66ff362cf63d
q3_l2r_common_factorial_f31c2a6e_GRPO_GRPO-S16-B4-U1_seed47,f31c2a6e,qwen3-1.7b-base,GRPO,47,gsm8k,2195.7,1,NVIDIA H100 80GB HBM3,0.6099166666666667,405d69084c439bf8e445a1c1a2c87e795b130bbf46afa3a678b029fbc5214435,research_repository/ResultsArchive/incoming/common-protocol-structural-factorial__f31c2a6e/cell_result_gsm8k__q3_l2r_common_factorial_f31c2a6e_GRPO_GRPO-S16-B4-U1_seed47__GRPO_s47.json,b2e755c8ddc46605b2dfb29016d860ef33fea0a4667b335cb3cca791260c8edc,research_repository/ResultsArchive/incoming/common-protocol-structural-factorial__f31c2a6e/complete_gsm8k__q3_l2r_common_factorial_f31c2a6e_GRPO_GRPO-S16-B4-U1_seed47__GRPO_s47.json,ba0c77e189a41df455547a2e0319776352057404fcd35e1900c1469366e851af
q3_l2r_common_factorial_f31c2a6e_GRPO_GRPO-S16-B4-U1_seed73,f31c2a6e,qwen3-1.7b-base,GRPO,73,gsm8k,2338.8,1,NVIDIA H100 80GB HBM3,0.6496666666666667,3e54d285e7c8a93e5456157817d7c305d20eaa9ce729609d3ac213f6be4df128,research_repository/ResultsArchive/incoming/common-protocol-structural-factorial__f31c2a6e/cell_result_gsm8k__q3_l2r_common_factorial_f31c2a6e_GRPO_GRPO-S16-B4-U1_seed73__GRPO_s73.json,2b81d6b62e97d2c61948dac29f74a10d16d8de441653ec1ab2458c17175b7590,research_repository/ResultsArchive/incoming/common-protocol-structural-factorial__f31c2a6e/complete_gsm8k__q3_l2r_common_factorial_f31c2a6e_GRPO_GRPO-S16-B4-U1_seed73__GRPO_s73.json,e9670895e639c9e2dad4c70875c71fffc2587f8faec1faa3804553ac90f48c19
q3_l2r_common_factorial_f31c2a6e_GRPO_GRPO-S16-B4-U2_seed31,f31c2a6e,qwen3-1.7b-base,GRPO,31,gsm8k,2177.0,1,NVIDIA H100 80GB HBM3,0.6047222222222223,a45a7c75b93b5803f2be82f7e653a401a50c1f393b98a0d732694c07f6e6709b,research_repository/ResultsArchive/incoming/common-protocol-structural-factorial__f31c2a6e/cell_result_gsm8k__q3_l2r_common_factorial_f31c2a6e_GRPO_GRPO-S16-B4-U2_seed31__GRPO_s31.json,dd602dfba906922a77b5251797fe444f32149b87d2e5efb928c6eef4532a1aa7,research_repository/ResultsArchive/incoming/common-protocol-structural-factorial__f31c2a6e/complete_gsm8k__q3_l2r_common_factorial_f31c2a6e_GRPO_GRPO-S16-B4-U2_seed31__GRPO_s31.json,7a7b6ca0f7e8a882449d5a2e73bcb2cf9223fa3d9a227f6ecb633e0d468d64ef
q3_l2r_common_factorial_f31c2a6e_GRPO_GRPO-S16-B4-U2_seed47,f31c2a6e,qwen3-1.7b-base,GRPO,47,gsm8k,2155.8,1,NVIDIA H100 80GB HBM3,0.5988333333333333,493ced4df49f0d1cf15d0c3708ab35ac79fe7774eb846de2c0091adff58d8018,research_repository/ResultsArchive/incoming/common-protocol-structural-factorial__f31c2a6e/cell_result_gsm8k__q3_l2r_common_factorial_f31c2a6e_GRPO_GRPO-S16-B4-U2_seed47__GRPO_s47.json,7fb89cc51e5e7e4b527299e612ac0468fd242270387065213288290616b2cfc6,research_repository/ResultsArchive/incoming/common-protocol-structural-factorial__f31c2a6e/complete_gsm8k__q3_l2r_common_factorial_f31c2a6e_GRPO_GRPO-S16-B4-U2_seed47__GRPO_s47.json,c0f1407bf47969a62567457b71272c57130c581962651b4ad116afa1e224d16e
q3_l2r_common_factorial_f31c2a6e_GRPO_GRPO-S16-B4-U2_seed73,f31c2a6e,qwen3-1.7b-base,GRPO,73,gsm8k,2536.3,1,NVIDIA H100 80GB HBM3,0.7045277777777779,14f0464786ec39494bae5d8297034d434ee9aabaf72c98ddc5b789d12177e7dc,research_repository/ResultsArchive/incoming/common-protocol-structural-factorial__f31c2a6e/cell_result_gsm8k__q3_l2r_common_factorial_f31c2a6e_GRPO_GRPO-S16-B4-U2_seed73__GRPO_s73.json,1ab04b0de33a32c92ba64f973c539341dd48aa528523b90b5a55ddf942ec2453,research_repository/ResultsArchive/incoming/common-protocol-structural-factorial__f31c2a6e/complete_gsm8k__q3_l2r_common_factorial_f31c2a6e_GRPO_GRPO-S16-B4-U2_seed73__GRPO_s73.json,80709b2f5ae608ab0f7e1c93fd47f85bcfa35afb0d83ada1ef3868de84b48e77
q3_l2r_common_factorial_f31c2a6e_GRPO_GRPO-S16-B4-U4_seed31,f31c2a6e,qwen3-1.7b-base,GRPO,31,gsm8k,2492.3,1,NVIDIA H100 80GB HBM3,0.6923055555555556,59314d3bc1db355a1649e6d3e3c1b501c5ba8977d2ceda3259855f84b798b1d4,research_repository/ResultsArchive/incoming/common-protocol-structural-factorial__f31c2a6e/cell_result_gsm8k__q3_l2r_common_factorial_f31c2a6e_GRPO_GRPO-S16-B4-U4_seed31__GRPO_s31.json,f6e2e99d5c2f369f1e9b72a777c2eec008355aa69d4b157f4d1c263dddf82861,research_repository/ResultsArchive/incoming/common-protocol-structural-factorial__f31c2a6e/complete_gsm8k__q3_l2r_common_factorial_f31c2a6e_GRPO_GRPO-S16-B4-U4_seed31__GRPO_s31.json,6cde1132a93c25e94538e44995d7a2e02b24c48824030717882319f2ca054a47
q3_l2r_common_factorial_f31c2a6e_GRPO_GRPO-S16-B4-U4_seed47,f31c2a6e,qwen3-1.7b-base,GRPO,47,gsm8k,2917.4,1,NVIDIA H100 80GB HBM3,0.8103888888888889,0fcf90f6a9c9864de60bd0a6913d676cd949906c4f639170f3b4683ddaa4e210,research_repository/ResultsArchive/incoming/common-protocol-structural-factorial__f31c2a6e/cell_result_gsm8k__q3_l2r_common_factorial_f31c2a6e_GRPO_GRPO-S16-B4-U4_seed47__GRPO_s47.json,09f1e25dc460ef3aab5f2a602db4b1b44c67d365ec5c1548d3d60496094f67e1,research_repository/ResultsArchive/incoming/common-protocol-structural-factorial__f31c2a6e/complete_gsm8k__q3_l2r_common_factorial_f31c2a6e_GRPO_GRPO-S16-B4-U4_seed47__GRPO_s47.json,fea1a1dd20cf656b74e21f9b758ebd4382b597f79209fe42f9d2fce8bfe4f44e
q3_l2r_common_factorial_f31c2a6e_GRPO_GRPO-S16-B4-U4_seed73,f31c2a6e,qwen3-1.7b-base,GRPO,73,gsm8k,2223.2,1,NVIDIA H100 80GB HBM3,0.6175555555555555,e1c1323de46659524fbc6de8ec047c6ab9007e300e1ccc90d2f7c62881fd4ab0,research_repository/ResultsArchive/incoming/common-protocol-structural-factorial__f31c2a6e/cell_result_gsm8k__q3_l2r_common_factorial_f31c2a6e_GRPO_GRPO-S16-B4-U4_seed73__GRPO_s73.json,2527d9628a05761fdf3baff799fe8a527fdcfb896af3ae5984b4b0f98c754966,research_repository/ResultsArchive/incoming/common-protocol-structural-factorial__f31c2a6e/complete_gsm8k__q3_l2r_common_factorial_f31c2a6e_GRPO_GRPO-S16-B4-U4_seed73__GRPO_s73.json,c235a27c96d131985b8d27589514cbfd3e1c91dcda72f8efea44bda410aa1c2f
q3_l2r_common_factorial_f31c2a6e_GRPO_GRPO-S16-B8-U1_seed31,f31c2a6e,qwen3-1.7b-base,GRPO,31,gsm8k,3061.2,1,NVIDIA H100 80GB HBM3,0.8503333333333333,db6b32283e7493f928fca99eab914616935940a724cc73293f306c38541adf1f,research_repository/ResultsArchive/incoming/common-protocol-structural-factorial__f31c2a6e/cell_result_gsm8k__q3_l2r_common_factorial_f31c2a6e_GRPO_GRPO-S16-B8-U1_seed31__GRPO_s31.json,c6b9093c37bd188ca7b2e85529714847151d1b9d2456790b272e12d60214da7f,research_repository/ResultsArchive/incoming/common-protocol-structural-factorial__f31c2a6e/complete_gsm8k__q3_l2r_common_factorial_f31c2a6e_GRPO_GRPO-S16-B8-U1_seed31__GRPO_s31.json,aaad8890c307d8b344b7a06529857056d1ed53f883a271871563c6026d45f124
q3_l2r_common_factorial_f31c2a6e_GRPO_GRPO-S16-B8-U1_seed47,f31c2a6e,qwen3-1.7b-base,GRPO,47,gsm8k,3384.1,1,NVIDIA H100 80GB HBM3,0.9400277777777778,1a97681ed94481435d30b343ada2206f6a545279e9c1f5e31a984aa7704ae891,research_repository/ResultsArchive/incoming/common-protocol-structural-factorial__f31c2a6e/cell_result_gsm8k__q3_l2r_common_factorial_f31c2a6e_GRPO_GRPO-S16-B8-U1_seed47__GRPO_s47.json,08d722f7e7417c0452bdae4b612296e5e6eb613d4ed071c8b0090a21bbb634b1,research_repository/ResultsArchive/incoming/common-protocol-structural-factorial__f31c2a6e/complete_gsm8k__q3_l2r_common_factorial_f31c2a6e_GRPO_GRPO-S16-B8-U1_seed47__GRPO_s47.json,b6217ce796b4d2c646b797be4cc0f729b7f11876cf4ca6b6e45b185517d707b5
q3_l2r_common_factorial_f31c2a6e_GRPO_GRPO-S16-B8-U1_seed73,f31c2a6e,qwen3-1.7b-base,GRPO,73,gsm8k,2795.4,1,NVIDIA H100 80GB HBM3,0.7765000000000001,d9683dc1ffe362708d4bb77df9b6e09a9c25aee938cc0c7c13b6d0ccbf297328,research_repository/ResultsArchive/incoming/common-protocol-structural-factorial__f31c2a6e/cell_result_gsm8k__q3_l2r_common_factorial_f31c2a6e_GRPO_GRPO-S16-B8-U1_seed73__GRPO_s73.json,df5e703db21df6a5b9585a95b1060673b25c1cb93fbc5fd0bfaabe414e60e524,research_repository/ResultsArchive/incoming/common-protocol-structural-factorial__f31c2a6e/complete_gsm8k__q3_l2r_common_factorial_f31c2a6e_GRPO_GRPO-S16-B8-U1_seed73__GRPO_s73.json,ebce569fde45a7e62daa28782a3a04a5678d3b263e0dda2649090b171153751a
q3_l2r_common_factorial_f31c2a6e_GRPO_GRPO-S16-B8-U2_seed31,f31c2a6e,qwen3-1.7b-base,GRPO,31,gsm8k,3127.6,1,NVIDIA H100 80GB HBM3,0.8687777777777778,c802a3d4a9675225a0f86f3efe1a1c4b1fca7b0cc91140b70b41e2232afb43bc,research_repository/ResultsArchive/incoming/common-protocol-structural-factorial__f31c2a6e/cell_result_gsm8k__q3_l2r_common_factorial_f31c2a6e_GRPO_GRPO-S16-B8-U2_seed31__GRPO_s31.json,5fca0948e719f6b62a3ae148af86424582723d76dd8908e6b47050578eff7c49,research_repository/ResultsArchive/incoming/common-protocol-structural-factorial__f31c2a6e/complete_gsm8k__q3_l2r_common_factorial_f31c2a6e_GRPO_GRPO-S16-B8-U2_seed31__GRPO_s31.json,952241766361beeb91fd3e497e1cf19214af38abcf8177b684a5e46149e90d41
q3_l2r_common_factorial_f31c2a6e_GRPO_GRPO-S16-B8-U2_seed47,f31c2a6e,qwen3-1.7b-base,GRPO,47,gsm8k,3303.1,1,NVIDIA H100 80GB HBM3,0.9175277777777777,94bc051d0a90252ce7fff0c600060c15d3ac7f2e197e1c10eb4c91bb53f6c436,research_repository/ResultsArchive/incoming/common-protocol-structural-factorial__f31c2a6e/cell_result_gsm8k__q3_l2r_common_factorial_f31c2a6e_GRPO_GRPO-S16-B8-U2_seed47__GRPO_s47.json,e99eb4bf74ae33e0be81ac1e04bb2f71d3e23301b91ebe30c440c9e7021a7e27,research_repository/ResultsArchive/incoming/common-protocol-structural-factorial__f31c2a6e/complete_gsm8k__q3_l2r_common_factorial_f31c2a6e_GRPO_GRPO-S16-B8-U2_seed47__GRPO_s47.json,831f8f3d4b0bdbdeb80e496711fb8be92c7747ee0d71ec0652e36f82e023d888
q3_l2r_common_factorial_f31c2a6e_GRPO_GRPO-S16-B8-U2_seed73,f31c2a6e,qwen3-1.7b-base,GRPO,73,gsm8k,3430.7,1,NVIDIA H100 80GB HBM3,0.9529722222222222,1368b7f1c78531fa49e35dab7247f26648ae6134025bb3b0169de22c5a68635b,research_repository/ResultsArchive/incoming/common-protocol-structural-factorial__f31c2a6e/cell_result_gsm8k__q3_l2r_common_factorial_f31c2a6e_GRPO_GRPO-S16-B8-U2_seed73__GRPO_s73.json,622b5d3c10ff00e32a6647b196189f9abe9cb2cb9163a7e441932f76b7e8d1ee,research_repository/ResultsArchive/incoming/common-protocol-structural-factorial__f31c2a6e/complete_gsm8k__q3_l2r_common_factorial_f31c2a6e_GRPO_GRPO-S16-B8-U2_seed73__GRPO_s73.json,92211a2e8157b991f64ceb9e8bb99674568a44371e3bda7cae9751cb8abe8f6c
q3_l2r_common_factorial_f31c2a6e_GRPO_GRPO-S16-B8-U4_seed31,f31c2a6e,qwen3-1.7b-base,GRPO,31,gsm8k,3611.8,1,NVIDIA H100 80GB HBM3,1.003277777777778,386943cabc0b8aac4ada728971dcd02a2ba51293c5c0d0d25a1cafe6b03d8a89,research_repository/ResultsArchive/incoming/common-protocol-structural-factorial__f31c2a6e/cell_result_gsm8k__q3_l2r_common_factorial_f31c2a6e_GRPO_GRPO-S16-B8-U4_seed31__GRPO_s31.json,77f98f06dc64ec51bbe75afd674c9993237438531d338d6f013556f5cc15e906,research_repository/ResultsArchive/incoming/common-protocol-structural-factorial__f31c2a6e/complete_gsm8k__q3_l2r_common_factorial_f31c2a6e_GRPO_GRPO-S16-B8-U4_seed31__GRPO_s31.json,7df8ef0fef7b2bdb93f18cdb247348c6977be5f54c21ee5b96cbfa0dd397c3d2
q3_l2r_common_factorial_f31c2a6e_GRPO_GRPO-S16-B8-U4_seed47,f31c2a6e,qwen3-1.7b-base,GRPO,47,gsm8k,3945.7,1,NVIDIA H100 80GB HBM3,1.0960277777777778,f51f0aa7b49616acb38a38763af77ab14737031e9fef5f75a500711329856b19,research_repository/ResultsArchive/incoming/common-protocol-structural-factorial__f31c2a6e/cell_result_gsm8k__q3_l2r_common_factorial_f31c2a6e_GRPO_GRPO-S16-B8-U4_seed47__GRPO_s47.json,6ed03170a5eb0f9c7f95d8a8563592ac5d3068cbaa27d3203b35d1101c4bcc91,research_repository/ResultsArchive/incoming/common-protocol-structural-factorial__f31c2a6e/complete_gsm8k__q3_l2r_common_factorial_f31c2a6e_GRPO_GRPO-S16-B8-U4_seed47__GRPO_s47.json,c5f031afbb5d80d68af1e3cd0e9d6b6d781472fdf7c7aa5985412464dd6c6462
q3_l2r_common_factorial_f31c2a6e_GRPO_GRPO-S16-B8-U4_seed73,f31c2a6e,qwen3-1.7b-base,GRPO,73,gsm8k,3594.3,1,NVIDIA H100 80GB HBM3,0.9984166666666667,50c4a919555207dc99c6e8005dd85a9f7c7a57b7db16099233d3242fa53d3dfa,research_repository/ResultsArchive/incoming/common-protocol-structural-factorial__f31c2a6e/cell_result_gsm8k__q3_l2r_common_factorial_f31c2a6e_GRPO_GRPO-S16-B8-U4_seed73__GRPO_s73.json,bd9762a59f50b180b9df4b13e66d912498e903e3c8ca44560a0c348377741c70,research_repository/ResultsArchive/incoming/common-protocol-structural-factorial__f31c2a6e/complete_gsm8k__q3_l2r_common_factorial_f31c2a6e_GRPO_GRPO-S16-B8-U4_seed73__GRPO_s73.json,041c1c218c7c4d77bd9b176cce87e3ae0c5fd4ad458c221b70ec8aaf92bd7ed6
q3_l2r_common_factorial_f31c2a6e_GRPO_GRPO-S32-B16-U1_seed31,f31c2a6e,qwen3-1.7b-base,GRPO,31,gsm8k,7802.7,1,NVIDIA H100 80GB HBM3,2.1674166666666665,245ccb89cd0f67495d1474a689f75e962804d58036de7a5904b7a01d20e4179a,research_repository/ResultsArchive/incoming/common-protocol-structural-factorial__f31c2a6e/cell_result_gsm8k__q3_l2r_common_factorial_f31c2a6e_GRPO_GRPO-S32-B16-U1_seed31__GRPO_s31.json,7e56fde9796ecad9742320455d89de2c93c89e9614cd1bd0ed8de13c9e84a219,research_repository/ResultsArchive/incoming/common-protocol-structural-factorial__f31c2a6e/complete_gsm8k__q3_l2r_common_factorial_f31c2a6e_GRPO_GRPO-S32-B16-U1_seed31__GRPO_s31.json,e987cbb5a61c9b7fc66f5a656382330de176b215c5bc5e7b253f11b177f04a72
q3_l2r_common_factorial_f31c2a6e_GRPO_GRPO-S32-B16-U1_seed47,f31c2a6e,qwen3-1.7b-base,GRPO,47,gsm8k,7982.4,1,NVIDIA H100 80GB HBM3,2.2173333333333334,5d9f4e0a4bf9612933520fcf581ee7438b8ab60a732404472b7d20bc451c5c62,research_repository/ResultsArchive/incoming/common-protocol-structural-factorial__f31c2a6e/cell_result_gsm8k__q3_l2r_common_factorial_f31c2a6e_GRPO_GRPO-S32-B16-U1_seed47__GRPO_s47.json,830343e77de64cf6075528321805cb3f4be711fb19e3d98b24ec2e4ddaafc4a5,research_repository/ResultsArchive/incoming/common-protocol-structural-factorial__f31c2a6e/complete_gsm8k__q3_l2r_common_factorial_f31c2a6e_GRPO_GRPO-S32-B16-U1_seed47__GRPO_s47.json,0a5a3f5e905d1c926d86239dd0f0e9503a596650e95d3ac8a9b9d073c08bf307
q3_l2r_common_factorial_f31c2a6e_GRPO_GRPO-S32-B16-U1_seed73,f31c2a6e,qwen3-1.7b-base,GRPO,73,gsm8k,7337.6,1,NVIDIA H100 80GB HBM3,2.038222222222222,e01793f54364258e7245d1f84de71be138726c6d304a766646e8311733d1c6b9,research_repository/ResultsArchive/incoming/common-protocol-structural-factorial__f31c2a6e/cell_result_gsm8k__q3_l2r_common_factorial_f31c2a6e_GRPO_GRPO-S32-B16-U1_seed73__GRPO_s73.json,55bb73cc5bc85ad9c67abb98c81cc8ba6806968153ee6b38518416eedc64cdf6,research_repository/ResultsArchive/incoming/common-protocol-structural-factorial__f31c2a6e/complete_gsm8k__q3_l2r_common_factorial_f31c2a6e_GRPO_GRPO-S32-B16-U1_seed73__GRPO_s73.json,f96979664dca88574de62a6c0f289a763c022b2a0b30ffd5074f458e7aea36d2
q3_l2r_common_factorial_f31c2a6e_GRPO_GRPO-S32-B16-U2_seed31,f31c2a6e,qwen3-1.7b-base,GRPO,31,gsm8k,8516.0,1,NVIDIA H100 80GB HBM3,2.3655555555555554,ea9d8ce7f61645eb5d8e46cbc5fd317cd0a9865db620d25bc5ded63eba8ef2eb,research_repository/ResultsArchive/incoming/common-protocol-structural-factorial__f31c2a6e/cell_result_gsm8k__q3_l2r_common_factorial_f31c2a6e_GRPO_GRPO-S32-B16-U2_seed31__GRPO_s31.json,b5482155a50a88a5fffc2af763b9e6333b30818a03093ff32c252ddb8a204f6b,research_repository/ResultsArchive/incoming/common-protocol-structural-factorial__f31c2a6e/complete_gsm8k__q3_l2r_common_factorial_f31c2a6e_GRPO_GRPO-S32-B16-U2_seed31__GRPO_s31.json,9a205e9fb84a2e63837cda220b50dc935a25c64757a36a0dc6d1916e3fe63602
q3_l2r_common_factorial_f31c2a6e_GRPO_GRPO-S32-B16-U2_seed47,f31c2a6e,qwen3-1.7b-base,GRPO,47,gsm8k,9877.7,1,NVIDIA H100 80GB HBM3,2.743805555555556,d95da564c0e2629dcb6be16259f6980451b4f62b61429fa6626b6883b7b78f3c,research_repository/ResultsArchive/incoming/common-protocol-structural-factorial__f31c2a6e/cell_result_gsm8k__q3_l2r_common_factorial_f31c2a6e_GRPO_GRPO-S32-B16-U2_seed47__GRPO_s47.json,fc12ffe5f5d64f8c7f7adb69ad7bbb386e968fe6c7fa0e6ffa4b3c853c8f0f60,research_repository/ResultsArchive/incoming/common-protocol-structural-factorial__f31c2a6e/complete_gsm8k__q3_l2r_common_factorial_f31c2a6e_GRPO_GRPO-S32-B16-U2_seed47__GRPO_s47.json,8bb5e9b9db498867645ded236367deb3ecfdbaa5cacadc20b884868830044196
q3_l2r_common_factorial_f31c2a6e_GRPO_GRPO-S32-B16-U2_seed73,f31c2a6e,qwen3-1.7b-base,GRPO,73,gsm8k,8501.9,1,NVIDIA H100 80GB HBM3,2.361638888888889,7573e72231814ded807c790f42c707706248c4923c488cfa55ce1fc396c5ec7e,research_repository/ResultsArchive/incoming/common-protocol-structural-factorial__f31c2a6e/cell_result_gsm8k__q3_l2r_common_factorial_f31c2a6e_GRPO_GRPO-S32-B16-U2_seed73__GRPO_s73.json,a9b0f8b980459a99c397bcf465984c91200a77b4997e6989fdf0539011745868,research_repository/ResultsArchive/incoming/common-protocol-structural-factorial__f31c2a6e/complete_gsm8k__q3_l2r_common_factorial_f31c2a6e_GRPO_GRPO-S32-B16-U2_seed73__GRPO_s73.json,620b822451289000883dbd567346cf6b7b2b982002e866e847319b441f2f812c
q3_l2r_common_factorial_f31c2a6e_GRPO_GRPO-S32-B16-U4_seed31,f31c2a6e,qwen3-1.7b-base,GRPO,31,gsm8k,11398.8,1,NVIDIA H100 80GB HBM3,3.166333333333333,fcd9bde097f651501534ab9a22473f5c420baeb2e28e36a21f62a856daeeb405,research_repository/ResultsArchive/incoming/common-protocol-structural-factorial__f31c2a6e/cell_result_gsm8k__q3_l2r_common_factorial_f31c2a6e_GRPO_GRPO-S32-B16-U4_seed31__GRPO_s31.json,3430555fdaf0bce8ec829487af9c7710bff284a9f478a61e19439100a3125a52,research_repository/ResultsArchive/incoming/common-protocol-structural-factorial__f31c2a6e/complete_gsm8k__q3_l2r_common_factorial_f31c2a6e_GRPO_GRPO-S32-B16-U4_seed31__GRPO_s31.json,a619a1e119a2174a3b7feb00544a4529973b12a6df90d1f8e88157aeb26e2fab
q3_l2r_common_factorial_f31c2a6e_GRPO_GRPO-S32-B16-U4_seed47,f31c2a6e,qwen3-1.7b-base,GRPO,47,gsm8k,10097.7,1,NVIDIA H100 80GB HBM3,2.8049166666666667,4c254cca14f7059e0c86874cf6c4ae50900ad8722d9c6e0e53356c549f943ca7,research_repository/ResultsArchive/incoming/common-protocol-structural-factorial__f31c2a6e/cell_result_gsm8k__q3_l2r_common_factorial_f31c2a6e_GRPO_GRPO-S32-B16-U4_seed47__GRPO_s47.json,376c0af6eb29b2f49ac3b84e10e70cb1eeadd560ba3e055d608f9b7c804945a4,research_repository/ResultsArchive/incoming/common-protocol-structural-factorial__f31c2a6e/complete_gsm8k__q3_l2r_common_factorial_f31c2a6e_GRPO_GRPO-S32-B16-U4_seed47__GRPO_s47.json,69401ab94a5a51c86b6adcc0003597240bd92307f5f79652df7821757516773f
q3_l2r_common_factorial_f31c2a6e_GRPO_GRPO-S32-B16-U4_seed73,f31c2a6e,qwen3-1.7b-base,GRPO,73,gsm8k,9529.9,1,NVIDIA H100 80GB HBM3,2.647194444444444,72a55945c1e6860834e33efba622eb59048aebcdbc9b59049bb0ef1c20e14809,research_repository/ResultsArchive/incoming/common-protocol-structural-factorial__f31c2a6e/cell_result_gsm8k__q3_l2r_common_factorial_f31c2a6e_GRPO_GRPO-S32-B16-U4_seed73__GRPO_s73.json,f68a2778a431ac27b862aa6fa7488ee6c4adfe610bf26d8ed0a6eae2d6ae5d0f,research_repository/ResultsArchive/incoming/common-protocol-structural-factorial__f31c2a6e/complete_gsm8k__q3_l2r_common_factorial_f31c2a6e_GRPO_GRPO-S32-B16-U4_seed73__GRPO_s73.json,ce624b4d30d8e8be7a89c4786f96aa9fbb95be89cd37dfb5a73575af2d0129b6
q3_l2r_common_factorial_f31c2a6e_GRPO_GRPO-S32-B4-U1_seed31,f31c2a6e,qwen3-1.7b-base,GRPO,31,gsm8k,3138.9,1,NVIDIA H100 80GB HBM3,0.8719166666666667,9c424dc40f51a1a02e4243d65726a479915b84dc5bcb20ef92a0e5cb56fb8e4d,research_repository/ResultsArchive/incoming/common-protocol-structural-factorial__f31c2a6e/cell_result_gsm8k__q3_l2r_common_factorial_f31c2a6e_GRPO_GRPO-S32-B4-U1_seed31__GRPO_s31.json,7beed0b890796951de2ab7487eecf8dd883c5ae1af57535a837cf7f6f8f2c128,research_repository/ResultsArchive/incoming/common-protocol-structural-factorial__f31c2a6e/complete_gsm8k__q3_l2r_common_factorial_f31c2a6e_GRPO_GRPO-S32-B4-U1_seed31__GRPO_s31.json,5012ce4a9a166ef12592b4a79197d50caada1da133fb3186953fc937a83bdf6f
q3_l2r_common_factorial_f31c2a6e_GRPO_GRPO-S32-B4-U1_seed47,f31c2a6e,qwen3-1.7b-base,GRPO,47,gsm8k,2966.9,1,NVIDIA H100 80GB HBM3,0.8241388888888889,1475fef49a262de34a251e220446a06e7c85333780b3c2a35c8cd5073117d038,research_repository/ResultsArchive/incoming/common-protocol-structural-factorial__f31c2a6e/cell_result_gsm8k__q3_l2r_common_factorial_f31c2a6e_GRPO_GRPO-S32-B4-U1_seed47__GRPO_s47.json,18eacaea623633e1b2b256067ad8856b69b53670cf3f6510aabd4b0f095e9dc0,research_repository/ResultsArchive/incoming/common-protocol-structural-factorial__f31c2a6e/complete_gsm8k__q3_l2r_common_factorial_f31c2a6e_GRPO_GRPO-S32-B4-U1_seed47__GRPO_s47.json,a2da91cff78517f1407c90fbafd8530508dab0d99acd9240fcd98d8c49453c30
q3_l2r_common_factorial_f31c2a6e_GRPO_GRPO-S32-B4-U1_seed73,f31c2a6e,qwen3-1.7b-base,GRPO,73,gsm8k,2797.4,1,NVIDIA H100 80GB HBM3,0.7770555555555556,c7398b4bc0241247fbc5cb516611ede0ee9743f29fcd8ba4747ca9434d270fcb,research_repository/ResultsArchive/incoming/common-protocol-structural-factorial__f31c2a6e/cell_result_gsm8k__q3_l2r_common_factorial_f31c2a6e_GRPO_GRPO-S32-B4-U1_seed73__GRPO_s73.json,c42b227645be754f21bd105f83c93b8c2beff128b2c771456532a92a281bcb5f,research_repository/ResultsArchive/incoming/common-protocol-structural-factorial__f31c2a6e/complete_gsm8k__q3_l2r_common_factorial_f31c2a6e_GRPO_GRPO-S32-B4-U1_seed73__GRPO_s73.json,eb81e9d5630dffdc39c7c16439a8ba4f85459c132fe9d88c1db217edf467b9fa
q3_l2r_common_factorial_f31c2a6e_GRPO_GRPO-S32-B4-U2_seed31,f31c2a6e,qwen3-1.7b-base,GRPO,31,gsm8k,3215.6,1,NVIDIA H100 80GB HBM3,0.8932222222222223,25f335d7a2f8fc7ae8d1abe9068ff01326adc701bb50d71dc02fe01f418e100f,research_repository/ResultsArchive/incoming/common-protocol-structural-factorial__f31c2a6e/cell_result_gsm8k__q3_l2r_common_factorial_f31c2a6e_GRPO_GRPO-S32-B4-U2_seed31__GRPO_s31.json,7cb91c87719726fb032b841007e356bc5152c3ba9cbd5319ae65a861ac452c7c,research_repository/ResultsArchive/incoming/common-protocol-structural-factorial__f31c2a6e/complete_gsm8k__q3_l2r_common_factorial_f31c2a6e_GRPO_GRPO-S32-B4-U2_seed31__GRPO_s31.json,c4de59ec588fc047d1130d6c561f1b3e434da075ce29b1fe236f694c67125d4c
q3_l2r_common_factorial_f31c2a6e_GRPO_GRPO-S32-B4-U2_seed47,f31c2a6e,qwen3-1.7b-base,GRPO,47,gsm8k,3190.0,1,NVIDIA H100 80GB HBM3,0.8861111111111111,295bfe1b7cf3bd05153d247ba0f6a2fc11e66c49f589d53e9166bc7ea1ccebd5,research_repository/ResultsArchive/incoming/common-protocol-structural-factorial__f31c2a6e/cell_result_gsm8k__q3_l2r_common_factorial_f31c2a6e_GRPO_GRPO-S32-B4-U2_seed47__GRPO_s47.json,975d935ffb45a65ef423e7de5263046c771d53d4d962b091547161b9e1cbd91d,research_repository/ResultsArchive/incoming/common-protocol-structural-factorial__f31c2a6e/complete_gsm8k__q3_l2r_common_factorial_f31c2a6e_GRPO_GRPO-S32-B4-U2_seed47__GRPO_s47.json,28dc81c0a27ac3e4192fe36a08a51b1bdfe8c5f5c5f39c73d06f6af7758d1a4c
q3_l2r_common_factorial_f31c2a6e_GRPO_GRPO-S32-B4-U2_seed73,f31c2a6e,qwen3-1.7b-base,GRPO,73,gsm8k,2782.3,1,NVIDIA H100 80GB HBM3,0.7728611111111111,695697164ad72381cf21dfbf9b71f7cd563763c704023cc0864324da4f3433a7,research_repository/ResultsArchive/incoming/common-protocol-structural-factorial__f31c2a6e/cell_result_gsm8k__q3_l2r_common_factorial_f31c2a6e_GRPO_GRPO-S32-B4-U2_seed73__GRPO_s73.json,e6095fe79b79c09989811321bf5fc4d729e69004c94c9a669a29b1d1b7be538e,research_repository/ResultsArchive/incoming/common-protocol-structural-factorial__f31c2a6e/complete_gsm8k__q3_l2r_common_factorial_f31c2a6e_GRPO_GRPO-S32-B4-U2_seed73__GRPO_s73.json,5709392f0d02003abb228acbc553481b49c08245193fe0c97445ec97da25761f
q3_l2r_common_factorial_f31c2a6e_GRPO_GRPO-S32-B4-U4_seed31,f31c2a6e,qwen3-1.7b-base,GRPO,31,gsm8k,3743.1,1,NVIDIA H100 80GB HBM3,1.03975,46ec073554341d60e5184c61f957d9e58b600453faf5db1021820b87eb8afb64,research_repository/ResultsArchive/incoming/common-protocol-structural-factorial__f31c2a6e/cell_result_gsm8k__q3_l2r_common_factorial_f31c2a6e_GRPO_GRPO-S32-B4-U4_seed31__GRPO_s31.json,b37a2c925572588f86d4e75dc91ac710ba48e0772da6751bd54375c9e363e81e,research_repository/ResultsArchive/incoming/common-protocol-structural-factorial__f31c2a6e/complete_gsm8k__q3_l2r_common_factorial_f31c2a6e_GRPO_GRPO-S32-B4-U4_seed31__GRPO_s31.json,3a721435707c6febbf894e2d936d3aaa99d35de7b828d692bc2a95b03645c469
q3_l2r_common_factorial_f31c2a6e_GRPO_GRPO-S32-B4-U4_seed47,f31c2a6e,qwen3-1.7b-base,GRPO,47,gsm8k,3837.7,1,NVIDIA H100 80GB HBM3,1.0660277777777778,e68362727b09a60348b3795d08ee8b916faeda4f64e1f68169a6e6afd2d176eb,research_repository/ResultsArchive/incoming/common-protocol-structural-factorial__f31c2a6e/cell_result_gsm8k__q3_l2r_common_factorial_f31c2a6e_GRPO_GRPO-S32-B4-U4_seed47__GRPO_s47.json,0f31d619976d74184c8d1426d4dc93e1044a0035ce706276de273005d3fcdcec,research_repository/ResultsArchive/incoming/common-protocol-structural-factorial__f31c2a6e/complete_gsm8k__q3_l2r_common_factorial_f31c2a6e_GRPO_GRPO-S32-B4-U4_seed47__GRPO_s47.json,f810cf32cd62186d214e85876a55360a67720701a910eb1c17cff51044296430
q3_l2r_common_factorial_f31c2a6e_GRPO_GRPO-S32-B4-U4_seed73,f31c2a6e,qwen3-1.7b-base,GRPO,73,gsm8k,3429.6,1,NVIDIA H100 80GB HBM3,0.9526666666666667,3a845eec799e168f84fdfa99597ef7aa88313e4169a26e46943bc6fa025c7876,research_repository/ResultsArchive/incoming/common-protocol-structural-factorial__f31c2a6e/cell_result_gsm8k__q3_l2r_common_factorial_f31c2a6e_GRPO_GRPO-S32-B4-U4_seed73__GRPO_s73.json,b6148b8ce58db83b932ab070a913a85b8019d268d871703a908b220d1caa3bc1,research_repository/ResultsArchive/incoming/common-protocol-structural-factorial__f31c2a6e/complete_gsm8k__q3_l2r_common_factorial_f31c2a6e_GRPO_GRPO-S32-B4-U4_seed73__GRPO_s73.json,b64c47f57cd08d4fb5f35c4816cafc8c1186839793e40c43c0e9f618005ca704
q3_l2r_common_factorial_f31c2a6e_GRPO_GRPO-S32-B8-U1_seed31,f31c2a6e,qwen3-1.7b-base,GRPO,31,gsm8k,4766.9,1,NVIDIA H100 80GB HBM3,1.3241388888888888,afb5a1bb9ddcc31b02803ea3a3a50369db4c4b2b5ad4834c01ddb9d1adcb62b8,research_repository/ResultsArchive/incoming/common-protocol-structural-factorial__f31c2a6e/cell_result_gsm8k__q3_l2r_common_factorial_f31c2a6e_GRPO_GRPO-S32-B8-U1_seed31__GRPO_s31.json,55aadd2e210bf6b6945e89c2dc76f6ace2e5ce16a25129a1bf2f041a316d8e53,research_repository/ResultsArchive/incoming/common-protocol-structural-factorial__f31c2a6e/complete_gsm8k__q3_l2r_common_factorial_f31c2a6e_GRPO_GRPO-S32-B8-U1_seed31__GRPO_s31.json,672a6953712b980f6ee6625a11825d8e9a7ed3e4bc19682a87bc9789dd1fc2c1
q3_l2r_common_factorial_f31c2a6e_GRPO_GRPO-S32-B8-U1_seed47,f31c2a6e,qwen3-1.7b-base,GRPO,47,gsm8k,4546.5,1,NVIDIA H100 80GB HBM3,1.2629166666666667,576d797e8a7d4aaa949e3d653513638547a43a99d679236c821bb26614794a06,research_repository/ResultsArchive/incoming/common-protocol-structural-factorial__f31c2a6e/cell_result_gsm8k__q3_l2r_common_factorial_f31c2a6e_GRPO_GRPO-S32-B8-U1_seed47__GRPO_s47.json,6289beaac5f13f35228b3a410f7ef06ee8776f4b5b9d519bb7b0e15faae1daa4,research_repository/ResultsArchive/incoming/common-protocol-structural-factorial__f31c2a6e/complete_gsm8k__q3_l2r_common_factorial_f31c2a6e_GRPO_GRPO-S32-B8-U1_seed47__GRPO_s47.json,8e012f90d8f69613db65b1e1757c51b043931f72b99f6eb74d80feb113c38826
q3_l2r_common_factorial_f31c2a6e_GRPO_GRPO-S32-B8-U1_seed73,f31c2a6e,qwen3-1.7b-base,GRPO,73,gsm8k,4564.1,1,NVIDIA H100 80GB HBM3,1.2678055555555556,08b4f20b7cb52e4ab7d14c6c217c8669680a511ff83b8c8bd2c0bfbfa2f0906c,research_repository/ResultsArchive/incoming/common-protocol-structural-factorial__f31c2a6e/cell_result_gsm8k__q3_l2r_common_factorial_f31c2a6e_GRPO_GRPO-S32-B8-U1_seed73__GRPO_s73.json,c9810cb7b4cf56061d7b759b25d483c14592ae8913d439c70f4f3d0de61860ca,research_repository/ResultsArchive/incoming/common-protocol-structural-factorial__f31c2a6e/complete_gsm8k__q3_l2r_common_factorial_f31c2a6e_GRPO_GRPO-S32-B8-U1_seed73__GRPO_s73.json,f998f247aa55b1c571b1c19ceaae5684f730b7732d93affbc82384fbb53e58e7
q3_l2r_common_factorial_f31c2a6e_GRPO_GRPO-S32-B8-U2_seed31,f31c2a6e,qwen3-1.7b-base,GRPO,31,gsm8k,4922.0,1,NVIDIA H100 80GB HBM3,1.3672222222222221,fc03acbcb4b9d8c635677ff9e233e6d43cae9c3023dc39c7384b40f8bc7e10a8,research_repository/ResultsArchive/incoming/common-protocol-structural-factorial__f31c2a6e/cell_result_gsm8k__q3_l2r_common_factorial_f31c2a6e_GRPO_GRPO-S32-B8-U2_seed31__GRPO_s31.json,8ad63e5213d4420ba833950caca7375934a127f8e7b020ba957d2e363ae0fef9,research_repository/ResultsArchive/incoming/common-protocol-structural-factorial__f31c2a6e/complete_gsm8k__q3_l2r_common_factorial_f31c2a6e_GRPO_GRPO-S32-B8-U2_seed31__GRPO_s31.json,a5d14997e722f5d7ab13457ca1dc20cc42e50373a9167db3510e76c53e77a5db
q3_l2r_common_factorial_f31c2a6e_GRPO_GRPO-S32-B8-U2_seed47,f31c2a6e,qwen3-1.7b-base,GRPO,47,gsm8k,4932.8,1,NVIDIA H100 80GB HBM3,1.3702222222222222,d82261c530fd458ab0d055230633cee5ebb9495496346b181f74034cba92d436,research_repository/ResultsArchive/incoming/common-protocol-structural-factorial__f31c2a6e/cell_result_gsm8k__q3_l2r_common_factorial_f31c2a6e_GRPO_GRPO-S32-B8-U2_seed47__GRPO_s47.json,f88183e6aacf53da37411ca1f5b55b4cf70b541e9d2d46a5ed406e45b556771c,research_repository/ResultsArchive/incoming/common-protocol-structural-factorial__f31c2a6e/complete_gsm8k__q3_l2r_common_factorial_f31c2a6e_GRPO_GRPO-S32-B8-U2_seed47__GRPO_s47.json,0b49733dc2389a3d8f877b08b5c7440453a7d7c85a5501abc3568cab680fd144
q3_l2r_common_factorial_f31c2a6e_GRPO_GRPO-S32-B8-U2_seed73,f31c2a6e,qwen3-1.7b-base,GRPO,73,gsm8k,4611.8,1,NVIDIA H100 80GB HBM3,1.2810555555555556,6bf603244d467e57ec2604f656d98e9c7f7a2805469a97413b9003aef556c86f,research_repository/ResultsArchive/incoming/common-protocol-structural-factorial__f31c2a6e/cell_result_gsm8k__q3_l2r_common_factorial_f31c2a6e_GRPO_GRPO-S32-B8-U2_seed73__GRPO_s73.json,ba5c9632bc42af26cec9c461289ba83d55e457abc0a1768ba093082679abcc10,research_repository/ResultsArchive/incoming/common-protocol-structural-factorial__f31c2a6e/complete_gsm8k__q3_l2r_common_factorial_f31c2a6e_GRPO_GRPO-S32-B8-U2_seed73__GRPO_s73.json,477f4c212d70600359d119495ad54324561ea8a9aba47ca7efd7448a63fe747a
q3_l2r_common_factorial_f31c2a6e_GRPO_GRPO-S32-B8-U4_seed31,f31c2a6e,qwen3-1.7b-base,GRPO,31,gsm8k,5842.5,1,NVIDIA H100 80GB HBM3,1.6229166666666666,47b957bf6784e3534548daf82c2e59f72687938a894cb03c6b9609903ce82c5a,research_repository/ResultsArchive/incoming/common-protocol-structural-factorial__f31c2a6e/cell_result_gsm8k__q3_l2r_common_factorial_f31c2a6e_GRPO_GRPO-S32-B8-U4_seed31__GRPO_s31.json,e9ff0fb86f30c45b6e859a6f7df1ea43d729e69ba403fb56126aba9384100638,research_repository/ResultsArchive/incoming/common-protocol-structural-factorial__f31c2a6e/complete_gsm8k__q3_l2r_common_factorial_f31c2a6e_GRPO_GRPO-S32-B8-U4_seed31__GRPO_s31.json,eed990520d7b55dd97385d403f75fd04f8b1cf2e7f7786ae3d9b8e4c96e58011
q3_l2r_common_factorial_f31c2a6e_GRPO_GRPO-S32-B8-U4_seed47,f31c2a6e,qwen3-1.7b-base,GRPO,47,gsm8k,5757.0,1,NVIDIA H100 80GB HBM3,1.5991666666666666,8dbc45356fd3f5d78ccd0964d61b8cda58ec9f7bc7b37a23c65488ad31132d8b,research_repository/ResultsArchive/incoming/common-protocol-structural-factorial__f31c2a6e/cell_result_gsm8k__q3_l2r_common_factorial_f31c2a6e_GRPO_GRPO-S32-B8-U4_seed47__GRPO_s47.json,66973ccb92fe608be3109688d80f16cc581555d6fce646267e01be5b546c5954,research_repository/ResultsArchive/incoming/common-protocol-structural-factorial__f31c2a6e/complete_gsm8k__q3_l2r_common_factorial_f31c2a6e_GRPO_GRPO-S32-B8-U4_seed47__GRPO_s47.json,40cade3b31952990552fd6efd87936962ea3aa58f257076badaa7d8aab68b7c5
q3_l2r_common_factorial_f31c2a6e_GRPO_GRPO-S32-B8-U4_seed73,f31c2a6e,qwen3-1.7b-base,GRPO,73,gsm8k,5464.7,1,NVIDIA H100 80GB HBM3,1.5179722222222223,34d5a3ee9565b800999546af5aa932ac12fbebbafc9235a9349147d7a50d36d0,research_repository/ResultsArchive/incoming/common-protocol-structural-factorial__f31c2a6e/cell_result_gsm8k__q3_l2r_common_factorial_f31c2a6e_GRPO_GRPO-S32-B8-U4_seed73__GRPO_s73.json,69ea0607de50f6594972df0c481a855de5950d182dc596bd49d906a04f39497c,research_repository/ResultsArchive/incoming/common-protocol-structural-factorial__f31c2a6e/complete_gsm8k__q3_l2r_common_factorial_f31c2a6e_GRPO_GRPO-S32-B8-U4_seed73__GRPO_s73.json,f945a6d91aebc070a13b30e0f7e3556a690b457f4083897a2ac7e6e8fec6a324
q3_l2r_common_factorial_f31c2a6e_GRPO_GRPO-S8-B16-U1_seed31,f31c2a6e,qwen3-1.7b-base,GRPO,31,gsm8k,3411.2,1,NVIDIA H100 80GB HBM3,0.9475555555555555,73a59204993eb654f223d38f999fb12311f7abd8947e781b7a1e0fce76110800,research_repository/ResultsArchive/incoming/common-protocol-structural-factorial__f31c2a6e/cell_result_gsm8k__q3_l2r_common_factorial_f31c2a6e_GRPO_GRPO-S8-B16-U1_seed31__GRPO_s31.json,9695462d85e7f40e8c64a3725f9fc1f895d7564d205cf273150d1e2cb4bb611e,research_repository/ResultsArchive/incoming/common-protocol-structural-factorial__f31c2a6e/complete_gsm8k__q3_l2r_common_factorial_f31c2a6e_GRPO_GRPO-S8-B16-U1_seed31__GRPO_s31.json,75dd862417ca37ac6dcdf7085fa7ae2a35bd01fa4e5a9c1b94815491a87af9f0
q3_l2r_common_factorial_f31c2a6e_GRPO_GRPO-S8-B16-U1_seed47,f31c2a6e,qwen3-1.7b-base,GRPO,47,gsm8k,2938.7,1,NVIDIA H100 80GB HBM3,0.8163055555555555,4ba41902a84420829bf9be83ed71159bd307dc2e1bd4d6ad7bac2b56ce053e13,research_repository/ResultsArchive/incoming/common-protocol-structural-factorial__f31c2a6e/cell_result_gsm8k__q3_l2r_common_factorial_f31c2a6e_GRPO_GRPO-S8-B16-U1_seed47__GRPO_s47.json,c02800e80adbcf1fb47522925d14a959c97358fd0de3238bcb17d84a82aba1c8,research_repository/ResultsArchive/incoming/common-protocol-structural-factorial__f31c2a6e/complete_gsm8k__q3_l2r_common_factorial_f31c2a6e_GRPO_GRPO-S8-B16-U1_seed47__GRPO_s47.json,debf7f45ffc1487a31861d0aaa40c1ec0a7b5aabb0577663084be377fb91f4de
q3_l2r_common_factorial_f31c2a6e_GRPO_GRPO-S8-B16-U1_seed73,f31c2a6e,qwen3-1.7b-base,GRPO,73,gsm8k,2735.4,1,NVIDIA H100 80GB HBM3,0.7598333333333334,fbdc54181588e6f59cfe6baaa957089963f21619acb14520e3e61f190e7e4d6f,research_repository/ResultsArchive/incoming/common-protocol-structural-factorial__f31c2a6e/cell_result_gsm8k__q3_l2r_common_factorial_f31c2a6e_GRPO_GRPO-S8-B16-U1_seed73__GRPO_s73.json,e29db55e609a307ef8a1fa98fbaa427943d3a89a5f9c7fa1817a5e559891f5f8,research_repository/ResultsArchive/incoming/common-protocol-structural-factorial__f31c2a6e/complete_gsm8k__q3_l2r_common_factorial_f31c2a6e_GRPO_GRPO-S8-B16-U1_seed73__GRPO_s73.json,2f55c7a28cf5e35996a8504735abedd9ea9f0558b38c79317c11d511484edd39
q3_l2r_common_factorial_f31c2a6e_GRPO_GRPO-S8-B16-U2_seed31,f31c2a6e,qwen3-1.7b-base,GRPO,31,gsm8k,3221.9,1,NVIDIA H100 80GB HBM3,0.8949722222222223,8b021bd44ac6f3dabaa882bc81eb75d5e7c12e33686c067a55521dd7371b9c25,research_repository/ResultsArchive/incoming/common-protocol-structural-factorial__f31c2a6e/cell_result_gsm8k__q3_l2r_common_factorial_f31c2a6e_GRPO_GRPO-S8-B16-U2_seed31__GRPO_s31.json,a4079ca95ff79f50c953b345730a87b347d4ebc09840b05243ea12227c55d8f0,research_repository/ResultsArchive/incoming/common-protocol-structural-factorial__f31c2a6e/complete_gsm8k__q3_l2r_common_factorial_f31c2a6e_GRPO_GRPO-S8-B16-U2_seed31__GRPO_s31.json,a29704e9dc4b8e6656821c8307fec3c284f21d27f9ebb834ed4fa844eeb16ef8
q3_l2r_common_factorial_f31c2a6e_GRPO_GRPO-S8-B16-U2_seed47,f31c2a6e,qwen3-1.7b-base,GRPO,47,gsm8k,3236.6,1,NVIDIA H100 80GB HBM3,0.8990555555555555,f459c325b22693fc7d53c336abc393e4276947d88be9d4078b504911ae642261,research_repository/ResultsArchive/incoming/common-protocol-structural-factorial__f31c2a6e/cell_result_gsm8k__q3_l2r_common_factorial_f31c2a6e_GRPO_GRPO-S8-B16-U2_seed47__GRPO_s47.json,4236fd776b23a6421675f4d6890def391e6dfbdf3eb3259a60edb3a703c9e4df,research_repository/ResultsArchive/incoming/common-protocol-structural-factorial__f31c2a6e/complete_gsm8k__q3_l2r_common_factorial_f31c2a6e_GRPO_GRPO-S8-B16-U2_seed47__GRPO_s47.json,7994505944566629ba6f6928c3eb6bf1ca20c262f48b060a0879bba7456af5f9
q3_l2r_common_factorial_f31c2a6e_GRPO_GRPO-S8-B16-U2_seed73,f31c2a6e,qwen3-1.7b-base,GRPO,73,gsm8k,3471.2,1,NVIDIA H100 80GB HBM3,0.9642222222222222,b3318c319d4e14b4e0e47780bd2b8055ed588221c5470a0c3a21e6e9f09f9e28,research_repository/ResultsArchive/incoming/common-protocol-structural-factorial__f31c2a6e/cell_result_gsm8k__q3_l2r_common_factorial_f31c2a6e_GRPO_GRPO-S8-B16-U2_seed73__GRPO_s73.json,279da5c7bf5aa77b424668aecdda2f03659df3c53dc785b4bed1bac54432d209,research_repository/ResultsArchive/incoming/common-protocol-structural-factorial__f31c2a6e/complete_gsm8k__q3_l2r_common_factorial_f31c2a6e_GRPO_GRPO-S8-B16-U2_seed73__GRPO_s73.json,80eb89f0ba7b1810fa413f044482f44533043dd2999a04d53b614a432dad58b3
q3_l2r_common_factorial_f31c2a6e_GRPO_GRPO-S8-B16-U4_seed31,f31c2a6e,qwen3-1.7b-base,GRPO,31,gsm8k,3546.9,1,NVIDIA H100 80GB HBM3,0.9852500000000001,4feb46024adc3ce7037792b695ca2fd6dfdf64dd720a99bc0bbe753ea528012c,research_repository/ResultsArchive/incoming/common-protocol-structural-factorial__f31c2a6e/cell_result_gsm8k__q3_l2r_common_factorial_f31c2a6e_GRPO_GRPO-S8-B16-U4_seed31__GRPO_s31.json,374d70c9df6711909dcb64f1b5b98e4ec4a5c23e0e6f25043b89e12a5cc1cc7f,research_repository/ResultsArchive/incoming/common-protocol-structural-factorial__f31c2a6e/complete_gsm8k__q3_l2r_common_factorial_f31c2a6e_GRPO_GRPO-S8-B16-U4_seed31__GRPO_s31.json,89b6bd29ee8e694e43b4229e593a9af7acacb0b722d5497966a471950c260016
q3_l2r_common_factorial_f31c2a6e_GRPO_GRPO-S8-B16-U4_seed47,f31c2a6e,qwen3-1.7b-base,GRPO,47,gsm8k,3723.5,1,NVIDIA H100 80GB HBM3,1.0343055555555556,6808b3274325b1bb6c2391803989b8e29bc20e0ec17b1382ae5233fdf51ff67f,research_repository/ResultsArchive/incoming/common-protocol-structural-factorial__f31c2a6e/cell_result_gsm8k__q3_l2r_common_factorial_f31c2a6e_GRPO_GRPO-S8-B16-U4_seed47__GRPO_s47.json,d8c7ced0a69ed7d8d0e001b069c02b970bca37aa4a2ef6f65113283468b08efb,research_repository/ResultsArchive/incoming/common-protocol-structural-factorial__f31c2a6e/complete_gsm8k__q3_l2r_common_factorial_f31c2a6e_GRPO_GRPO-S8-B16-U4_seed47__GRPO_s47.json,07a100425e2d11296f07595185107150dacb5f10fe7f92e81d0e0dbf80789333
q3_l2r_common_factorial_f31c2a6e_GRPO_GRPO-S8-B16-U4_seed73,f31c2a6e,qwen3-1.7b-base,GRPO,73,gsm8k,4040.5,1,NVIDIA H100 80GB HBM3,1.1223611111111111,be317c40781b101936169e9e06a801e368dae21592f1927c3e60f555c0043bf0,research_repository/ResultsArchive/incoming/common-protocol-structural-factorial__f31c2a6e/cell_result_gsm8k__q3_l2r_common_factorial_f31c2a6e_GRPO_GRPO-S8-B16-U4_seed73__GRPO_s73.json,510615aa886adff16aa462042f51aa594d67052e15a47fba8ba8e6c03f247202,research_repository/ResultsArchive/incoming/common-protocol-structural-factorial__f31c2a6e/complete_gsm8k__q3_l2r_common_factorial_f31c2a6e_GRPO_GRPO-S8-B16-U4_seed73__GRPO_s73.json,d3a154ff637ad85c9dae1ffba73f59a4148a617621f539fcf48495cfd10ffbd1
q3_l2r_common_factorial_f31c2a6e_GRPO_GRPO-S8-B4-U1_seed31,f31c2a6e,qwen3-1.7b-base,GRPO,31,gsm8k,1658.2,1,NVIDIA H100 80GB HBM3,0.46061111111111114,744e968966c865843d6bdc2a376d0775411306997271eb3f6d42149c1f2ef3d3,research_repository/ResultsArchive/incoming/common-protocol-structural-factorial__f31c2a6e/cell_result_gsm8k__q3_l2r_common_factorial_f31c2a6e_GRPO_GRPO-S8-B4-U1_seed31__GRPO_s31.json,9b911ec88ffdc1147c2e334ceab4f3f67fb693df50423550d3d1d2b99a2502ae,research_repository/ResultsArchive/incoming/common-protocol-structural-factorial__f31c2a6e/complete_gsm8k__q3_l2r_common_factorial_f31c2a6e_GRPO_GRPO-S8-B4-U1_seed31__GRPO_s31.json,3228b625df6a53cabda869394a7e11fcbad5ecb4f628f1ec10ada14d8e5e2ebb
q3_l2r_common_factorial_f31c2a6e_GRPO_GRPO-S8-B4-U1_seed47,f31c2a6e,qwen3-1.7b-base,GRPO,47,gsm8k,1684.0,1,NVIDIA H100 80GB HBM3,0.4677777777777778,4fe79ad71f04f86ff6486146539f01e29594e42c0be416e919f12201542f36e5,research_repository/ResultsArchive/incoming/common-protocol-structural-factorial__f31c2a6e/cell_result_gsm8k__q3_l2r_common_factorial_f31c2a6e_GRPO_GRPO-S8-B4-U1_seed47__GRPO_s47.json,e4842fc56937c6636812844737cf43bb802c9feae460026c10523e7aaad42f48,research_repository/ResultsArchive/incoming/common-protocol-structural-factorial__f31c2a6e/complete_gsm8k__q3_l2r_common_factorial_f31c2a6e_GRPO_GRPO-S8-B4-U1_seed47__GRPO_s47.json,2c3a696021700c03ec7e8bdb08a49e0da8c8774c6ddc98c2c7d0f419e652bfde
q3_l2r_common_factorial_f31c2a6e_GRPO_GRPO-S8-B4-U1_seed73,f31c2a6e,qwen3-1.7b-base,GRPO,73,gsm8k,1999.4,1,NVIDIA H100 80GB HBM3,0.5553888888888889,6e8e5b364337e4fae947b4c3ef585d015454afb7684ffd2db1e9fc017a2954e9,research_repository/ResultsArchive/incoming/common-protocol-structural-factorial__f31c2a6e/cell_result_gsm8k__q3_l2r_common_factorial_f31c2a6e_GRPO_GRPO-S8-B4-U1_seed73__GRPO_s73.json,b8240752794f5764bd54ddacea7d8ef221bffc695f70c005fbb4b04bd1351706,research_repository/ResultsArchive/incoming/common-protocol-structural-factorial__f31c2a6e/complete_gsm8k__q3_l2r_common_factorial_f31c2a6e_GRPO_GRPO-S8-B4-U1_seed73__GRPO_s73.json,7edbf521e753dd25fdb13ede9e8690bd44a7cc18b019f72f27449c3a35344700
q3_l2r_common_factorial_f31c2a6e_GRPO_GRPO-S8-B4-U2_seed31,f31c2a6e,qwen3-1.7b-base,GRPO,31,gsm8k,1667.1,1,NVIDIA H100 80GB HBM3,0.4630833333333333,6dcec5ba8e72c4b0cb16dd253c0cc3ac3c66110f8d0f42786fa9f75af9bd0413,research_repository/ResultsArchive/incoming/common-protocol-structural-factorial__f31c2a6e/cell_result_gsm8k__q3_l2r_common_factorial_f31c2a6e_GRPO_GRPO-S8-B4-U2_seed31__GRPO_s31.json,5bc0784fb714784624b1d8f61ac27f76ff8f963ebae8b9fdae3544d67e18d375,research_repository/ResultsArchive/incoming/common-protocol-structural-factorial__f31c2a6e/complete_gsm8k__q3_l2r_common_factorial_f31c2a6e_GRPO_GRPO-S8-B4-U2_seed31__GRPO_s31.json,de05d7efcaea76e2ed62f9e7274b0d4b2b5bc14709670e33e8a9a4f05bf5c026
q3_l2r_common_factorial_f31c2a6e_GRPO_GRPO-S8-B4-U2_seed47,f31c2a6e,qwen3-1.7b-base,GRPO,47,gsm8k,1715.7,1,NVIDIA H100 80GB HBM3,0.47658333333333336,c2866c07774b0db292ed834aca4286a765c447da5e317324af61238b45706483,research_repository/ResultsArchive/incoming/common-protocol-structural-factorial__f31c2a6e/cell_result_gsm8k__q3_l2r_common_factorial_f31c2a6e_GRPO_GRPO-S8-B4-U2_seed47__GRPO_s47.json,0e48fc92a4a2a08c8bc90ecee203952df2ce2bc98d48b60059cffb239b8dcc46,research_repository/ResultsArchive/incoming/common-protocol-structural-factorial__f31c2a6e/complete_gsm8k__q3_l2r_common_factorial_f31c2a6e_GRPO_GRPO-S8-B4-U2_seed47__GRPO_s47.json,7aed6862fd23b01e0e9fece9ecec6117783659abe1b7c7c2f18dc89d624dc518
q3_l2r_common_factorial_f31c2a6e_GRPO_GRPO-S8-B4-U2_seed73,f31c2a6e,qwen3-1.7b-base,GRPO,73,gsm8k,1915.3,1,NVIDIA H100 80GB HBM3,0.5320277777777778,6e2cec5b162257f67f1f3edec66a55ddfb12d2f2167d0065c84df6b275840994,research_repository/ResultsArchive/incoming/common-protocol-structural-factorial__f31c2a6e/cell_result_gsm8k__q3_l2r_common_factorial_f31c2a6e_GRPO_GRPO-S8-B4-U2_seed73__GRPO_s73.json,c881c1b42fc71d47955498216c3545398f322838494af8a9173ba4298fb84c68,research_repository/ResultsArchive/incoming/common-protocol-structural-factorial__f31c2a6e/complete_gsm8k__q3_l2r_common_factorial_f31c2a6e_GRPO_GRPO-S8-B4-U2_seed73__GRPO_s73.json,aa874d1bd721efc81d2a0b33b0ab6c169f823edeae98ea1a746e7d44d36e1ae2
q3_l2r_common_factorial_f31c2a6e_GRPO_GRPO-S8-B4-U4_seed31,f31c2a6e,qwen3-1.7b-base,GRPO,31,gsm8k,2400.5,1,NVIDIA H100 80GB HBM3,0.6668055555555555,7b31dfe47c353250b225a9b41e43370c701abba641705b386f67c9630dae1203,research_repository/ResultsArchive/incoming/common-protocol-structural-factorial__f31c2a6e/cell_result_gsm8k__q3_l2r_common_factorial_f31c2a6e_GRPO_GRPO-S8-B4-U4_seed31__GRPO_s31.json,e40842b3def1d54bfa737a1835649d15cfaa91bdcd0cc024c83c7c215cbd5f2a,research_repository/ResultsArchive/incoming/common-protocol-structural-factorial__f31c2a6e/complete_gsm8k__q3_l2r_common_factorial_f31c2a6e_GRPO_GRPO-S8-B4-U4_seed31__GRPO_s31.json,67d23c329eabcbde6fa8838dd83fb3214abbdb74b34fed4e6b910ca7f8a036e4
q3_l2r_common_factorial_f31c2a6e_GRPO_GRPO-S8-B4-U4_seed47,f31c2a6e,qwen3-1.7b-base,GRPO,47,gsm8k,1842.4,1,NVIDIA H100 80GB HBM3,0.5117777777777778,b757c51bc84f90fd62c1800d55e9c23e3140b68f4e0ce277e6d3c2dc12b933ab,research_repository/ResultsArchive/incoming/common-protocol-structural-factorial__f31c2a6e/cell_result_gsm8k__q3_l2r_common_factorial_f31c2a6e_GRPO_GRPO-S8-B4-U4_seed47__GRPO_s47.json,12fe467f47eddbd47e432eb0d0437565f14100f92c41b6d3fbb327da3c6facbd,research_repository/ResultsArchive/incoming/common-protocol-structural-factorial__f31c2a6e/complete_gsm8k__q3_l2r_common_factorial_f31c2a6e_GRPO_GRPO-S8-B4-U4_seed47__GRPO_s47.json,87371ebb926f971c061631de7e88e7cd79f0c312b4de05a011a2fc1745c0d1fe
q3_l2r_common_factorial_f31c2a6e_GRPO_GRPO-S8-B4-U4_seed73,f31c2a6e,qwen3-1.7b-base,GRPO,73,gsm8k,2098.7,1,NVIDIA H100 80GB HBM3,0.5829722222222222,970413025368e58885dedf6e1cd3dce4ee593f8dea4f1527bc15cb38a946cec0,research_repository/ResultsArchive/incoming/common-protocol-structural-factorial__f31c2a6e/cell_result_gsm8k__q3_l2r_common_factorial_f31c2a6e_GRPO_GRPO-S8-B4-U4_seed73__GRPO_s73.json,c2bc04986cb2ed602713fd008f25e5e54c18da768a5f17b93e56d3cfce146ebc,research_repository/ResultsArchive/incoming/common-protocol-structural-factorial__f31c2a6e/complete_gsm8k__q3_l2r_common_factorial_f31c2a6e_GRPO_GRPO-S8-B4-U4_seed73__GRPO_s73.json,438ce929f9cb0ae88c08a6acd34c5f5245df9080227dc941172217534f8b1528
q3_l2r_common_factorial_f31c2a6e_GRPO_GRPO-S8-B8-U1_seed31,f31c2a6e,qwen3-1.7b-base,GRPO,31,gsm8k,2066.1,1,NVIDIA H100 80GB HBM3,0.5739166666666666,ef154d8bf95a4e78552ad180bcfe87cbaaace7847b65348908d0fb7d825b5373,research_repository/ResultsArchive/incoming/common-protocol-structural-factorial__f31c2a6e/cell_result_gsm8k__q3_l2r_common_factorial_f31c2a6e_GRPO_GRPO-S8-B8-U1_seed31__GRPO_s31.json,383227fb186e70c92c8151aae77b8e65f827fbccd10330eac7c07cc6f2eee466,research_repository/ResultsArchive/incoming/common-protocol-structural-factorial__f31c2a6e/complete_gsm8k__q3_l2r_common_factorial_f31c2a6e_GRPO_GRPO-S8-B8-U1_seed31__GRPO_s31.json,471e550541ff09a7734c696402cbc240d172f986f4aacec7e1bdd8b0ec3bfd8b
q3_l2r_common_factorial_f31c2a6e_GRPO_GRPO-S8-B8-U1_seed47,f31c2a6e,qwen3-1.7b-base,GRPO,47,gsm8k,2551.1,1,NVIDIA H100 80GB HBM3,0.7086388888888888,2e2093f98dc2a8a69bf8b436d94e68cfc3f30f1a865dc965933449a8a0215f0f,research_repository/ResultsArchive/incoming/common-protocol-structural-factorial__f31c2a6e/cell_result_gsm8k__q3_l2r_common_factorial_f31c2a6e_GRPO_GRPO-S8-B8-U1_seed47__GRPO_s47.json,9960553e407624b5589dc95ad077f90adc648ee75a729790527b9f728b7f791e,research_repository/ResultsArchive/incoming/common-protocol-structural-factorial__f31c2a6e/complete_gsm8k__q3_l2r_common_factorial_f31c2a6e_GRPO_GRPO-S8-B8-U1_seed47__GRPO_s47.json,0aba26525a40afb3c9ed3f12ed5348292d81f1fe93a5b15f698f8729f6b2b091
q3_l2r_common_factorial_f31c2a6e_GRPO_GRPO-S8-B8-U1_seed73,f31c2a6e,qwen3-1.7b-base,GRPO,73,gsm8k,2622.7,1,NVIDIA H100 80GB HBM3,0.7285277777777778,a52c2400c8654e184935e0105a8f8322e76716f10a2db325e253e47658fb5559,research_repository/ResultsArchive/incoming/common-protocol-structural-factorial__f31c2a6e/cell_result_gsm8k__q3_l2r_common_factorial_f31c2a6e_GRPO_GRPO-S8-B8-U1_seed73__GRPO_s73.json,275e929130c0e898fb6baa8324ee49c3fd76a64dbe865edb0e8fe39dbb49cacc,research_repository/ResultsArchive/incoming/common-protocol-structural-factorial__f31c2a6e/complete_gsm8k__q3_l2r_common_factorial_f31c2a6e_GRPO_GRPO-S8-B8-U1_seed73__GRPO_s73.json,c3e66c64c1e47898f9c4d858590584a977b9be826bf55aed6eab8f20f75fb1fd
q3_l2r_common_factorial_f31c2a6e_GRPO_GRPO-S8-B8-U2_seed31,f31c2a6e,qwen3-1.7b-base,GRPO,31,gsm8k,2142.2,1,NVIDIA H100 80GB HBM3,0.5950555555555556,e7ca614bc795118edcfced7ab5c9f442e1882ab801c2b05b539658c09692d010,research_repository/ResultsArchive/incoming/common-protocol-structural-factorial__f31c2a6e/cell_result_gsm8k__q3_l2r_common_factorial_f31c2a6e_GRPO_GRPO-S8-B8-U2_seed31__GRPO_s31.json,8b4c98d634e9456af10242fd677fc97ee699e5740f646ee8aaaecfb64604a051,research_repository/ResultsArchive/incoming/common-protocol-structural-factorial__f31c2a6e/complete_gsm8k__q3_l2r_common_factorial_f31c2a6e_GRPO_GRPO-S8-B8-U2_seed31__GRPO_s31.json,1a9f909c8848323f55e9fbc566e1d899e6378ffc31086bf8c5682ce2019d4b48
q3_l2r_common_factorial_f31c2a6e_GRPO_GRPO-S8-B8-U2_seed47,f31c2a6e,qwen3-1.7b-base,GRPO,47,gsm8k,2165.3,1,NVIDIA H100 80GB HBM3,0.6014722222222223,eaa3c2174cd841b3f62de0269f7349b1d2733dadf415ec868a5b73f7cc5ed67e,research_repository/ResultsArchive/incoming/common-protocol-structural-factorial__f31c2a6e/cell_result_gsm8k__q3_l2r_common_factorial_f31c2a6e_GRPO_GRPO-S8-B8-U2_seed47__GRPO_s47.json,7cb83074aff779681aec3cfcad0c4961b3d648c238298da02d0d76be5940f284,research_repository/ResultsArchive/incoming/common-protocol-structural-factorial__f31c2a6e/complete_gsm8k__q3_l2r_common_factorial_f31c2a6e_GRPO_GRPO-S8-B8-U2_seed47__GRPO_s47.json,43c0217969551e7377281dd735e958465bd95befdbf34f627b9ca5c84485020b
q3_l2r_common_factorial_f31c2a6e_GRPO_GRPO-S8-B8-U2_seed73,f31c2a6e,qwen3-1.7b-base,GRPO,73,gsm8k,2824.6,1,NVIDIA H100 80GB HBM3,0.784611111111111,4eec5c878ca5d6d74868e143ee7c88a3fe326e79ad134a02fed12d358b1ee113,research_repository/ResultsArchive/incoming/common-protocol-structural-factorial__f31c2a6e/cell_result_gsm8k__q3_l2r_common_factorial_f31c2a6e_GRPO_GRPO-S8-B8-U2_seed73__GRPO_s73.json,3032b2eedf5e90c67e0b040454fcf84f973e852b0cc0c259614de4be3f6a0e1a,research_repository/ResultsArchive/incoming/common-protocol-structural-factorial__f31c2a6e/complete_gsm8k__q3_l2r_common_factorial_f31c2a6e_GRPO_GRPO-S8-B8-U2_seed73__GRPO_s73.json,ee1710c781200ab754b06ffe6c49680ed006c7ae6b07d0085628bfbbdd8c14c5
q3_l2r_common_factorial_f31c2a6e_GRPO_GRPO-S8-B8-U4_seed31,f31c2a6e,qwen3-1.7b-base,GRPO,31,gsm8k,2349.0,1,NVIDIA H100 80GB HBM3,0.6525,228da760171a32fa55c053e9fbcc9651df953f66761687fcf2baf2cde52f6ce9,research_repository/ResultsArchive/incoming/common-protocol-structural-factorial__f31c2a6e/cell_result_gsm8k__q3_l2r_common_factorial_f31c2a6e_GRPO_GRPO-S8-B8-U4_seed31__GRPO_s31.json,2a0a273e45738b9aedbf78b16fec5b6aca0964284bb0f9a8b32ecd2e416bd93c,research_repository/ResultsArchive/incoming/common-protocol-structural-factorial__f31c2a6e/complete_gsm8k__q3_l2r_common_factorial_f31c2a6e_GRPO_GRPO-S8-B8-U4_seed31__GRPO_s31.json,b227e1bef3fe05aad1085fa1197ef4f40752cd387080ad3042595249335b8334
q3_l2r_common_factorial_f31c2a6e_GRPO_GRPO-S8-B8-U4_seed47,f31c2a6e,qwen3-1.7b-base,GRPO,47,gsm8k,2898.6,1,NVIDIA H100 80GB HBM3,0.8051666666666666,3514f2ad1a6feab36dab88715c3b9914d65cbbef9fe5e0bd8836b49816eb3502,research_repository/ResultsArchive/incoming/common-protocol-structural-factorial__f31c2a6e/cell_result_gsm8k__q3_l2r_common_factorial_f31c2a6e_GRPO_GRPO-S8-B8-U4_seed47__GRPO_s47.json,360039cdb5112a1c76ab405348f00846ab6f76b3d23e1924982a598c7a9b7c9a,research_repository/ResultsArchive/incoming/common-protocol-structural-factorial__f31c2a6e/complete_gsm8k__q3_l2r_common_factorial_f31c2a6e_GRPO_GRPO-S8-B8-U4_seed47__GRPO_s47.json,ec8f3ae91e3fee10e90c877f66f5ab37c8c7afa380fce074f28e791ff605909f
q3_l2r_common_factorial_f31c2a6e_GRPO_GRPO-S8-B8-U4_seed73,f31c2a6e,qwen3-1.7b-base,GRPO,73,gsm8k,2434.7,1,NVIDIA H100 80GB HBM3,0.6763055555555555,a8342017112dc92d13c6010eab5c9fa644fc67f1ab12fbaee72586438a2cad00,research_repository/ResultsArchive/incoming/common-protocol-structural-factorial__f31c2a6e/cell_result_gsm8k__q3_l2r_common_factorial_f31c2a6e_GRPO_GRPO-S8-B8-U4_seed73__GRPO_s73.json,0e89a6de75e291af0fa5889c08b2fac220dcc9cf369f64da41f3181b0cc6beb5,research_repository/ResultsArchive/incoming/common-protocol-structural-factorial__f31c2a6e/complete_gsm8k__q3_l2r_common_factorial_f31c2a6e_GRPO_GRPO-S8-B8-U4_seed73__GRPO_s73.json,ee48c00d8cc490240ab4fb82f77c2403ff542a6eb640913f2ac1f703e80d318a
q3_l2r_common_factorial_f31c2a6e_RLOO_RLOO-S16-B16-U1_seed31,f31c2a6e,qwen3-1.7b-base,RLOO,31,gsm8k,4461.9,1,NVIDIA H100 80GB HBM3,1.2394166666666666,ebde2c80dd82e630f050ed80a539596f5f1bdb8d07f5988e0ea97d7ecf824ca6,research_repository/ResultsArchive/incoming/common-protocol-structural-factorial__f31c2a6e/cell_result_gsm8k__q3_l2r_common_factorial_f31c2a6e_RLOO_RLOO-S16-B16-U1_seed31__RLOO_s31.json,9dad12b04ecd5c6170eac22bb29a827642762b243b8ee38eb391f4db78529d0f,research_repository/ResultsArchive/incoming/common-protocol-structural-factorial__f31c2a6e/complete_gsm8k__q3_l2r_common_factorial_f31c2a6e_RLOO_RLOO-S16-B16-U1_seed31__RLOO_s31.json,8a3877026ab6a7d5ace9aefc59a1fdf383681381dd170ac4ea75b1b9dadc4f89
q3_l2r_common_factorial_f31c2a6e_RLOO_RLOO-S16-B16-U1_seed47,f31c2a6e,qwen3-1.7b-base,RLOO,47,gsm8k,4507.1,1,NVIDIA H100 80GB HBM3,1.2519722222222223,09a124b53d098640a9c7984577a36de83ff0201607eb01802969de7187959955,research_repository/ResultsArchive/incoming/common-protocol-structural-factorial__f31c2a6e/cell_result_gsm8k__q3_l2r_common_factorial_f31c2a6e_RLOO_RLOO-S16-B16-U1_seed47__RLOO_s47.json,1df1e3bd7432e7f1fc157e939b580998db0ca638345057cef542a391b6c2f609,research_repository/ResultsArchive/incoming/common-protocol-structural-factorial__f31c2a6e/complete_gsm8k__q3_l2r_common_factorial_f31c2a6e_RLOO_RLOO-S16-B16-U1_seed47__RLOO_s47.json,a9e9f6579cccc8265ac1e16b72e8c81b897c235648025559faaa3f8957a5d54d
q3_l2r_common_factorial_f31c2a6e_RLOO_RLOO-S16-B16-U1_seed73,f31c2a6e,qwen3-1.7b-base,RLOO,73,gsm8k,4217.9,1,NVIDIA H100 80GB HBM3,1.171638888888889,16be6482387dccf17267dd5a88509370eb07c2e85eec94165b0d92a175492e12,research_repository/ResultsArchive/incoming/common-protocol-structural-factorial__f31c2a6e/cell_result_gsm8k__q3_l2r_common_factorial_f31c2a6e_RLOO_RLOO-S16-B16-U1_seed73__RLOO_s73.json,d66b6755323a4507542a03b3f94c5c14a0a5c6028b5f64f5513735c439920ca0,research_repository/ResultsArchive/incoming/common-protocol-structural-factorial__f31c2a6e/complete_gsm8k__q3_l2r_common_factorial_f31c2a6e_RLOO_RLOO-S16-B16-U1_seed73__RLOO_s73.json,800e7b706bcb78efd77ceaf121a55c2c48f5bae497b017944dd8d10a599e8372
q3_l2r_common_factorial_f31c2a6e_RLOO_RLOO-S16-B16-U2_seed31,f31c2a6e,qwen3-1.7b-base,RLOO,31,gsm8k,5090.3,1,NVIDIA H100 80GB HBM3,1.4139722222222222,95e4188e0231c986c7e98154509406928a8073231b90e1d3623fab2ed8af5768,research_repository/ResultsArchive/incoming/common-protocol-structural-factorial__f31c2a6e/cell_result_gsm8k__q3_l2r_common_factorial_f31c2a6e_RLOO_RLOO-S16-B16-U2_seed31__RLOO_s31.json,1af7db48fedc6280077d5ceddc08cd0fc73bd7821a05659ceeeaa8899dbd91ca,research_repository/ResultsArchive/incoming/common-protocol-structural-factorial__f31c2a6e/complete_gsm8k__q3_l2r_common_factorial_f31c2a6e_RLOO_RLOO-S16-B16-U2_seed31__RLOO_s31.json,09e1fc925f09a79482f5c224328e39dc804b43de83bd80cf97648008a9c97208
q3_l2r_common_factorial_f31c2a6e_RLOO_RLOO-S16-B16-U2_seed47,f31c2a6e,qwen3-1.7b-base,RLOO,47,gsm8k,4906.2,1,NVIDIA H100 80GB HBM3,1.3628333333333333,c9de7e03b6fdd85f0c6ede5adefd2790748352023e38dc9d7ac32c56c3a33baa,research_repository/ResultsArchive/incoming/common-protocol-structural-factorial__f31c2a6e/cell_result_gsm8k__q3_l2r_common_factorial_f31c2a6e_RLOO_RLOO-S16-B16-U2_seed47__RLOO_s47.json,9a0eb28248dab1aa4b24879c4fe8720ece154fa7156519242d3d2f86647909f7,research_repository/ResultsArchive/incoming/common-protocol-structural-factorial__f31c2a6e/complete_gsm8k__q3_l2r_common_factorial_f31c2a6e_RLOO_RLOO-S16-B16-U2_seed47__RLOO_s47.json,ad9c4a3aef4f5400347fe8c969887f1ec1737aad70d5945a873d62a9b240f860
q3_l2r_common_factorial_f31c2a6e_RLOO_RLOO-S16-B16-U2_seed73,f31c2a6e,qwen3-1.7b-base,RLOO,73,gsm8k,4337.7,1,NVIDIA H100 80GB HBM3,1.2049166666666666,0563a4088c27fb1043e9378591489966b17d042417f9e6b1de2d8b2cf1d17fc8,research_repository/ResultsArchive/incoming/common-protocol-structural-factorial__f31c2a6e/cell_result_gsm8k__q3_l2r_common_factorial_f31c2a6e_RLOO_RLOO-S16-B16-U2_seed73__RLOO_s73.json,d64f110bb8fac709ce3e89d9d2438ca51c29a5dc3d775fc38afae693fd91c896,research_repository/ResultsArchive/incoming/common-protocol-structural-factorial__f31c2a6e/complete_gsm8k__q3_l2r_common_factorial_f31c2a6e_RLOO_RLOO-S16-B16-U2_seed73__RLOO_s73.json,bce3dbc5230cb76eefc4a0bc6b0278f087c77376cdcbdfb2e2b0119922b3779d
q3_l2r_common_factorial_f31c2a6e_RLOO_RLOO-S16-B16-U4_seed31,f31c2a6e,qwen3-1.7b-base,RLOO,31,gsm8k,5811.2,1,NVIDIA H100 80GB HBM3,1.6142222222222222,fa6d33f8ec6cdc3016df84cea978dd6585fee18546b7b8fa9344d472bd51017a,research_repository/ResultsArchive/incoming/common-protocol-structural-factorial__f31c2a6e/cell_result_gsm8k__q3_l2r_common_factorial_f31c2a6e_RLOO_RLOO-S16-B16-U4_seed31__RLOO_s31.json,b2c92ea468f8e21c8bc66e9ab64e8702c01d98299fed298daf2b9d818d1d3b51,research_repository/ResultsArchive/incoming/common-protocol-structural-factorial__f31c2a6e/complete_gsm8k__q3_l2r_common_factorial_f31c2a6e_RLOO_RLOO-S16-B16-U4_seed31__RLOO_s31.json,fb2cbcd9bc802f6f0890110021b75bb41fce5d152dd9cfadec086c046f91f984
q3_l2r_common_factorial_f31c2a6e_RLOO_RLOO-S16-B16-U4_seed47,f31c2a6e,qwen3-1.7b-base,RLOO,47,gsm8k,5896.9,1,NVIDIA H100 80GB HBM3,1.6380277777777776,1f072ff0fba0e61ba54b3ca781af55119046f80634c5180f9e84fc5b8324fe4b,research_repository/ResultsArchive/incoming/common-protocol-structural-factorial__f31c2a6e/cell_result_gsm8k__q3_l2r_common_factorial_f31c2a6e_RLOO_RLOO-S16-B16-U4_seed47__RLOO_s47.json,f8c6df6ffbe28ad0b324cab81bef763b4f5dfc8d0ac8ad0cf52d52da8aecf37c,research_repository/ResultsArchive/incoming/common-protocol-structural-factorial__f31c2a6e/complete_gsm8k__q3_l2r_common_factorial_f31c2a6e_RLOO_RLOO-S16-B16-U4_seed47__RLOO_s47.json,b04ac3a2e18704b0c0c07d41eead728143ab84fae7a6fac1a8f29128cbf379fb
q3_l2r_common_factorial_f31c2a6e_RLOO_RLOO-S16-B16-U4_seed73,f31c2a6e,qwen3-1.7b-base,RLOO,73,gsm8k,5243.4,1,NVIDIA H100 80GB HBM3,1.4565,c16e71f2327dc6a85a73c1127b0f7af1e83a420e73ee1b0c26009c0563841bfe,research_repository/ResultsArchive/incoming/common-protocol-structural-factorial__f31c2a6e/cell_result_gsm8k__q3_l2r_common_factorial_f31c2a6e_RLOO_RLOO-S16-B16-U4_seed73__RLOO_s73.json,29fe84892786cb3ede69d3817b4a44074d29bfe28d1156a7d7aac23c1717640d,research_repository/ResultsArchive/incoming/common-protocol-structural-factorial__f31c2a6e/complete_gsm8k__q3_l2r_common_factorial_f31c2a6e_RLOO_RLOO-S16-B16-U4_seed73__RLOO_s73.json,82a3db0992e10e2d0d23396dbffc96ca382589b4203b5d0edae865c10afba897
q3_l2r_common_factorial_f31c2a6e_RLOO_RLOO-S16-B4-U1_seed31,f31c2a6e,qwen3-1.7b-base,RLOO,31,gsm8k,2128.3,1,NVIDIA H100 80GB HBM3,0.5911944444444445,ee652371fecf438bf9a3673215539764959de17c197ec7d1b1244fc561f89e51,research_repository/ResultsArchive/incoming/common-protocol-structural-factorial__f31c2a6e/cell_result_gsm8k__q3_l2r_common_factorial_f31c2a6e_RLOO_RLOO-S16-B4-U1_seed31__RLOO_s31.json,cbc49135f8a967a20c82328888377132efaf090b58046c7828f71dd41f7e2b8b,research_repository/ResultsArchive/incoming/common-protocol-structural-factorial__f31c2a6e/complete_gsm8k__q3_l2r_common_factorial_f31c2a6e_RLOO_RLOO-S16-B4-U1_seed31__RLOO_s31.json,bd2c2eb0c4a371fb387ef8ea21b16e0978daec1851f20797f6185cd0b27593ac
q3_l2r_common_factorial_f31c2a6e_RLOO_RLOO-S16-B4-U1_seed47,f31c2a6e,qwen3-1.7b-base,RLOO,47,gsm8k,2113.7,1,NVIDIA H100 80GB HBM3,0.5871388888888889,15cf417a2cc5e623888a40edeee2e7be576d417ad6cb77ce1b9e69019774a198,research_repository/ResultsArchive/incoming/common-protocol-structural-factorial__f31c2a6e/cell_result_gsm8k__q3_l2r_common_factorial_f31c2a6e_RLOO_RLOO-S16-B4-U1_seed47__RLOO_s47.json,4d32efbf69e52bd63bf9fc449416838b1b6b510022c9dc6330f435c12cd29202,research_repository/ResultsArchive/incoming/common-protocol-structural-factorial__f31c2a6e/complete_gsm8k__q3_l2r_common_factorial_f31c2a6e_RLOO_RLOO-S16-B4-U1_seed47__RLOO_s47.json,14e237c6812c7394d042f531f7ec24b9b4d2a448d63eaa8d08a133b8c52ad62f
q3_l2r_common_factorial_f31c2a6e_RLOO_RLOO-S16-B4-U1_seed73,f31c2a6e,qwen3-1.7b-base,RLOO,73,gsm8k,2125.6,1,NVIDIA H100 80GB HBM3,0.5904444444444444,c10fd5cf24d02524db258ec50b922933f7a32f37bf9bd2964ca6cc8fd63e324f,research_repository/ResultsArchive/incoming/common-protocol-structural-factorial__f31c2a6e/cell_result_gsm8k__q3_l2r_common_factorial_f31c2a6e_RLOO_RLOO-S16-B4-U1_seed73__RLOO_s73.json,08149b1f160b54b899efc652202b7a3db09f7e7e2c93434903749bbf5bc0ef00,research_repository/ResultsArchive/incoming/common-protocol-structural-factorial__f31c2a6e/complete_gsm8k__q3_l2r_common_factorial_f31c2a6e_RLOO_RLOO-S16-B4-U1_seed73__RLOO_s73.json,72a8104954e459195ec329960e63dace37891fcd4a985437b871e938d6aed49d
q3_l2r_common_factorial_f31c2a6e_RLOO_RLOO-S16-B4-U2_seed31,f31c2a6e,qwen3-1.7b-base,RLOO,31,gsm8k,2078.9,1,NVIDIA H100 80GB HBM3,0.5774722222222223,868350045792bf07bee91b2af30c62ac76990d3a06d5a474d16806b2d6a189c5,research_repository/ResultsArchive/incoming/common-protocol-structural-factorial__f31c2a6e/cell_result_gsm8k__q3_l2r_common_factorial_f31c2a6e_RLOO_RLOO-S16-B4-U2_seed31__RLOO_s31.json,c0b46524e777def7fe882b64c17ccbeba09c1c7edd8133435a849d9d5771339b,research_repository/ResultsArchive/incoming/common-protocol-structural-factorial__f31c2a6e/complete_gsm8k__q3_l2r_common_factorial_f31c2a6e_RLOO_RLOO-S16-B4-U2_seed31__RLOO_s31.json,2b406bd935d91e66dec0454f86fe41dc757d54478a9554418ed8c286c30bc9ec
q3_l2r_common_factorial_f31c2a6e_RLOO_RLOO-S16-B4-U2_seed47,f31c2a6e,qwen3-1.7b-base,RLOO,47,gsm8k,2159.6,1,NVIDIA H100 80GB HBM3,0.5998888888888889,5be00c1db13c1a429a0edbb73ca40c5739c02bd666c9f936f1179383cf05b40c,research_repository/ResultsArchive/incoming/common-protocol-structural-factorial__f31c2a6e/cell_result_gsm8k__q3_l2r_common_factorial_f31c2a6e_RLOO_RLOO-S16-B4-U2_seed47__RLOO_s47.json,31db9c161b7f5cd7ed13254d09de5abb38011cfa7ddd10875df116e417e345e7,research_repository/ResultsArchive/incoming/common-protocol-structural-factorial__f31c2a6e/complete_gsm8k__q3_l2r_common_factorial_f31c2a6e_RLOO_RLOO-S16-B4-U2_seed47__RLOO_s47.json,d6996214315ff939db9a5b44115b08944ca974770df2d863f7f5033bb3edb09f
q3_l2r_common_factorial_f31c2a6e_RLOO_RLOO-S16-B4-U2_seed73,f31c2a6e,qwen3-1.7b-base,RLOO,73,gsm8k,2007.9,1,NVIDIA H100 80GB HBM3,0.5577500000000001,4e0ceb952cedc82fc271841fc65582bf850b9bb1628be23251c181a3be692a63,research_repository/ResultsArchive/incoming/common-protocol-structural-factorial__f31c2a6e/cell_result_gsm8k__q3_l2r_common_factorial_f31c2a6e_RLOO_RLOO-S16-B4-U2_seed73__RLOO_s73.json,2d6c64e92808faaa040de30eb720c75da35544f1641818f8f464b7219ae7b7c2,research_repository/ResultsArchive/incoming/common-protocol-structural-factorial__f31c2a6e/complete_gsm8k__q3_l2r_common_factorial_f31c2a6e_RLOO_RLOO-S16-B4-U2_seed73__RLOO_s73.json,7ebaa441ae1ee8e0b41587eef65e42c598d322aad82e39566857b0a372fc28ac
q3_l2r_common_factorial_f31c2a6e_RLOO_RLOO-S16-B4-U4_seed31,f31c2a6e,qwen3-1.7b-base,RLOO,31,gsm8k,2327.4,1,NVIDIA H100 80GB HBM3,0.6465000000000001,76926e5c46a8f7ed5ef2bb68e046bc7bccacc795ee27d927275bea0505e6fad3,research_repository/ResultsArchive/incoming/common-protocol-structural-factorial__f31c2a6e/cell_result_gsm8k__q3_l2r_common_factorial_f31c2a6e_RLOO_RLOO-S16-B4-U4_seed31__RLOO_s31.json,77432ace4491830b9b9963c085dc59f9c60b557c662639e3849166f76a87571f,research_repository/ResultsArchive/incoming/common-protocol-structural-factorial__f31c2a6e/complete_gsm8k__q3_l2r_common_factorial_f31c2a6e_RLOO_RLOO-S16-B4-U4_seed31__RLOO_s31.json,31c82df165e789201a8f6d4c698ab47ade7915a94ca9cdf6a2451c1691eb5db5
q3_l2r_common_factorial_f31c2a6e_RLOO_RLOO-S16-B4-U4_seed47,f31c2a6e,qwen3-1.7b-base,RLOO,47,gsm8k,2258.9,1,NVIDIA H100 80GB HBM3,0.6274722222222222,1435fd71b21cd4a86786cc21cdafad3b46c9f423ef30469a5d476de5715f9346,research_repository/ResultsArchive/incoming/common-protocol-structural-factorial__f31c2a6e/cell_result_gsm8k__q3_l2r_common_factorial_f31c2a6e_RLOO_RLOO-S16-B4-U4_seed47__RLOO_s47.json,56230b6840aa3b01026f33850505dda460724f99dbc86503b1198b52be47794d,research_repository/ResultsArchive/incoming/common-protocol-structural-factorial__f31c2a6e/complete_gsm8k__q3_l2r_common_factorial_f31c2a6e_RLOO_RLOO-S16-B4-U4_seed47__RLOO_s47.json,c7fd545e0767e654aaae2557efa41aee367d3ddca2098e1cb68bc76fd0780acc
q3_l2r_common_factorial_f31c2a6e_RLOO_RLOO-S16-B4-U4_seed73,f31c2a6e,qwen3-1.7b-base,RLOO,73,gsm8k,2147.8,1,NVIDIA H100 80GB HBM3,0.5966111111111112,2a815ac5da9eb67998f96d08fa9ffb651aa82d5ca08c22aa7737be6b33206c01,research_repository/ResultsArchive/incoming/common-protocol-structural-factorial__f31c2a6e/cell_result_gsm8k__q3_l2r_common_factorial_f31c2a6e_RLOO_RLOO-S16-B4-U4_seed73__RLOO_s73.json,1c7e96eaa71960294ae277667ec4b59e4049e681d46fa2e734763eb7635de05b,research_repository/ResultsArchive/incoming/common-protocol-structural-factorial__f31c2a6e/complete_gsm8k__q3_l2r_common_factorial_f31c2a6e_RLOO_RLOO-S16-B4-U4_seed73__RLOO_s73.json,a74fbb8257cda7f861170b8b907f565d9edf3a05fc0fccd986884ec42673617b
q3_l2r_common_factorial_f31c2a6e_RLOO_RLOO-S16-B8-U1_seed31,f31c2a6e,qwen3-1.7b-base,RLOO,31,gsm8k,2723.2,1,NVIDIA H100 80GB HBM3,0.7564444444444444,ba5a6fe3fa51ab8e81cbdf0537ed6cead9722ddfb76b8200f7714afeb10250a1,research_repository/ResultsArchive/incoming/common-protocol-structural-factorial__f31c2a6e/cell_result_gsm8k__q3_l2r_common_factorial_f31c2a6e_RLOO_RLOO-S16-B8-U1_seed31__RLOO_s31.json,8d32479d09a6f1dee707e6059151cce167f4b28334c2c6361c6e2108147f624d,research_repository/ResultsArchive/incoming/common-protocol-structural-factorial__f31c2a6e/complete_gsm8k__q3_l2r_common_factorial_f31c2a6e_RLOO_RLOO-S16-B8-U1_seed31__RLOO_s31.json,f8b642741abe9f91101f296bd520181632fb67e36986713a8122b935769b67ff
q3_l2r_common_factorial_f31c2a6e_RLOO_RLOO-S16-B8-U1_seed47,f31c2a6e,qwen3-1.7b-base,RLOO,47,gsm8k,2820.4,1,NVIDIA H100 80GB HBM3,0.7834444444444445,d55f95ff19fbaf737a5727b3253ad8e2a95974e44521d2dd143855a635be8c9f,research_repository/ResultsArchive/incoming/common-protocol-structural-factorial__f31c2a6e/cell_result_gsm8k__q3_l2r_common_factorial_f31c2a6e_RLOO_RLOO-S16-B8-U1_seed47__RLOO_s47.json,f5178bf50532ed0415c7631c5a736dd915a46720950428c013f34b8652e8e1bc,research_repository/ResultsArchive/incoming/common-protocol-structural-factorial__f31c2a6e/complete_gsm8k__q3_l2r_common_factorial_f31c2a6e_RLOO_RLOO-S16-B8-U1_seed47__RLOO_s47.json,4e63fc2130597f256cb2317083721e6b5a71260d5ca5f295e579895f76f32403
q3_l2r_common_factorial_f31c2a6e_RLOO_RLOO-S16-B8-U1_seed73,f31c2a6e,qwen3-1.7b-base,RLOO,73,gsm8k,2696.7,1,NVIDIA H100 80GB HBM3,0.7490833333333333,0aaeb431c933b35ca88f2eda82fbe15d72922f99604461abbe7730c9fa29d243,research_repository/ResultsArchive/incoming/common-protocol-structural-factorial__f31c2a6e/cell_result_gsm8k__q3_l2r_common_factorial_f31c2a6e_RLOO_RLOO-S16-B8-U1_seed73__RLOO_s73.json,6245e6e800ff0234b92db9a13018071b5ce94bf56099a6cb102da166d0193cbb,research_repository/ResultsArchive/incoming/common-protocol-structural-factorial__f31c2a6e/complete_gsm8k__q3_l2r_common_factorial_f31c2a6e_RLOO_RLOO-S16-B8-U1_seed73__RLOO_s73.json,1d810936a6961f47f956fdcaa3f71ae26304f80f20263705df77bf7c6af02433
q3_l2r_common_factorial_f31c2a6e_RLOO_RLOO-S16-B8-U2_seed31,f31c2a6e,qwen3-1.7b-base,RLOO,31,gsm8k,3066.0,1,NVIDIA H100 80GB HBM3,0.8516666666666667,51f6921c89faa0ec7d18a4f9bb8ec7687516ebf46f21c782cffc931042e42ab0,research_repository/ResultsArchive/incoming/common-protocol-structural-factorial__f31c2a6e/cell_result_gsm8k__q3_l2r_common_factorial_f31c2a6e_RLOO_RLOO-S16-B8-U2_seed31__RLOO_s31.json,5ee01440adf7e3a211c71e9b8babffe9aebcfecfcadb7bb7f7c3d28223a5399d,research_repository/ResultsArchive/incoming/common-protocol-structural-factorial__f31c2a6e/complete_gsm8k__q3_l2r_common_factorial_f31c2a6e_RLOO_RLOO-S16-B8-U2_seed31__RLOO_s31.json,1bd060ff865a510044c351ece6cb207b721f8c9c807554f17ac3a8d802e7ed25
q3_l2r_common_factorial_f31c2a6e_RLOO_RLOO-S16-B8-U2_seed47,f31c2a6e,qwen3-1.7b-base,RLOO,47,gsm8k,2877.2,1,NVIDIA H100 80GB HBM3,0.7992222222222222,895e135a32c081e791977e6d7ee10ea18a2334cd2be1a00449e7cd2f8b4b17bb,research_repository/ResultsArchive/incoming/common-protocol-structural-factorial__f31c2a6e/cell_result_gsm8k__q3_l2r_common_factorial_f31c2a6e_RLOO_RLOO-S16-B8-U2_seed47__RLOO_s47.json,e027382777c9498d3f085328606cea5bc74d5255a1b52a755a8ab264e44da0f5,research_repository/ResultsArchive/incoming/common-protocol-structural-factorial__f31c2a6e/complete_gsm8k__q3_l2r_common_factorial_f31c2a6e_RLOO_RLOO-S16-B8-U2_seed47__RLOO_s47.json,f2ad8e257ee6c43d0c7c071e56b181b06b16813b8d17bc9069410ddfbbce256c
q3_l2r_common_factorial_f31c2a6e_RLOO_RLOO-S16-B8-U2_seed73,f31c2a6e,qwen3-1.7b-base,RLOO,73,gsm8k,2755.5,1,NVIDIA H100 80GB HBM3,0.7654166666666666,d6fe82b5b9adc33fc48e772373d7d6985b668948665e52e6887d83542572829d,research_repository/ResultsArchive/incoming/common-protocol-structural-factorial__f31c2a6e/cell_result_gsm8k__q3_l2r_common_factorial_f31c2a6e_RLOO_RLOO-S16-B8-U2_seed73__RLOO_s73.json,a7ba1f9e604af9229ccb7103005e8819450f3152c53e8672dd9e7c643f1cf8d1,research_repository/ResultsArchive/incoming/common-protocol-structural-factorial__f31c2a6e/complete_gsm8k__q3_l2r_common_factorial_f31c2a6e_RLOO_RLOO-S16-B8-U2_seed73__RLOO_s73.json,07c9e579196bb544cdafc499d4f7c27b988984b854c95a07bddadd065687e009
q3_l2r_common_factorial_f31c2a6e_RLOO_RLOO-S16-B8-U4_seed31,f31c2a6e,qwen3-1.7b-base,RLOO,31,gsm8k,3438.5,1,NVIDIA H100 80GB HBM3,0.9551388888888889,b51f49bab2794af125eb07a9fdc4365c63bfd6d7f4c060dad6c41adb6b2a152a,research_repository/ResultsArchive/incoming/common-protocol-structural-factorial__f31c2a6e/cell_result_gsm8k__q3_l2r_common_factorial_f31c2a6e_RLOO_RLOO-S16-B8-U4_seed31__RLOO_s31.json,9e246ad5536f0fb6f1b238a6d85217187dc03bf0f6f2fbe795a5f5abbd7a7a59,research_repository/ResultsArchive/incoming/common-protocol-structural-factorial__f31c2a6e/complete_gsm8k__q3_l2r_common_factorial_f31c2a6e_RLOO_RLOO-S16-B8-U4_seed31__RLOO_s31.json,090e0b317a2f0fba44b25942f7e6b1dcc3efe31ff5bb5d51fff28632162601a5
q3_l2r_common_factorial_f31c2a6e_RLOO_RLOO-S16-B8-U4_seed47,f31c2a6e,qwen3-1.7b-base,RLOO,47,gsm8k,3501.2,1,NVIDIA H100 80GB HBM3,0.9725555555555555,8e6ecfe5c8c0b13112da43cbb86982d79804dc70f945979388ff07bee3a4ecaf,research_repository/ResultsArchive/incoming/common-protocol-structural-factorial__f31c2a6e/cell_result_gsm8k__q3_l2r_common_factorial_f31c2a6e_RLOO_RLOO-S16-B8-U4_seed47__RLOO_s47.json,1d47984de2601aa2fda108e2a49f79df1fe8ef7955ef85ffee4fcc51f636590a,research_repository/ResultsArchive/incoming/common-protocol-structural-factorial__f31c2a6e/complete_gsm8k__q3_l2r_common_factorial_f31c2a6e_RLOO_RLOO-S16-B8-U4_seed47__RLOO_s47.json,aa3cc63c67151311c7441a06d716da5e41fb9eff109fbc1fef908c20b116b520
q3_l2r_common_factorial_f31c2a6e_RLOO_RLOO-S16-B8-U4_seed73,f31c2a6e,qwen3-1.7b-base,RLOO,73,gsm8k,3116.8,1,NVIDIA H100 80GB HBM3,0.8657777777777779,48d407295f503f197be6fbba56e8a5a5b9b6db34db92142ea569caf001c35d72,research_repository/ResultsArchive/incoming/common-protocol-structural-factorial__f31c2a6e/cell_result_gsm8k__q3_l2r_common_factorial_f31c2a6e_RLOO_RLOO-S16-B8-U4_seed73__RLOO_s73.json,ed5e8d3bedc935e133e2eaf10aa62093ad51c1e14941ebaf747bc25a1c5b87bc,research_repository/ResultsArchive/incoming/common-protocol-structural-factorial__f31c2a6e/complete_gsm8k__q3_l2r_common_factorial_f31c2a6e_RLOO_RLOO-S16-B8-U4_seed73__RLOO_s73.json,293a793b7518b86daa76e88917308e3de53e1b9000523351e1221967fc03d011
q3_l2r_common_factorial_f31c2a6e_RLOO_RLOO-S32-B16-U1_seed31,f31c2a6e,qwen3-1.7b-base,RLOO,31,gsm8k,7590.8,1,NVIDIA H100 80GB HBM3,2.1085555555555557,8fcd9c0a0071cd043f0f1601cce97933499ce6a278bb8e147660635f51436dc6,research_repository/ResultsArchive/incoming/common-protocol-structural-factorial__f31c2a6e/cell_result_gsm8k__q3_l2r_common_factorial_f31c2a6e_RLOO_RLOO-S32-B16-U1_seed31__RLOO_s31.json,a2c10ea425dc0fecaf230862f81103308e0a528d589a8abdb913eb006f10cb26,research_repository/ResultsArchive/incoming/common-protocol-structural-factorial__f31c2a6e/complete_gsm8k__q3_l2r_common_factorial_f31c2a6e_RLOO_RLOO-S32-B16-U1_seed31__RLOO_s31.json,976ee1c87b78c8e0918db0bbd393aedf375865ec64b34aa7b85d0070f210e38e
q3_l2r_common_factorial_f31c2a6e_RLOO_RLOO-S32-B16-U1_seed47,f31c2a6e,qwen3-1.7b-base,RLOO,47,gsm8k,7553.6,1,NVIDIA H100 80GB HBM3,2.098222222222222,a0f98148f035084449920ffbe862cb70fe5432218ff3ae896798dd29f9307293,research_repository/ResultsArchive/incoming/common-protocol-structural-factorial__f31c2a6e/cell_result_gsm8k__q3_l2r_common_factorial_f31c2a6e_RLOO_RLOO-S32-B16-U1_seed47__RLOO_s47.json,3857b1bb115c89b9abd6fab6dbacb86b473edcd1df6a0e4a7fa86b86f0fb528e,research_repository/ResultsArchive/incoming/common-protocol-structural-factorial__f31c2a6e/complete_gsm8k__q3_l2r_common_factorial_f31c2a6e_RLOO_RLOO-S32-B16-U1_seed47__RLOO_s47.json,9365448b860079421275124d35076a436e8b96d6955b1b0a81557ed2ec56eab1
q3_l2r_common_factorial_f31c2a6e_RLOO_RLOO-S32-B16-U1_seed73,f31c2a6e,qwen3-1.7b-base,RLOO,73,gsm8k,6988.3,1,NVIDIA H100 80GB HBM3,1.9411944444444444,219424ab58623526ef4bdd7a66cd78c9e683a3ca13ab463a74ee95aa335ed642,research_repository/ResultsArchive/incoming/common-protocol-structural-factorial__f31c2a6e/cell_result_gsm8k__q3_l2r_common_factorial_f31c2a6e_RLOO_RLOO-S32-B16-U1_seed73__RLOO_s73.json,8dc1a04f984adec80431cebc50225e9ade73c1067e82c8c0e19e2ae6e7bb1380,research_repository/ResultsArchive/incoming/common-protocol-structural-factorial__f31c2a6e/complete_gsm8k__q3_l2r_common_factorial_f31c2a6e_RLOO_RLOO-S32-B16-U1_seed73__RLOO_s73.json,2c9260b82854e131b2af7791373386cf2f4e0c9879f52a7f488835fde029e5c8
q3_l2r_common_factorial_f31c2a6e_RLOO_RLOO-S32-B16-U2_seed31,f31c2a6e,qwen3-1.7b-base,RLOO,31,gsm8k,8127.9,1,NVIDIA H100 80GB HBM3,2.2577499999999997,af0d2179afa0541463e5a11e9ce34e7d3db251d3a8b046ca911f008a7c61a9b7,research_repository/ResultsArchive/incoming/common-protocol-structural-factorial__f31c2a6e/cell_result_gsm8k__q3_l2r_common_factorial_f31c2a6e_RLOO_RLOO-S32-B16-U2_seed31__RLOO_s31.json,56180846ada2bce1c407f70ac340762ffdde3e13216428b83f152391a94f516f,research_repository/ResultsArchive/incoming/common-protocol-structural-factorial__f31c2a6e/complete_gsm8k__q3_l2r_common_factorial_f31c2a6e_RLOO_RLOO-S32-B16-U2_seed31__RLOO_s31.json,e66c4e603a7469a042b93f425fabd8924bf20e6bdad52b44dade2ff6318d4c6b
q3_l2r_common_factorial_f31c2a6e_RLOO_RLOO-S32-B16-U2_seed47,f31c2a6e,qwen3-1.7b-base,RLOO,47,gsm8k,8176.9,1,NVIDIA H100 80GB HBM3,2.271361111111111,e75bc806c6476e4fe892c2ea2a0ff5bfe4b9b1159d4556aebd475939fbeb3c4d,research_repository/ResultsArchive/incoming/common-protocol-structural-factorial__f31c2a6e/cell_result_gsm8k__q3_l2r_common_factorial_f31c2a6e_RLOO_RLOO-S32-B16-U2_seed47__RLOO_s47.json,97c2582abc7ac8b5b34370097914c57919d9ca272e1cc357cc12edd2f3bfd22c,research_repository/ResultsArchive/incoming/common-protocol-structural-factorial__f31c2a6e/complete_gsm8k__q3_l2r_common_factorial_f31c2a6e_RLOO_RLOO-S32-B16-U2_seed47__RLOO_s47.json,e9f7321afc84740ed95d5aa588aefc9d532037ee5abf9f310cf5623101fb0d9a
q3_l2r_common_factorial_f31c2a6e_RLOO_RLOO-S32-B16-U2_seed73,f31c2a6e,qwen3-1.7b-base,RLOO,73,gsm8k,7746.5,1,NVIDIA H100 80GB HBM3,2.1518055555555557,bfb3d1243de5606ec1519029596f358458ce7a93c59c35f2beccada4f1f8e7d8,research_repository/ResultsArchive/incoming/common-protocol-structural-factorial__f31c2a6e/cell_result_gsm8k__q3_l2r_common_factorial_f31c2a6e_RLOO_RLOO-S32-B16-U2_seed73__RLOO_s73.json,f7138d9c6e8822cfbd1976ab91f6cd6884b50c15d5c9e7eb4f7b79557a7dc497,research_repository/ResultsArchive/incoming/common-protocol-structural-factorial__f31c2a6e/complete_gsm8k__q3_l2r_common_factorial_f31c2a6e_RLOO_RLOO-S32-B16-U2_seed73__RLOO_s73.json,d2fe47f8beb1a8c38068be7522443a555fdceb154bd362f89313b2a1c1744a96
q3_l2r_common_factorial_f31c2a6e_RLOO_RLOO-S32-B16-U4_seed31,f31c2a6e,qwen3-1.7b-base,RLOO,31,gsm8k,9993.5,1,NVIDIA H100 80GB HBM3,2.7759722222222223,535a9e3b1fefba3fe3c9a9079fbd8863f2d404b6c329304d2666bc006e95161a,research_repository/ResultsArchive/incoming/common-protocol-structural-factorial__f31c2a6e/cell_result_gsm8k__q3_l2r_common_factorial_f31c2a6e_RLOO_RLOO-S32-B16-U4_seed31__RLOO_s31.json,2251077cd57bf4647a7e0f4bbc4c5a6f41f7f0d29273112d64dd4ac14418d10f,research_repository/ResultsArchive/incoming/common-protocol-structural-factorial__f31c2a6e/complete_gsm8k__q3_l2r_common_factorial_f31c2a6e_RLOO_RLOO-S32-B16-U4_seed31__RLOO_s31.json,cac77402d34f37322391aa3cd9a55baba2df0d010c7f24bcbfc0fc2205137fbd
q3_l2r_common_factorial_f31c2a6e_RLOO_RLOO-S32-B16-U4_seed47,f31c2a6e,qwen3-1.7b-base,RLOO,47,gsm8k,10298.3,1,NVIDIA H100 80GB HBM3,2.8606388888888885,a64cdeeea2713e8f0baace60ce7cdafdc5abc7f9824b4e1761f859a978d9cdc1,research_repository/ResultsArchive/incoming/common-protocol-structural-factorial__f31c2a6e/cell_result_gsm8k__q3_l2r_common_factorial_f31c2a6e_RLOO_RLOO-S32-B16-U4_seed47__RLOO_s47.json,c45e2ffb2c7d8c92d1829b61392729eb5297776a6fb9475b51ecdb85ab51510a,research_repository/ResultsArchive/incoming/common-protocol-structural-factorial__f31c2a6e/complete_gsm8k__q3_l2r_common_factorial_f31c2a6e_RLOO_RLOO-S32-B16-U4_seed47__RLOO_s47.json,c595059df5a111d35420d4575fc19580208c53e4d6aa206306c0a055647d0198
q3_l2r_common_factorial_f31c2a6e_RLOO_RLOO-S32-B16-U4_seed73,f31c2a6e,qwen3-1.7b-base,RLOO,73,gsm8k,9568.2,1,NVIDIA H100 80GB HBM3,2.6578333333333335,d5babd91c40c45e6b3386da21c5637fbeb541d19a098a817b3508174b254ed79,research_repository/ResultsArchive/incoming/common-protocol-structural-factorial__f31c2a6e/cell_result_gsm8k__q3_l2r_common_factorial_f31c2a6e_RLOO_RLOO-S32-B16-U4_seed73__RLOO_s73.json,70d5caa1fb86d55673339b9d802f8cee26e8547861c1072cd7f03cf4d3c3df84,research_repository/ResultsArchive/incoming/common-protocol-structural-factorial__f31c2a6e/complete_gsm8k__q3_l2r_common_factorial_f31c2a6e_RLOO_RLOO-S32-B16-U4_seed73__RLOO_s73.json,fbb3040793a63b9b64ad7dc66c52c8c06b92f024495832fdf491e2d8e43334a4
q3_l2r_common_factorial_f31c2a6e_RLOO_RLOO-S32-B4-U1_seed31,f31c2a6e,qwen3-1.7b-base,RLOO,31,gsm8k,2745.6,1,NVIDIA H100 80GB HBM3,0.7626666666666666,ac2ff5d7cac04df0da25f1207846fad927298d0003bd888187736f8313a9d006,research_repository/ResultsArchive/incoming/common-protocol-structural-factorial__f31c2a6e/cell_result_gsm8k__q3_l2r_common_factorial_f31c2a6e_RLOO_RLOO-S32-B4-U1_seed31__RLOO_s31.json,66031666805641327d5d14ee9e2b8d6c59fdca945b84197a2859ff898bb50f7f,research_repository/ResultsArchive/incoming/common-protocol-structural-factorial__f31c2a6e/complete_gsm8k__q3_l2r_common_factorial_f31c2a6e_RLOO_RLOO-S32-B4-U1_seed31__RLOO_s31.json,a762cf0f2b6873408fe6b8d5c0725d8b241d92fe577813d3e0ea16c3532826d4
q3_l2r_common_factorial_f31c2a6e_RLOO_RLOO-S32-B4-U1_seed47,f31c2a6e,qwen3-1.7b-base,RLOO,47,gsm8k,2762.8,1,NVIDIA H100 80GB HBM3,0.7674444444444445,079d810410ed331dbee900a00b366bf458b6a9da4d7ed8286437089ee44ccd91,research_repository/ResultsArchive/incoming/common-protocol-structural-factorial__f31c2a6e/cell_result_gsm8k__q3_l2r_common_factorial_f31c2a6e_RLOO_RLOO-S32-B4-U1_seed47__RLOO_s47.json,09e66d7820fe6ade9e2a704cb44dede6897603b331106b96b6cddbaa3546ab33,research_repository/ResultsArchive/incoming/common-protocol-structural-factorial__f31c2a6e/complete_gsm8k__q3_l2r_common_factorial_f31c2a6e_RLOO_RLOO-S32-B4-U1_seed47__RLOO_s47.json,a3f19b910cabc4d2e93a92c252a80070d941fcfe074ba26fbd5727c441b3d261
q3_l2r_common_factorial_f31c2a6e_RLOO_RLOO-S32-B4-U1_seed73,f31c2a6e,qwen3-1.7b-base,RLOO,73,gsm8k,2741.7,1,NVIDIA H100 80GB HBM3,0.7615833333333333,08e82399493095f7850d05f9d7fab71fe7422d062b3da5d570e71680cdc5b043,research_repository/ResultsArchive/incoming/common-protocol-structural-factorial__f31c2a6e/cell_result_gsm8k__q3_l2r_common_factorial_f31c2a6e_RLOO_RLOO-S32-B4-U1_seed73__RLOO_s73.json,d02c5a4463628e6d079661f47df0530391b3966523d374ff7e06a24f11a1ae5b,research_repository/ResultsArchive/incoming/common-protocol-structural-factorial__f31c2a6e/complete_gsm8k__q3_l2r_common_factorial_f31c2a6e_RLOO_RLOO-S32-B4-U1_seed73__RLOO_s73.json,9cb083b0f23baa95a92b4dc551af474f622b177a225d207a3eca36e168496fec
q3_l2r_common_factorial_f31c2a6e_RLOO_RLOO-S32-B4-U2_seed31,f31c2a6e,qwen3-1.7b-base,RLOO,31,gsm8k,2781.1,1,NVIDIA H100 80GB HBM3,0.7725277777777777,a4690a9a7617aa1fe44be96a1dc24730dcdf3187edccb9cbff985f543056b2e7,research_repository/ResultsArchive/incoming/common-protocol-structural-factorial__f31c2a6e/cell_result_gsm8k__q3_l2r_common_factorial_f31c2a6e_RLOO_RLOO-S32-B4-U2_seed31__RLOO_s31.json,d85309df56e39c0bab6869f8be23628a243ea4995c3ac09486a798103359290c,research_repository/ResultsArchive/incoming/common-protocol-structural-factorial__f31c2a6e/complete_gsm8k__q3_l2r_common_factorial_f31c2a6e_RLOO_RLOO-S32-B4-U2_seed31__RLOO_s31.json,08a38ca44ce84b4c87b93a592297e3e98b2b65fb7477b0210758df69c79fe177
q3_l2r_common_factorial_f31c2a6e_RLOO_RLOO-S32-B4-U2_seed47,f31c2a6e,qwen3-1.7b-base,RLOO,47,gsm8k,2968.8,1,NVIDIA H100 80GB HBM3,0.8246666666666668,16bd3e691bd67359d90c06995846a54df14e62408e761aa0f2a82548e5d3cf7d,research_repository/ResultsArchive/incoming/common-protocol-structural-factorial__f31c2a6e/cell_result_gsm8k__q3_l2r_common_factorial_f31c2a6e_RLOO_RLOO-S32-B4-U2_seed47__RLOO_s47.json,de1add5c8c1b7486f2d06851db44367d48b78472860bdece00d88ff299237d14,research_repository/ResultsArchive/incoming/common-protocol-structural-factorial__f31c2a6e/complete_gsm8k__q3_l2r_common_factorial_f31c2a6e_RLOO_RLOO-S32-B4-U2_seed47__RLOO_s47.json,0d6d15e82f068752f613f469bd71e83e03319cb3483d56afec12965ef6d48a35
q3_l2r_common_factorial_f31c2a6e_RLOO_RLOO-S32-B4-U2_seed73,f31c2a6e,qwen3-1.7b-base,RLOO,73,gsm8k,2825.5,1,NVIDIA H100 80GB HBM3,0.7848611111111111,c34f634fe21688c018975000104f56f5ee621a95f194439df9ce5610b65e0ee2,research_repository/ResultsArchive/incoming/common-protocol-structural-factorial__f31c2a6e/cell_result_gsm8k__q3_l2r_common_factorial_f31c2a6e_RLOO_RLOO-S32-B4-U2_seed73__RLOO_s73.json,8f5baf82d00ab8927c9edf47aeb06764f729b9e5c675ed4df7211c2a25ac2455,research_repository/ResultsArchive/incoming/common-protocol-structural-factorial__f31c2a6e/complete_gsm8k__q3_l2r_common_factorial_f31c2a6e_RLOO_RLOO-S32-B4-U2_seed73__RLOO_s73.json,338a112e1cfdb17cc16acbebdde1fb20dc7139bf32dd98fb7d26c1aa661fdc47
q3_l2r_common_factorial_f31c2a6e_RLOO_RLOO-S32-B4-U4_seed31,f31c2a6e,qwen3-1.7b-base,RLOO,31,gsm8k,3244.8,1,NVIDIA H100 80GB HBM3,0.9013333333333334,bdbcf7c39d9035705534e33ff3a52b2f0779b617f1d435deb91f78ac9eb89289,research_repository/ResultsArchive/incoming/common-protocol-structural-factorial__f31c2a6e/cell_result_gsm8k__q3_l2r_common_factorial_f31c2a6e_RLOO_RLOO-S32-B4-U4_seed31__RLOO_s31.json,31e840554c944ab5af880a6f07ccdce8e7e7d8ac6c4bc5411ac294ec8c1b384e,research_repository/ResultsArchive/incoming/common-protocol-structural-factorial__f31c2a6e/complete_gsm8k__q3_l2r_common_factorial_f31c2a6e_RLOO_RLOO-S32-B4-U4_seed31__RLOO_s31.json,ed8c80e123b1d58635bff5c66524d63cf449f086189714fd1c8503b3a383ad9b
q3_l2r_common_factorial_f31c2a6e_RLOO_RLOO-S32-B4-U4_seed47,f31c2a6e,qwen3-1.7b-base,RLOO,47,gsm8k,3385.4,1,NVIDIA H100 80GB HBM3,0.9403888888888889,00992ae0def979b6e498070335dc11e12d1c7350998221b208566a64fdf6f54b,research_repository/ResultsArchive/incoming/common-protocol-structural-factorial__f31c2a6e/cell_result_gsm8k__q3_l2r_common_factorial_f31c2a6e_RLOO_RLOO-S32-B4-U4_seed47__RLOO_s47.json,49e0308bc30e5c2036bab123952fafd7ab65de93f93d86ed80e9559187f497c7,research_repository/ResultsArchive/incoming/common-protocol-structural-factorial__f31c2a6e/complete_gsm8k__q3_l2r_common_factorial_f31c2a6e_RLOO_RLOO-S32-B4-U4_seed47__RLOO_s47.json,d5180d27aee875e14505fdb015c32923ca611388888a3e718850b2be1456d90b
q3_l2r_common_factorial_f31c2a6e_RLOO_RLOO-S32-B4-U4_seed73,f31c2a6e,qwen3-1.7b-base,RLOO,73,gsm8k,3088.4,1,NVIDIA H100 80GB HBM3,0.8578888888888889,4cb2c87d6bc03496281bc6b079e308b69c742e4a0128f0a214164d00932979ad,research_repository/ResultsArchive/incoming/common-protocol-structural-factorial__f31c2a6e/cell_result_gsm8k__q3_l2r_common_factorial_f31c2a6e_RLOO_RLOO-S32-B4-U4_seed73__RLOO_s73.json,622d52b27778c425f6f269777ffea5f66c87495b3e7791bc89636802b7272cde,research_repository/ResultsArchive/incoming/common-protocol-structural-factorial__f31c2a6e/complete_gsm8k__q3_l2r_common_factorial_f31c2a6e_RLOO_RLOO-S32-B4-U4_seed73__RLOO_s73.json,a2c0562dd17a8071172d842ea9f44680f145d8b55193d0fb13cd13ff32102187
q3_l2r_common_factorial_f31c2a6e_RLOO_RLOO-S32-B8-U1_seed31,f31c2a6e,qwen3-1.7b-base,RLOO,31,gsm8k,4288.4,1,NVIDIA H100 80GB HBM3,1.1912222222222222,dbf121025c5b7af13405293cd93c97733872298d296fb3586e17a06f8fe05fb5,research_repository/ResultsArchive/incoming/common-protocol-structural-factorial__f31c2a6e/cell_result_gsm8k__q3_l2r_common_factorial_f31c2a6e_RLOO_RLOO-S32-B8-U1_seed31__RLOO_s31.json,04e118f6617d1e50d5ac1dae2df36230b080161ae2e3640cd539d3f6cf148dd2,research_repository/ResultsArchive/incoming/common-protocol-structural-factorial__f31c2a6e/complete_gsm8k__q3_l2r_common_factorial_f31c2a6e_RLOO_RLOO-S32-B8-U1_seed31__RLOO_s31.json,69ab40237d5bcaeafc4e286e17ab4689c0be4e2057d61deb5a67a2034ca29b38
q3_l2r_common_factorial_f31c2a6e_RLOO_RLOO-S32-B8-U1_seed47,f31c2a6e,qwen3-1.7b-base,RLOO,47,gsm8k,4428.4,1,NVIDIA H100 80GB HBM3,1.230111111111111,94b282bf37e70080de2aa983d91a44ea7c4a4544dca08da852a41a0dca4e8a9b,research_repository/ResultsArchive/incoming/common-protocol-structural-factorial__f31c2a6e/cell_result_gsm8k__q3_l2r_common_factorial_f31c2a6e_RLOO_RLOO-S32-B8-U1_seed47__RLOO_s47.json,d06cc6b479bef7b37ad870f4d9c2ba2ef2dbeeb02749075646803a072d646c45,research_repository/ResultsArchive/incoming/common-protocol-structural-factorial__f31c2a6e/complete_gsm8k__q3_l2r_common_factorial_f31c2a6e_RLOO_RLOO-S32-B8-U1_seed47__RLOO_s47.json,8ebfad4806d125c5ad7f86be9c332cc5f8376cb3e3fa155bb76af1be39516170
q3_l2r_common_factorial_f31c2a6e_RLOO_RLOO-S32-B8-U1_seed73,f31c2a6e,qwen3-1.7b-base,RLOO,73,gsm8k,4073.1,1,NVIDIA H100 80GB HBM3,1.1314166666666667,7740c2028fa5e16f00b05187f9a002646fad335d1e2d0681413c3f297a63c1f1,research_repository/ResultsArchive/incoming/common-protocol-structural-factorial__f31c2a6e/cell_result_gsm8k__q3_l2r_common_factorial_f31c2a6e_RLOO_RLOO-S32-B8-U1_seed73__RLOO_s73.json,d211d166f23319772c905efa09673a1188cbce9c021580d1078f278163630957,research_repository/ResultsArchive/incoming/common-protocol-structural-factorial__f31c2a6e/complete_gsm8k__q3_l2r_common_factorial_f31c2a6e_RLOO_RLOO-S32-B8-U1_seed73__RLOO_s73.json,c4b808795202d22b4df089d4004657daa6a3ab70b8971084cc19785dc83aba6b
q3_l2r_common_factorial_f31c2a6e_RLOO_RLOO-S32-B8-U2_seed31,f31c2a6e,qwen3-1.7b-base,RLOO,31,gsm8k,4721.0,1,NVIDIA H100 80GB HBM3,1.311388888888889,579b843bed8ad4fca69e7c066c68b9fc9d08b5ac2445362cc9ecf6a1477d09d4,research_repository/ResultsArchive/incoming/common-protocol-structural-factorial__f31c2a6e/cell_result_gsm8k__q3_l2r_common_factorial_f31c2a6e_RLOO_RLOO-S32-B8-U2_seed31__RLOO_s31.json,e701ff24d0d171cb0b4c5fe7745bb42e3178ca2c4940be98859ead3b3db147a3,research_repository/ResultsArchive/incoming/common-protocol-structural-factorial__f31c2a6e/complete_gsm8k__q3_l2r_common_factorial_f31c2a6e_RLOO_RLOO-S32-B8-U2_seed31__RLOO_s31.json,7cf3d451387393769b3b718c8ba5f3dc8f65953ca34b35a0b883fc75f441ae3e
q3_l2r_common_factorial_f31c2a6e_RLOO_RLOO-S32-B8-U2_seed47,f31c2a6e,qwen3-1.7b-base,RLOO,47,gsm8k,4635.3,1,NVIDIA H100 80GB HBM3,1.2875833333333333,bc38005d1708dd286b88e692ec4287ef7e10318736b28ea519467c3d956dab78,research_repository/ResultsArchive/incoming/common-protocol-structural-factorial__f31c2a6e/cell_result_gsm8k__q3_l2r_common_factorial_f31c2a6e_RLOO_RLOO-S32-B8-U2_seed47__RLOO_s47.json,a12f1114dea5d227a8d9368264471ff54678d9f0411d9a489954e1e0ab1e03f5,research_repository/ResultsArchive/incoming/common-protocol-structural-factorial__f31c2a6e/complete_gsm8k__q3_l2r_common_factorial_f31c2a6e_RLOO_RLOO-S32-B8-U2_seed47__RLOO_s47.json,66abc16c02368207eb342b76fc03fcc240e3edb824172ff72938040ebd6ebff6
q3_l2r_common_factorial_f31c2a6e_RLOO_RLOO-S32-B8-U2_seed73,f31c2a6e,qwen3-1.7b-base,RLOO,73,gsm8k,4578.8,1,NVIDIA H100 80GB HBM3,1.2718888888888888,4ea0695b62c592d7c439194f6fa1479e84e28791b3c0029d6796afe66996ab85,research_repository/ResultsArchive/incoming/common-protocol-structural-factorial__f31c2a6e/cell_result_gsm8k__q3_l2r_common_factorial_f31c2a6e_RLOO_RLOO-S32-B8-U2_seed73__RLOO_s73.json,707ac74ca87582f6611845d3e8fedabf73547ba458d1a594aad4e05eb334f0d7,research_repository/ResultsArchive/incoming/common-protocol-structural-factorial__f31c2a6e/complete_gsm8k__q3_l2r_common_factorial_f31c2a6e_RLOO_RLOO-S32-B8-U2_seed73__RLOO_s73.json,fab63a99481a48412bf511f675566a5a6d8277dc6fea9c35c1bbcb9db9a42c02
q3_l2r_common_factorial_f31c2a6e_RLOO_RLOO-S32-B8-U4_seed31,f31c2a6e,qwen3-1.7b-base,RLOO,31,gsm8k,5390.8,1,NVIDIA H100 80GB HBM3,1.4974444444444446,fd1f8e3c591d667a1f3e86b73d7b6aa8f08cad2047719fa02dab6fb04d378849,research_repository/ResultsArchive/incoming/common-protocol-structural-factorial__f31c2a6e/cell_result_gsm8k__q3_l2r_common_factorial_f31c2a6e_RLOO_RLOO-S32-B8-U4_seed31__RLOO_s31.json,5c28609a61ab12a927cd66a9757de56bc9c069581b4826b734eb6d6841ffa71c,research_repository/ResultsArchive/incoming/common-protocol-structural-factorial__f31c2a6e/complete_gsm8k__q3_l2r_common_factorial_f31c2a6e_RLOO_RLOO-S32-B8-U4_seed31__RLOO_s31.json,9dbf04bae1562ea621b7c0e9f41d64c9f0bc8ecaa5e095c0faee2d630d8ebc01
q3_l2r_common_factorial_f31c2a6e_RLOO_RLOO-S32-B8-U4_seed47,f31c2a6e,qwen3-1.7b-base,RLOO,47,gsm8k,5570.1,1,NVIDIA H100 80GB HBM3,1.54725,332cb88ff317a31d7bff5d9cad541ea398fe0002db6252f5cb58b40446c226a4,research_repository/ResultsArchive/incoming/common-protocol-structural-factorial__f31c2a6e/cell_result_gsm8k__q3_l2r_common_factorial_f31c2a6e_RLOO_RLOO-S32-B8-U4_seed47__RLOO_s47.json,84100b8510cf0433c75083fe89ffd1f892228079ad6008b0597f28fdde69547b,research_repository/ResultsArchive/incoming/common-protocol-structural-factorial__f31c2a6e/complete_gsm8k__q3_l2r_common_factorial_f31c2a6e_RLOO_RLOO-S32-B8-U4_seed47__RLOO_s47.json,2f82b02329dee621c396a2ee133a8c269f201d5b3b12b3ddd9e3b9f034e60b05
q3_l2r_common_factorial_f31c2a6e_RLOO_RLOO-S32-B8-U4_seed73,f31c2a6e,qwen3-1.7b-base,RLOO,73,gsm8k,4897.1,1,NVIDIA H100 80GB HBM3,1.3603055555555557,7bfdd9db88d759aaa10b8c71f9fcaab1039bbecce0cd79eeb16818ffd974764e,research_repository/ResultsArchive/incoming/common-protocol-structural-factorial__f31c2a6e/cell_result_gsm8k__q3_l2r_common_factorial_f31c2a6e_RLOO_RLOO-S32-B8-U4_seed73__RLOO_s73.json,ebfc8cd9f7d9afdf68c5dfdb67987035b7fd76659405329d95e9c5ddb0d5f56e,research_repository/ResultsArchive/incoming/common-protocol-structural-factorial__f31c2a6e/complete_gsm8k__q3_l2r_common_factorial_f31c2a6e_RLOO_RLOO-S32-B8-U4_seed73__RLOO_s73.json,d9e6ecdff8d7106e7629ef8425c77917cca5c3be2deb02dec3b208a0b487eb43
q3_l2r_common_factorial_f31c2a6e_RLOO_RLOO-S8-B16-U1_seed31,f31c2a6e,qwen3-1.7b-base,RLOO,31,gsm8k,3294.3,1,NVIDIA H100 80GB HBM3,0.9150833333333334,601328932d4d9cfa82790d658c9ed621b74ee48ebdc1aefdb978797fd10eb61a,research_repository/ResultsArchive/incoming/common-protocol-structural-factorial__f31c2a6e/cell_result_gsm8k__q3_l2r_common_factorial_f31c2a6e_RLOO_RLOO-S8-B16-U1_seed31__RLOO_s31.json,48380ed840d78bd6115c2282f1094fd86e840b9f40f314d919422d20c3eb4771,research_repository/ResultsArchive/incoming/common-protocol-structural-factorial__f31c2a6e/complete_gsm8k__q3_l2r_common_factorial_f31c2a6e_RLOO_RLOO-S8-B16-U1_seed31__RLOO_s31.json,7ac7b7052080b9ee1c181b277e417eb6e8774ad0c944b8bb45ae7966d6a210b7
q3_l2r_common_factorial_f31c2a6e_RLOO_RLOO-S8-B16-U1_seed47,f31c2a6e,qwen3-1.7b-base,RLOO,47,gsm8k,3059.0,1,NVIDIA H100 80GB HBM3,0.8497222222222223,885d5a6290ed6cabe02720e7fd30125944387208ee484a3cd75613a96b36796e,research_repository/ResultsArchive/incoming/common-protocol-structural-factorial__f31c2a6e/cell_result_gsm8k__q3_l2r_common_factorial_f31c2a6e_RLOO_RLOO-S8-B16-U1_seed47__RLOO_s47.json,8bd971c898cb847f7f288d7c28ff7b9b9ab03e3a6d7bf67093a48d38731678c7,research_repository/ResultsArchive/incoming/common-protocol-structural-factorial__f31c2a6e/complete_gsm8k__q3_l2r_common_factorial_f31c2a6e_RLOO_RLOO-S8-B16-U1_seed47__RLOO_s47.json,af2d8ae5895f8dd49c0704e5613ac1ab61728aa2004e5f4411f82bbcfae2f03c
q3_l2r_common_factorial_f31c2a6e_RLOO_RLOO-S8-B16-U1_seed73,f31c2a6e,qwen3-1.7b-base,RLOO,73,gsm8k,2794.8,1,NVIDIA H100 80GB HBM3,0.7763333333333334,31a02b3e4336510a698e284ef53f2354ad5ad1bcb8b92a7b1e7d4111f15e97a2,research_repository/ResultsArchive/incoming/common-protocol-structural-factorial__f31c2a6e/cell_result_gsm8k__q3_l2r_common_factorial_f31c2a6e_RLOO_RLOO-S8-B16-U1_seed73__RLOO_s73.json,a76ab4f2458f47997265bc6d4cf3e604287dc25f1ec340b31a4d81382bc697c9,research_repository/ResultsArchive/incoming/common-protocol-structural-factorial__f31c2a6e/complete_gsm8k__q3_l2r_common_factorial_f31c2a6e_RLOO_RLOO-S8-B16-U1_seed73__RLOO_s73.json,c31f00553027a4c4cf034c3e3d4ac8db1b69d8b011ab51a956b1cbecee35e3d0
q3_l2r_common_factorial_f31c2a6e_RLOO_RLOO-S8-B16-U2_seed31,f31c2a6e,qwen3-1.7b-base,RLOO,31,gsm8k,3130.5,1,NVIDIA H100 80GB HBM3,0.8695833333333334,5b68566c36acd6c94f765e94dc6a8767e20492f412f09fe4f088b48ebdc5a1a7,research_repository/ResultsArchive/incoming/common-protocol-structural-factorial__f31c2a6e/cell_result_gsm8k__q3_l2r_common_factorial_f31c2a6e_RLOO_RLOO-S8-B16-U2_seed31__RLOO_s31.json,e5fdde8d9cc31de5252b08965f145a91e8c7754f80e4bfefc69c0104ae6dfbdd,research_repository/ResultsArchive/incoming/common-protocol-structural-factorial__f31c2a6e/complete_gsm8k__q3_l2r_common_factorial_f31c2a6e_RLOO_RLOO-S8-B16-U2_seed31__RLOO_s31.json,8ffe33eaa0efd30833d240e449484e06492515a9da8740d96620b371aea92f38
q3_l2r_common_factorial_f31c2a6e_RLOO_RLOO-S8-B16-U2_seed47,f31c2a6e,qwen3-1.7b-base,RLOO,47,gsm8k,3156.3,1,NVIDIA H100 80GB HBM3,0.87675,13001eee06c1450bc81853d5704402b32bccd9ecb854672499d5d2f976aaf83e,research_repository/ResultsArchive/incoming/common-protocol-structural-factorial__f31c2a6e/cell_result_gsm8k__q3_l2r_common_factorial_f31c2a6e_RLOO_RLOO-S8-B16-U2_seed47__RLOO_s47.json,0e8858d9ed314114b851b985cb87bdd69aaf1d4c1cf8b34ee7d1765be24a0a4f,research_repository/ResultsArchive/incoming/common-protocol-structural-factorial__f31c2a6e/complete_gsm8k__q3_l2r_common_factorial_f31c2a6e_RLOO_RLOO-S8-B16-U2_seed47__RLOO_s47.json,f5a5e83cccfb6c157845fd69af019ded1ddc59b0cdcd935342aafcf7d79b13fc
q3_l2r_common_factorial_f31c2a6e_RLOO_RLOO-S8-B16-U2_seed73,f31c2a6e,qwen3-1.7b-base,RLOO,73,gsm8k,2963.7,1,NVIDIA H100 80GB HBM3,0.8232499999999999,8d2fb26787668a2abacd579d6b33d2772be341f60ca61ee6bb4d47b6030d7c9c,research_repository/ResultsArchive/incoming/common-protocol-structural-factorial__f31c2a6e/cell_result_gsm8k__q3_l2r_common_factorial_f31c2a6e_RLOO_RLOO-S8-B16-U2_seed73__RLOO_s73.json,05ebfcc95813d65c5153386ef4c4ca5fbbabe00e232c3bbde42fa5b1688ebec3,research_repository/ResultsArchive/incoming/common-protocol-structural-factorial__f31c2a6e/complete_gsm8k__q3_l2r_common_factorial_f31c2a6e_RLOO_RLOO-S8-B16-U2_seed73__RLOO_s73.json,d81a237891b13432b2d4c2916b78e0ca0836e4d34c9f50f4247cfafbaea31323
q3_l2r_common_factorial_f31c2a6e_RLOO_RLOO-S8-B16-U4_seed31,f31c2a6e,qwen3-1.7b-base,RLOO,31,gsm8k,3399.3,1,NVIDIA H100 80GB HBM3,0.94425,382ca08a2faab12124d040d4f548d387299e2ad7e5f007dba0aeb33120e1f694,research_repository/ResultsArchive/incoming/common-protocol-structural-factorial__f31c2a6e/cell_result_gsm8k__q3_l2r_common_factorial_f31c2a6e_RLOO_RLOO-S8-B16-U4_seed31__RLOO_s31.json,66cccf5eaa18aa35933bd1539e84c089c62cc70105adbf7d2fc51a298e08ccc8,research_repository/ResultsArchive/incoming/common-protocol-structural-factorial__f31c2a6e/complete_gsm8k__q3_l2r_common_factorial_f31c2a6e_RLOO_RLOO-S8-B16-U4_seed31__RLOO_s31.json,2ee07bf99bffa21914078cc64df43dd98e2c404eb1542d70aa5623790c3e34d4
q3_l2r_common_factorial_f31c2a6e_RLOO_RLOO-S8-B16-U4_seed47,f31c2a6e,qwen3-1.7b-base,RLOO,47,gsm8k,3518.9,1,NVIDIA H100 80GB HBM3,0.9774722222222223,3a13c6077f98b3002c9dd5e47b09334372c11ab93b1e57916fca06d05932320c,research_repository/ResultsArchive/incoming/common-protocol-structural-factorial__f31c2a6e/cell_result_gsm8k__q3_l2r_common_factorial_f31c2a6e_RLOO_RLOO-S8-B16-U4_seed47__RLOO_s47.json,dd7d486bad92edbaa57cb44baf6bad95e46fdd980439288468a5881778e90984,research_repository/ResultsArchive/incoming/common-protocol-structural-factorial__f31c2a6e/complete_gsm8k__q3_l2r_common_factorial_f31c2a6e_RLOO_RLOO-S8-B16-U4_seed47__RLOO_s47.json,036702960ad74b1696076022948b61c54d5a2bdf92b7fa24f78ffbb2137b6a29
q3_l2r_common_factorial_f31c2a6e_RLOO_RLOO-S8-B16-U4_seed73,f31c2a6e,qwen3-1.7b-base,RLOO,73,gsm8k,3373.7,1,NVIDIA H100 80GB HBM3,0.9371388888888889,50a68c9024fe211ee87751aaa21bdbbe644194647f74d81f3f9bc23acd112bf5,research_repository/ResultsArchive/incoming/common-protocol-structural-factorial__f31c2a6e/cell_result_gsm8k__q3_l2r_common_factorial_f31c2a6e_RLOO_RLOO-S8-B16-U4_seed73__RLOO_s73.json,a300beab1a197869e5c87b14e007bef83d7f69d3ffaaf9a7cc92915625f32e97,research_repository/ResultsArchive/incoming/common-protocol-structural-factorial__f31c2a6e/complete_gsm8k__q3_l2r_common_factorial_f31c2a6e_RLOO_RLOO-S8-B16-U4_seed73__RLOO_s73.json,6a1e1f4fd4486cbeeebaee817a5424965dfc27cb4c24fe97850867c9b51871b6
q3_l2r_common_factorial_f31c2a6e_RLOO_RLOO-S8-B4-U1_seed31,f31c2a6e,qwen3-1.7b-base,RLOO,31,gsm8k,1687.3,1,NVIDIA H100 80GB HBM3,0.4686944444444444,4c04503c93b5424d4951360a0ff341a9171d2d923a180eb559ab224afba9dd66,research_repository/ResultsArchive/incoming/common-protocol-structural-factorial__f31c2a6e/cell_result_gsm8k__q3_l2r_common_factorial_f31c2a6e_RLOO_RLOO-S8-B4-U1_seed31__RLOO_s31.json,7af87d88ff049dfaec6cb48feeedaea959fb831491dd79e87b154dc96a142ea1,research_repository/ResultsArchive/incoming/common-protocol-structural-factorial__f31c2a6e/complete_gsm8k__q3_l2r_common_factorial_f31c2a6e_RLOO_RLOO-S8-B4-U1_seed31__RLOO_s31.json,40bfea6eea75d269364e59f76e71628ecc97cedb9712914adad2d78d507ec760
q3_l2r_common_factorial_f31c2a6e_RLOO_RLOO-S8-B4-U1_seed47,f31c2a6e,qwen3-1.7b-base,RLOO,47,gsm8k,1676.7,1,NVIDIA H100 80GB HBM3,0.46575,a22e91610d2df0760b7141e67a7e36ba02426e3b83f044c3fd1ff6d2e3d407da,research_repository/ResultsArchive/incoming/common-protocol-structural-factorial__f31c2a6e/cell_result_gsm8k__q3_l2r_common_factorial_f31c2a6e_RLOO_RLOO-S8-B4-U1_seed47__RLOO_s47.json,56afe5009ec7ad7096fbc4dca361b5a514396af605438f5e7e6c3d0832956930,research_repository/ResultsArchive/incoming/common-protocol-structural-factorial__f31c2a6e/complete_gsm8k__q3_l2r_common_factorial_f31c2a6e_RLOO_RLOO-S8-B4-U1_seed47__RLOO_s47.json,0bb6a916df70bb3c428ca994427b75fbb904777e03cf216f2f7203035e12856a
q3_l2r_common_factorial_f31c2a6e_RLOO_RLOO-S8-B4-U1_seed73,f31c2a6e,qwen3-1.7b-base,RLOO,73,gsm8k,1558.3,1,NVIDIA H100 80GB HBM3,0.4328611111111111,28c5e8430ae435a5f5dfa12a1233ad42622f40dc6593c1b404967cf7aca11891,research_repository/ResultsArchive/incoming/common-protocol-structural-factorial__f31c2a6e/cell_result_gsm8k__q3_l2r_common_factorial_f31c2a6e_RLOO_RLOO-S8-B4-U1_seed73__RLOO_s73.json,f25b227561ff30dbe26ea56bcb618bdf09b1052bd5198a0cfc11a4826426f7a4,research_repository/ResultsArchive/incoming/common-protocol-structural-factorial__f31c2a6e/complete_gsm8k__q3_l2r_common_factorial_f31c2a6e_RLOO_RLOO-S8-B4-U1_seed73__RLOO_s73.json,221dd20b60b30302b43678a209917afb5ac8cf216efa9615994400387efcfba3
q3_l2r_common_factorial_f31c2a6e_RLOO_RLOO-S8-B4-U2_seed31,f31c2a6e,qwen3-1.7b-base,RLOO,31,gsm8k,1859.4,1,NVIDIA H100 80GB HBM3,0.5165000000000001,33a44e9dc905f93053acd26959a7a5864dbec222edb6c951c4a1ee083c8bda89,research_repository/ResultsArchive/incoming/common-protocol-structural-factorial__f31c2a6e/cell_result_gsm8k__q3_l2r_common_factorial_f31c2a6e_RLOO_RLOO-S8-B4-U2_seed31__RLOO_s31.json,5ac8ec72b4d184fa2efe88fc4741fa999f183bde9b9ead731292c443f6e16ecf,research_repository/ResultsArchive/incoming/common-protocol-structural-factorial__f31c2a6e/complete_gsm8k__q3_l2r_common_factorial_f31c2a6e_RLOO_RLOO-S8-B4-U2_seed31__RLOO_s31.json,737e70cfcb778ff38ccf9007e0e0a169e021759deda5f0f9a8324aa831c78f27
q3_l2r_common_factorial_f31c2a6e_RLOO_RLOO-S8-B4-U2_seed47,f31c2a6e,qwen3-1.7b-base,RLOO,47,gsm8k,1850.9,1,NVIDIA H100 80GB HBM3,0.5141388888888889,531da0641d8ee42c368e1578519462b87ef448a2fbd09ec94d7439447ff0567f,research_repository/ResultsArchive/incoming/common-protocol-structural-factorial__f31c2a6e/cell_result_gsm8k__q3_l2r_common_factorial_f31c2a6e_RLOO_RLOO-S8-B4-U2_seed47__RLOO_s47.json,08f9d1d832f9d2731c7a9a355a62422edba66c142eef143031751065b81b582a,research_repository/ResultsArchive/incoming/common-protocol-structural-factorial__f31c2a6e/complete_gsm8k__q3_l2r_common_factorial_f31c2a6e_RLOO_RLOO-S8-B4-U2_seed47__RLOO_s47.json,8f18574dfb9ebd3e7eed54047324cd4044ecfb849f36b67e8ee8ccae63c43182
q3_l2r_common_factorial_f31c2a6e_RLOO_RLOO-S8-B4-U2_seed73,f31c2a6e,qwen3-1.7b-base,RLOO,73,gsm8k,1844.1,1,NVIDIA H100 80GB HBM3,0.51225,625f846194d64e99789473af690c2d95941080b54101b048a2b64ce42a1cd0b3,research_repository/ResultsArchive/incoming/common-protocol-structural-factorial__f31c2a6e/cell_result_gsm8k__q3_l2r_common_factorial_f31c2a6e_RLOO_RLOO-S8-B4-U2_seed73__RLOO_s73.json,377aee111c8b36da14c48f6ef90fc48247668a1a15af0ea5218e70f1bf076cca,research_repository/ResultsArchive/incoming/common-protocol-structural-factorial__f31c2a6e/complete_gsm8k__q3_l2r_common_factorial_f31c2a6e_RLOO_RLOO-S8-B4-U2_seed73__RLOO_s73.json,1700d787328e56616d5d72979a31434aa05ba8940ddf863a523d615aeb9e7822
q3_l2r_common_factorial_f31c2a6e_RLOO_RLOO-S8-B4-U4_seed31,f31c2a6e,qwen3-1.7b-base,RLOO,31,gsm8k,1958.6,1,NVIDIA H100 80GB HBM3,0.5440555555555555,901afebdee1bfea06d6b49e7eb89896df24c6fb22573b253e1beee5fd80c879d,research_repository/ResultsArchive/incoming/common-protocol-structural-factorial__f31c2a6e/cell_result_gsm8k__q3_l2r_common_factorial_f31c2a6e_RLOO_RLOO-S8-B4-U4_seed31__RLOO_s31.json,d9c7b1771ceefc24c9d6479ed355fbbb2a7e905b42a8e7790e87d56fcd44496f,research_repository/ResultsArchive/incoming/common-protocol-structural-factorial__f31c2a6e/complete_gsm8k__q3_l2r_common_factorial_f31c2a6e_RLOO_RLOO-S8-B4-U4_seed31__RLOO_s31.json,7ae5f42efb59d5787c2eb5fbabc06d2865ef990ed51055bbe87ef5cd9cebc4a4
q3_l2r_common_factorial_f31c2a6e_RLOO_RLOO-S8-B4-U4_seed47,f31c2a6e,qwen3-1.7b-base,RLOO,47,gsm8k,1817.6,1,NVIDIA H100 80GB HBM3,0.5048888888888888,f004efb90a5fec50aaa14a6b1d1fe63a25fa089750034275d683f6a0f7202421,research_repository/ResultsArchive/incoming/common-protocol-structural-factorial__f31c2a6e/cell_result_gsm8k__q3_l2r_common_factorial_f31c2a6e_RLOO_RLOO-S8-B4-U4_seed47__RLOO_s47.json,b0868e40010b7836feb9dc48955cb7e2e4bcece8fc7f11a12f71c3dd9d40093b,research_repository/ResultsArchive/incoming/common-protocol-structural-factorial__f31c2a6e/complete_gsm8k__q3_l2r_common_factorial_f31c2a6e_RLOO_RLOO-S8-B4-U4_seed47__RLOO_s47.json,c9b9ab934438e3fc0fa815840d3844f8708da1be25b37de09f6cffa07a1115b2
q3_l2r_common_factorial_f31c2a6e_RLOO_RLOO-S8-B4-U4_seed73,f31c2a6e,qwen3-1.7b-base,RLOO,73,gsm8k,1729.5,1,NVIDIA H100 80GB HBM3,0.48041666666666666,54364a638141c10fab2b35b1466e984951afd4597044df3cd749066278d1ce33,research_repository/ResultsArchive/incoming/common-protocol-structural-factorial__f31c2a6e/cell_result_gsm8k__q3_l2r_common_factorial_f31c2a6e_RLOO_RLOO-S8-B4-U4_seed73__RLOO_s73.json,76bc65c6b64e2750afacbd8bdd90467824a67617f09eb6c4c251f0bcd7cb29ee,research_repository/ResultsArchive/incoming/common-protocol-structural-factorial__f31c2a6e/complete_gsm8k__q3_l2r_common_factorial_f31c2a6e_RLOO_RLOO-S8-B4-U4_seed73__RLOO_s73.json,f5df967083f8a25e72b378aa92d3e641072c801d4ee14f7a1329a1407b475e87
q3_l2r_common_factorial_f31c2a6e_RLOO_RLOO-S8-B8-U1_seed31,f31c2a6e,qwen3-1.7b-base,RLOO,31,gsm8k,2212.0,1,NVIDIA H100 80GB HBM3,0.6144444444444445,2397f697b0a796823c70c810897e7c96d1d2ac30be670792d22b29f1ad526115,research_repository/ResultsArchive/incoming/common-protocol-structural-factorial__f31c2a6e/cell_result_gsm8k__q3_l2r_common_factorial_f31c2a6e_RLOO_RLOO-S8-B8-U1_seed31__RLOO_s31.json,741173823b7baa4d01d42cb38bf8842f03ed35f25efe813f5bfb6a8d34b2f693,research_repository/ResultsArchive/incoming/common-protocol-structural-factorial__f31c2a6e/complete_gsm8k__q3_l2r_common_factorial_f31c2a6e_RLOO_RLOO-S8-B8-U1_seed31__RLOO_s31.json,3a27cc35080bc92117cb7798baa805e670a4f9ffc72375de49ce99efba815603
q3_l2r_common_factorial_f31c2a6e_RLOO_RLOO-S8-B8-U1_seed47,f31c2a6e,qwen3-1.7b-base,RLOO,47,gsm8k,2181.6,1,NVIDIA H100 80GB HBM3,0.606,73cbaad21f97a5ce845514cd7011c4330e586b6dc16802b94023573c6965e9dd,research_repository/ResultsArchive/incoming/common-protocol-structural-factorial__f31c2a6e/cell_result_gsm8k__q3_l2r_common_factorial_f31c2a6e_RLOO_RLOO-S8-B8-U1_seed47__RLOO_s47.json,b3dc4cbf04d3f647da0724cc5cf51c593de3578c77602f1a2178e4e0c6799fae,research_repository/ResultsArchive/incoming/common-protocol-structural-factorial__f31c2a6e/complete_gsm8k__q3_l2r_common_factorial_f31c2a6e_RLOO_RLOO-S8-B8-U1_seed47__RLOO_s47.json,864146b8026dfefc80bb0146b06909a89a4673d771ac6219b9378f232c3d0631
q3_l2r_common_factorial_f31c2a6e_RLOO_RLOO-S8-B8-U1_seed73,f31c2a6e,qwen3-1.7b-base,RLOO,73,gsm8k,2067.3,1,NVIDIA H100 80GB HBM3,0.57425,c2179e18c5ba1ae13d46c70866ad12eb2cf8a80ca879a1cd02e07c627bbc5741,research_repository/ResultsArchive/incoming/common-protocol-structural-factorial__f31c2a6e/cell_result_gsm8k__q3_l2r_common_factorial_f31c2a6e_RLOO_RLOO-S8-B8-U1_seed73__RLOO_s73.json,7a5edbb2fca14ac66b8358e726fb2a5b51904fa8c666322158910570a28e7ccd,research_repository/ResultsArchive/incoming/common-protocol-structural-factorial__f31c2a6e/complete_gsm8k__q3_l2r_common_factorial_f31c2a6e_RLOO_RLOO-S8-B8-U1_seed73__RLOO_s73.json,7a37205b79a6bb39351505c227ed5126d960592273b858bc06e9ec2b5f0ee71c
q3_l2r_common_factorial_f31c2a6e_RLOO_RLOO-S8-B8-U2_seed31,f31c2a6e,qwen3-1.7b-base,RLOO,31,gsm8k,2204.7,1,NVIDIA H100 80GB HBM3,0.6124166666666666,2f89a13bced1b0baf1c151c096fda8eec81ed8a6c902b5ad37aa26f1028c8db2,research_repository/ResultsArchive/incoming/common-protocol-structural-factorial__f31c2a6e/cell_result_gsm8k__q3_l2r_common_factorial_f31c2a6e_RLOO_RLOO-S8-B8-U2_seed31__RLOO_s31.json,345ba5a87fea6db71dba2aee036435b4aea1fca6e7324180716e0c34591defa2,research_repository/ResultsArchive/incoming/common-protocol-structural-factorial__f31c2a6e/complete_gsm8k__q3_l2r_common_factorial_f31c2a6e_RLOO_RLOO-S8-B8-U2_seed31__RLOO_s31.json,31caf8e5152ad6f7f719cad0f070bc4110fb8f5289f5bab8ae80f6791034ac3e
q3_l2r_common_factorial_f31c2a6e_RLOO_RLOO-S8-B8-U2_seed47,f31c2a6e,qwen3-1.7b-base,RLOO,47,gsm8k,2454.9,1,NVIDIA H100 80GB HBM3,0.6819166666666667,37cac3283581b07266b8146d45571a78211c9b4093f5d2a38b5e48136bf90f60,research_repository/ResultsArchive/incoming/common-protocol-structural-factorial__f31c2a6e/cell_result_gsm8k__q3_l2r_common_factorial_f31c2a6e_RLOO_RLOO-S8-B8-U2_seed47__RLOO_s47.json,5d0aead5daff5a9a760dd28ce969cdbac14bedf6e9460894b570e422284c1d1d,research_repository/ResultsArchive/incoming/common-protocol-structural-factorial__f31c2a6e/complete_gsm8k__q3_l2r_common_factorial_f31c2a6e_RLOO_RLOO-S8-B8-U2_seed47__RLOO_s47.json,d2a48156b76e5287db0c78aa180352543b819122601ec9ad954a83d40428f560
q3_l2r_common_factorial_f31c2a6e_RLOO_RLOO-S8-B8-U2_seed73,f31c2a6e,qwen3-1.7b-base,RLOO,73,gsm8k,2023.1,1,NVIDIA H100 80GB HBM3,0.5619722222222222,ec12a4ee183edb63e19b58804feaf269e93434f5d6c581d6156dce6a4c0ee9e4,research_repository/ResultsArchive/incoming/common-protocol-structural-factorial__f31c2a6e/cell_result_gsm8k__q3_l2r_common_factorial_f31c2a6e_RLOO_RLOO-S8-B8-U2_seed73__RLOO_s73.json,51c6e3959c3bfb7abb8de3a447ac61e3ce223f925146057df0a7fbe45722ab4a,research_repository/ResultsArchive/incoming/common-protocol-structural-factorial__f31c2a6e/complete_gsm8k__q3_l2r_common_factorial_f31c2a6e_RLOO_RLOO-S8-B8-U2_seed73__RLOO_s73.json,53c751fdf250c2815f2ede2f8858b76e1611769fbcf8b27466d9ee57497d392b
q3_l2r_common_factorial_f31c2a6e_RLOO_RLOO-S8-B8-U4_seed31,f31c2a6e,qwen3-1.7b-base,RLOO,31,gsm8k,2527.1,1,NVIDIA H100 80GB HBM3,0.7019722222222222,680bd62c2bbc701e0d8c27ce476bfc42e27fb6a543c2c062a591b023a09b1a4c,research_repository/ResultsArchive/incoming/common-protocol-structural-factorial__f31c2a6e/cell_result_gsm8k__q3_l2r_common_factorial_f31c2a6e_RLOO_RLOO-S8-B8-U4_seed31__RLOO_s31.json,5732947da5764e25a2a3db506c531aa21cf84ffc438b82243b30535a94d44e54,research_repository/ResultsArchive/incoming/common-protocol-structural-factorial__f31c2a6e/complete_gsm8k__q3_l2r_common_factorial_f31c2a6e_RLOO_RLOO-S8-B8-U4_seed31__RLOO_s31.json,d6a1ef645092be0d5981d0095b037ae4f340ab7b81634d8fd00fc3736ca281c9
q3_l2r_common_factorial_f31c2a6e_RLOO_RLOO-S8-B8-U4_seed47,f31c2a6e,qwen3-1.7b-base,RLOO,47,gsm8k,2397.6,1,NVIDIA H100 80GB HBM3,0.6659999999999999,f64f8ef8f063b3c808e3a8c56e50ee6c1d1a86aa47e62009ea5cdc8a225f4f70,research_repository/ResultsArchive/incoming/common-protocol-structural-factorial__f31c2a6e/cell_result_gsm8k__q3_l2r_common_factorial_f31c2a6e_RLOO_RLOO-S8-B8-U4_seed47__RLOO_s47.json,78daab6dfbcf3e4175bc94bc6d728af608238923c0853c95bd86ae54f5db2d43,research_repository/ResultsArchive/incoming/common-protocol-structural-factorial__f31c2a6e/complete_gsm8k__q3_l2r_common_factorial_f31c2a6e_RLOO_RLOO-S8-B8-U4_seed47__RLOO_s47.json,5a238bde1f2c677fe5d054556da4315d13086a0eb8c2951612c0c959902b752c
q3_l2r_common_factorial_f31c2a6e_RLOO_RLOO-S8-B8-U4_seed73,f31c2a6e,qwen3-1.7b-base,RLOO,73,gsm8k,2275.2,1,NVIDIA H100 80GB HBM3,0.6319999999999999,f7111402fab61114a4aec275666260833bbac6f5133fe3461d486321ad1d81da,research_repository/ResultsArchive/incoming/common-protocol-structural-factorial__f31c2a6e/cell_result_gsm8k__q3_l2r_common_factorial_f31c2a6e_RLOO_RLOO-S8-B8-U4_seed73__RLOO_s73.json,a78309b259914a5cb860a7c984a39dcdb276952ddb0ab2380e9caebc2f44b980,research_repository/ResultsArchive/incoming/common-protocol-structural-factorial__f31c2a6e/complete_gsm8k__q3_l2r_common_factorial_f31c2a6e_RLOO_RLOO-S8-B8-U4_seed73__RLOO_s73.json,8e0311f0f9a8dcb8b7c14a7cdc10fd94ba6541e92fbf09df962e1ff29957f4fa
q3_l2r_common_factorial_f31c2a6e_base_CTRL-base_seed31,f31c2a6e,qwen3-1.7b-base,base,31,gsm8k,394.5,1,NVIDIA H100 80GB HBM3,0.10958333333333334,dd54fbd337921fd130ff435e260f964625989fbd80c4224acf08c515c44deccd,research_repository/ResultsArchive/incoming/common-protocol-structural-factorial__f31c2a6e/cell_result_gsm8k__q3_l2r_common_factorial_f31c2a6e_base_CTRL-base_seed31__base_s31.json,65a54ea84ed7f7cce2b765bc2ad3b56cdfc20d0442688bbc9c7db35f2a7c988b,research_repository/ResultsArchive/incoming/common-protocol-structural-factorial__f31c2a6e/complete_gsm8k__q3_l2r_common_factorial_f31c2a6e_base_CTRL-base_seed31__base_s31.json,c63332f0ecad6fafb678c8d9b1d31a44737037d1053a66b9bdf1872883b9798b
q3_l2r_common_factorial_f31c2a6e_base_CTRL-base_seed47,f31c2a6e,qwen3-1.7b-base,base,47,gsm8k,399.6,1,NVIDIA H100 80GB HBM3,0.111,a2dac001e0840c62ea2f82453b2c1d1c56e2f2865924c481a04bccec44eac16d,research_repository/ResultsArchive/incoming/common-protocol-structural-factorial__f31c2a6e/cell_result_gsm8k__q3_l2r_common_factorial_f31c2a6e_base_CTRL-base_seed47__base_s47.json,481c4dda9d2cf84374b1d103c8868d405a9653bfaee3904b4e644fa597403ede,research_repository/ResultsArchive/incoming/common-protocol-structural-factorial__f31c2a6e/complete_gsm8k__q3_l2r_common_factorial_f31c2a6e_base_CTRL-base_seed47__base_s47.json,5255c3f90528696927acde677e9b71be497d994cdf89aa03344592ba45d4f2fa
q3_l2r_common_factorial_f31c2a6e_base_CTRL-base_seed73,f31c2a6e,qwen3-1.7b-base,base,73,gsm8k,382.9,1,NVIDIA H100 80GB HBM3,0.1063611111111111,1e0905b27a46a4ce1f4614cf20f2991345fbc191df15806214885585d0864446,research_repository/ResultsArchive/incoming/common-protocol-structural-factorial__f31c2a6e/cell_result_gsm8k__q3_l2r_common_factorial_f31c2a6e_base_CTRL-base_seed73__base_s73.json,0b24da22497f129e80a9ce8d3a7b76ef0644b0055858e8a6729943b84afd7a20,research_repository/ResultsArchive/incoming/common-protocol-structural-factorial__f31c2a6e/complete_gsm8k__q3_l2r_common_factorial_f31c2a6e_base_CTRL-base_seed73__base_s73.json,583c1386d322c14524cce33e568742f06561abfdae87be869ce7c82230b63593
q3_l2r_common_mstep_d2924981_AC-ALG1_M10-I1_seed31,d2924981,qwen3-1.7b-base,AC-ALG1,31,gsm8k,2448.4,1,NVIDIA H100 80GB HBM3,0.6801111111111111,2f94e62a5fba544436247ba50cc3891de021a5081bc09b6338de2ce9b67e8e40,research_repository/ResultsArchive/incoming/common-protocol-mstep__d2924981/cell_result_gsm8k__q3_l2r_common_mstep_d2924981_AC-ALG1_M10-I1_seed31__AC-ALG1_s31.json,a7b5b814b68ea1fa0065e31f05e4635f947e19e0519a617376063cdbe74da203,research_repository/ResultsArchive/incoming/common-protocol-mstep__d2924981/complete_gsm8k__q3_l2r_common_mstep_d2924981_AC-ALG1_M10-I1_seed31__AC-ALG1_s31.json,c8270335b437bcbd26ff2fe83c52703d4e64d1e88a700a2e7834cc6db1ad8b8a
q3_l2r_common_mstep_d2924981_AC-ALG1_M10-I1_seed47,d2924981,qwen3-1.7b-base,AC-ALG1,47,gsm8k,2701.9,1,NVIDIA H100 80GB HBM3,0.7505277777777778,088f72b359dfed3ef06fee0273336530e829894610e04e1a5d222138bed15321,research_repository/ResultsArchive/incoming/common-protocol-mstep__d2924981/cell_result_gsm8k__q3_l2r_common_mstep_d2924981_AC-ALG1_M10-I1_seed47__AC-ALG1_s47.json,9837ec5f08f50c0aeb1aacd2cbad3003ea26e07b4f6bb4897a4710b8608554f5,research_repository/ResultsArchive/incoming/common-protocol-mstep__d2924981/complete_gsm8k__q3_l2r_common_mstep_d2924981_AC-ALG1_M10-I1_seed47__AC-ALG1_s47.json,5829baabc6fcd7e8c9551fd573248b09045ccea0e1f42074e868f5541162abb3
q3_l2r_common_mstep_d2924981_AC-ALG1_M10-I1_seed73,d2924981,qwen3-1.7b-base,AC-ALG1,73,gsm8k,2385.9,1,NVIDIA H100 80GB HBM3,0.6627500000000001,a9168f24df12255b16b7a1c9d44c996d4711b3516e661bc10247fbbf1d1f71e8,research_repository/ResultsArchive/incoming/common-protocol-mstep__d2924981/cell_result_gsm8k__q3_l2r_common_mstep_d2924981_AC-ALG1_M10-I1_seed73__AC-ALG1_s73.json,bd12e9bdfc56f1fdecb84abeddce8d9958f7cfb405d35eaeaee62f368575bab3,research_repository/ResultsArchive/incoming/common-protocol-mstep__d2924981/complete_gsm8k__q3_l2r_common_mstep_d2924981_AC-ALG1_M10-I1_seed73__AC-ALG1_s73.json,0133127c0e3f834dc64bf4934ab8467d67ce23e64094a0d6f37ecbd47e90d696
q3_l2r_common_mstep_d2924981_AC-ALG1_M10-I2_seed31,d2924981,qwen3-1.7b-base,AC-ALG1,31,gsm8k,2897.7,1,NVIDIA H100 80GB HBM3,0.8049166666666666,2df43b823b61c5a04f6d14ca0db9fbe90125a711806a5b7e30aa1f01a7a67096,research_repository/ResultsArchive/incoming/common-protocol-mstep__d2924981/cell_result_gsm8k__q3_l2r_common_mstep_d2924981_AC-ALG1_M10-I2_seed31__AC-ALG1_s31.json,46c8ad0bbaee4c7324e01d4edc40402e2e2d351ca7cbf1f5f4629d86de76732c,research_repository/ResultsArchive/incoming/common-protocol-mstep__d2924981/complete_gsm8k__q3_l2r_common_mstep_d2924981_AC-ALG1_M10-I2_seed31__AC-ALG1_s31.json,673a8a5be30cf67b849bf863742ec9c234e97fec08bcdb781b5717940865103c
q3_l2r_common_mstep_d2924981_AC-ALG1_M10-I2_seed47,d2924981,qwen3-1.7b-base,AC-ALG1,47,gsm8k,2900.1,1,NVIDIA H100 80GB HBM3,0.8055833333333333,98f5d4c64664e17d40080f68444f10901a6818b00f8acf1facc9bbd95ad131e7,research_repository/ResultsArchive/incoming/common-protocol-mstep__d2924981/cell_result_gsm8k__q3_l2r_common_mstep_d2924981_AC-ALG1_M10-I2_seed47__AC-ALG1_s47.json,34d7e09346867c8c68ed77cb41abe356f389f9e45e59399897ad120d1a05322c,research_repository/ResultsArchive/incoming/common-protocol-mstep__d2924981/complete_gsm8k__q3_l2r_common_mstep_d2924981_AC-ALG1_M10-I2_seed47__AC-ALG1_s47.json,fe6d17d9b251e98126b1a754e3c797ee35b1e74b492bb3eac92cb8240966a6dc
q3_l2r_common_mstep_d2924981_AC-ALG1_M10-I2_seed73,d2924981,qwen3-1.7b-base,AC-ALG1,73,gsm8k,2744.8,1,NVIDIA H100 80GB HBM3,0.7624444444444445,89761a030d2261814e466e11f8ceb14a82137e0307070a04259aa6cb8e01ca0a,research_repository/ResultsArchive/incoming/common-protocol-mstep__d2924981/cell_result_gsm8k__q3_l2r_common_mstep_d2924981_AC-ALG1_M10-I2_seed73__AC-ALG1_s73.json,5e09354c3e19717cff31fe654ba29b1a05ee31fe59d4bfd7a2903340cb675fee,research_repository/ResultsArchive/incoming/common-protocol-mstep__d2924981/complete_gsm8k__q3_l2r_common_mstep_d2924981_AC-ALG1_M10-I2_seed73__AC-ALG1_s73.json,828224a3f3fe8a7196f212cbd2da1540cabc6b09682e41ae1e35cf4f20491f93
q3_l2r_common_mstep_d2924981_AC-ALG1_M10-I4-K20_seed31,d2924981,qwen3-1.7b-base,AC-ALG1,31,gsm8k,4372.8,1,NVIDIA H100 80GB HBM3,1.2146666666666668,d18b7e3f3d0fea7226af08d4f3651e7b1980be1aa0c16474f89473abca4efe86,research_repository/ResultsArchive/incoming/common-protocol-mstep__d2924981/cell_result_gsm8k__q3_l2r_common_mstep_d2924981_AC-ALG1_M10-I4-K20_seed31__AC-ALG1_s31.json,cbe1b92f425016a26d5a586664a06b01647563ed39fbf1a56907f6665dae1800,research_repository/ResultsArchive/incoming/common-protocol-mstep__d2924981/complete_gsm8k__q3_l2r_common_mstep_d2924981_AC-ALG1_M10-I4-K20_seed31__AC-ALG1_s31.json,4c8fd191335f841dea9ae0e9b00acf0da402d438f7ac8c9255fa0518a00db841
q3_l2r_common_mstep_d2924981_AC-ALG1_M10-I4-K20_seed47,d2924981,qwen3-1.7b-base,AC-ALG1,47,gsm8k,4386.7,1,NVIDIA H100 80GB HBM3,1.2185277777777777,c9ae51d9d8a1caeb25bd2139727d956f86dec398e63af08856ddc28825b9fba1,research_repository/ResultsArchive/incoming/common-protocol-mstep__d2924981/cell_result_gsm8k__q3_l2r_common_mstep_d2924981_AC-ALG1_M10-I4-K20_seed47__AC-ALG1_s47.json,6b4408938bd2f292902a4e09df27efb785714ee5d393ea333741663415747278,research_repository/ResultsArchive/incoming/common-protocol-mstep__d2924981/complete_gsm8k__q3_l2r_common_mstep_d2924981_AC-ALG1_M10-I4-K20_seed47__AC-ALG1_s47.json,1b313c5fc61a1553202356708224937152231a81346dba4f165cb264788f74f1
q3_l2r_common_mstep_d2924981_AC-ALG1_M10-I4-K20_seed73,d2924981,qwen3-1.7b-base,AC-ALG1,73,gsm8k,4243.7,1,NVIDIA H100 80GB HBM3,1.1788055555555554,aeb1b477ba62461bb7d46d177f1c5d0097b59d084f2cd15c394104e6cb1b5d65,research_repository/ResultsArchive/incoming/common-protocol-mstep__d2924981/cell_result_gsm8k__q3_l2r_common_mstep_d2924981_AC-ALG1_M10-I4-K20_seed73__AC-ALG1_s73.json,174b6088a5073197919b80e12e639a7b57d74573e6ca15f068914548299de732,research_repository/ResultsArchive/incoming/common-protocol-mstep__d2924981/complete_gsm8k__q3_l2r_common_mstep_d2924981_AC-ALG1_M10-I4-K20_seed73__AC-ALG1_s73.json,7f998b794c4e1eb02b4c6a40af1d268ef85136e50740e4f05116145cac71d45b
q3_l2r_common_mstep_d2924981_AC-ALG1_M10-I4-K5_seed31,d2924981,qwen3-1.7b-base,AC-ALG1,31,gsm8k,4364.4,1,NVIDIA H100 80GB HBM3,1.2123333333333333,8ece82fbe2a5b29cfaf6fba603015ea1b9dfb952e7cebf2125b1e37e39ac9b09,research_repository/ResultsArchive/incoming/common-protocol-mstep__d2924981/cell_result_gsm8k__q3_l2r_common_mstep_d2924981_AC-ALG1_M10-I4-K5_seed31__AC-ALG1_s31.json,5950d96f44d801081b943978aa660fb938b53f0caab40f2740f184d8a13ee1a6,research_repository/ResultsArchive/incoming/common-protocol-mstep__d2924981/complete_gsm8k__q3_l2r_common_mstep_d2924981_AC-ALG1_M10-I4-K5_seed31__AC-ALG1_s31.json,f75f6f99ecabcc2da3c2d8f111358dfd47ffa367da66f458e8c199cfe5942f70
q3_l2r_common_mstep_d2924981_AC-ALG1_M10-I4-K5_seed47,d2924981,qwen3-1.7b-base,AC-ALG1,47,gsm8k,4522.8,1,NVIDIA H100 80GB HBM3,1.2563333333333333,71f48c49bc2b3a4632d647b9fb0184812750dc8ecd88e3ecadf0d8337d47356a,research_repository/ResultsArchive/incoming/common-protocol-mstep__d2924981/cell_result_gsm8k__q3_l2r_common_mstep_d2924981_AC-ALG1_M10-I4-K5_seed47__AC-ALG1_s47.json,4e4f903d6b7054ab3c764560e35c0cc4ffb421250548246eb7624357b94b00ee,research_repository/ResultsArchive/incoming/common-protocol-mstep__d2924981/complete_gsm8k__q3_l2r_common_mstep_d2924981_AC-ALG1_M10-I4-K5_seed47__AC-ALG1_s47.json,33148e374d30a53d08367b042b57ab1cd9b3edb15360c6bcc21b3d9d9e99d138
q3_l2r_common_mstep_d2924981_AC-ALG1_M10-I4-K5_seed73,d2924981,qwen3-1.7b-base,AC-ALG1,73,gsm8k,4188.1,1,NVIDIA H100 80GB HBM3,1.1633611111111113,794e6578139ae4c3caa5649b93d124660f435e28fd251d470e345204d30a48e6,research_repository/ResultsArchive/incoming/common-protocol-mstep__d2924981/cell_result_gsm8k__q3_l2r_common_mstep_d2924981_AC-ALG1_M10-I4-K5_seed73__AC-ALG1_s73.json,d16002ee597adf6a93771530172fe8c8a6f55b6074d4b380b7e865b78aa6dbdc,research_repository/ResultsArchive/incoming/common-protocol-mstep__d2924981/complete_gsm8k__q3_l2r_common_mstep_d2924981_AC-ALG1_M10-I4-K5_seed73__AC-ALG1_s73.json,af8e09832bcdacf20ab22221586489c5d79894552c8e41433a029f73ab7f44de
q3_l2r_common_mstep_d2924981_AC-ALG1_M10-I4_seed31,d2924981,qwen3-1.7b-base,AC-ALG1,31,gsm8k,3834.8,1,NVIDIA H100 80GB HBM3,1.0652222222222223,252fe0d34ac5cb2641d483b2ecab9ec3fcb4279b7e5ea28decd3de3cd8f20f02,research_repository/ResultsArchive/incoming/common-protocol-mstep__d2924981/cell_result_gsm8k__q3_l2r_common_mstep_d2924981_AC-ALG1_M10-I4_seed31__AC-ALG1_s31.json,af483ddbb1a38bd35a9ac8b4260ff666571f8da8f467d718104b2144441e4489,research_repository/ResultsArchive/incoming/common-protocol-mstep__d2924981/complete_gsm8k__q3_l2r_common_mstep_d2924981_AC-ALG1_M10-I4_seed31__AC-ALG1_s31.json,3a983b71c040d0009e754840d2209bc716018c964b414b7fbb5e63e790ce0aa2
q3_l2r_common_mstep_d2924981_AC-ALG1_M10-I4_seed47,d2924981,qwen3-1.7b-base,AC-ALG1,47,gsm8k,3912.8,1,NVIDIA H100 80GB HBM3,1.086888888888889,39d96558fca9848ad803bede3e87ba83366d01b05fcd2b6dd06858d13fb9a594,research_repository/ResultsArchive/incoming/common-protocol-mstep__d2924981/cell_result_gsm8k__q3_l2r_common_mstep_d2924981_AC-ALG1_M10-I4_seed47__AC-ALG1_s47.json,3dbfe5259ea02d06d782e6d5b3f04767036c0098d6524d7ed094ee6fea2ca571,research_repository/ResultsArchive/incoming/common-protocol-mstep__d2924981/complete_gsm8k__q3_l2r_common_mstep_d2924981_AC-ALG1_M10-I4_seed47__AC-ALG1_s47.json,93f40e91dfe4c918f368582545049f64918093f8278af255faa15d4583fff997
q3_l2r_common_mstep_d2924981_AC-ALG1_M10-I4_seed73,d2924981,qwen3-1.7b-base,AC-ALG1,73,gsm8k,3878.4,1,NVIDIA H100 80GB HBM3,1.0773333333333333,80a21dde1c6fac5ff9129cc5ad93f4fc9f24252bae1cd85e53b8410d9b053900,research_repository/ResultsArchive/incoming/common-protocol-mstep__d2924981/cell_result_gsm8k__q3_l2r_common_mstep_d2924981_AC-ALG1_M10-I4_seed73__AC-ALG1_s73.json,4e8bda933984a65d5da5676f4b0cf29152f89022acfa6c7f2be7daa12126ec14,research_repository/ResultsArchive/incoming/common-protocol-mstep__d2924981/complete_gsm8k__q3_l2r_common_mstep_d2924981_AC-ALG1_M10-I4_seed73__AC-ALG1_s73.json,c3c7838106186710306ddb0d5ffb52ce26b381ee48fa9e8dc83a2d0b7390dfff
q3_l2r_common_mstep_d2924981_AC-ALG1_M3-I4_seed31,d2924981,qwen3-1.7b-base,AC-ALG1,31,gsm8k,3841.2,1,NVIDIA H100 80GB HBM3,1.067,fd76f53fe88b1c8dce8b2ead93a3e36d777d0e3edea6f501b0cbe25650516ac3,research_repository/ResultsArchive/incoming/common-protocol-mstep__d2924981/cell_result_gsm8k__q3_l2r_common_mstep_d2924981_AC-ALG1_M3-I4_seed31__AC-ALG1_s31.json,09965bac8652f90386ab44931c163f0ed23e62fe5b1b66d3c2148f3d8bd622ae,research_repository/ResultsArchive/incoming/common-protocol-mstep__d2924981/complete_gsm8k__q3_l2r_common_mstep_d2924981_AC-ALG1_M3-I4_seed31__AC-ALG1_s31.json,9932321d09145cff9df56d3a6fb2f7484219a843f857ba1d937d37ec2c5af2c9
q3_l2r_common_mstep_d2924981_AC-ALG1_M3-I4_seed47,d2924981,qwen3-1.7b-base,AC-ALG1,47,gsm8k,3964.5,1,NVIDIA H100 80GB HBM3,1.10125,7211fde0908959f10091401e293770bd92edc57fa917cc5557e7fb91a8019391,research_repository/ResultsArchive/incoming/common-protocol-mstep__d2924981/cell_result_gsm8k__q3_l2r_common_mstep_d2924981_AC-ALG1_M3-I4_seed47__AC-ALG1_s47.json,5145a2698df0d90da07a96cf073842175f9f6ce788407539d167af238c06824c,research_repository/ResultsArchive/incoming/common-protocol-mstep__d2924981/complete_gsm8k__q3_l2r_common_mstep_d2924981_AC-ALG1_M3-I4_seed47__AC-ALG1_s47.json,ec6cfe462858eb35c98db8a467206232e79555176c843e98c9e41e3c2637f429
q3_l2r_common_mstep_d2924981_AC-ALG1_M3-I4_seed73,d2924981,qwen3-1.7b-base,AC-ALG1,73,gsm8k,3615.4,1,NVIDIA H100 80GB HBM3,1.0042777777777778,b55f34c0b3e2d6f7f966683036ead2a0d43f8b57967a9c3df5a2ae62e4e5c105,research_repository/ResultsArchive/incoming/common-protocol-mstep__d2924981/cell_result_gsm8k__q3_l2r_common_mstep_d2924981_AC-ALG1_M3-I4_seed73__AC-ALG1_s73.json,988a9fdddd483fbd4871fb56c76c0ca56859656e56001134e5725bcf05b1131f,research_repository/ResultsArchive/incoming/common-protocol-mstep__d2924981/complete_gsm8k__q3_l2r_common_mstep_d2924981_AC-ALG1_M3-I4_seed73__AC-ALG1_s73.json,c13bd18bd02704baf98f125dce054fa68087f1fc92af52c494a74cb1d197e1ad
q3_l2r_common_mstep_d2924981_base_CTRL-base_seed31,d2924981,qwen3-1.7b-base,base,31,gsm8k,361.4,1,NVIDIA H100 80GB HBM3,0.10038888888888889,e17d7da396e98f07167ed3d19e4f3171c637c04ef22615a9c42b21422d1cb5a2,research_repository/ResultsArchive/incoming/common-protocol-mstep__d2924981/cell_result_gsm8k__q3_l2r_common_mstep_d2924981_base_CTRL-base_seed31__base_s31.json,a5c89d483cad16fc39cf2bcbab5fb77066b035f0dbff69f20ffd5a2465e6f065,research_repository/ResultsArchive/incoming/common-protocol-mstep__d2924981/complete_gsm8k__q3_l2r_common_mstep_d2924981_base_CTRL-base_seed31__base_s31.json,56b0fbc53f1eebff8a0aa0658ff8e0405d5ad016a1c839fd2c48790d1ee8f17d
q3_l2r_common_mstep_d2924981_base_CTRL-base_seed47,d2924981,qwen3-1.7b-base,base,47,gsm8k,412.5,1,NVIDIA H100 80GB HBM3,0.11458333333333333,944ed32228c437ec5f5b5ae1a8e8fb534ffac08ffe5371f938fb3a0dd27834e3,research_repository/ResultsArchive/incoming/common-protocol-mstep__d2924981/cell_result_gsm8k__q3_l2r_common_mstep_d2924981_base_CTRL-base_seed47__base_s47.json,09355d53f7ea4cc5db144aca359036e519f6554a03e88f8a53816a36120286f9,research_repository/ResultsArchive/incoming/common-protocol-mstep__d2924981/complete_gsm8k__q3_l2r_common_mstep_d2924981_base_CTRL-base_seed47__base_s47.json,97b41273f5011e085b534cfe533f364c38f3adcbfcdb29ae1857aa8cd88c5e2a
q3_l2r_common_mstep_d2924981_base_CTRL-base_seed73,d2924981,qwen3-1.7b-base,base,73,gsm8k,362.9,1,NVIDIA H100 80GB HBM3,0.10080555555555555,b774ada25da6ae65d06d3c4d7b124fb04a6268289ad03ee07b38fdf46a070051,research_repository/ResultsArchive/incoming/common-protocol-mstep__d2924981/cell_result_gsm8k__q3_l2r_common_mstep_d2924981_base_CTRL-base_seed73__base_s73.json,3d5fd7f32c5df639781fbaafd8b5d4d0ccaf01f85ba7e3af9e1437ca6165b969,research_repository/ResultsArchive/incoming/common-protocol-mstep__d2924981/complete_gsm8k__q3_l2r_common_mstep_d2924981_base_CTRL-base_seed73__base_s73.json,c4c46f7933d3ba8d137d647b6b97bbcd59b67424924091bad280e2aba9c6d99e
q3_l2r_credit_pilot_da48c781_AC-ALG1_ANSWER-WEIGHTED_seed313,da48c781,qwen3-1.7b-base,AC-ALG1,313,gsm8k,2488.7,1,NVIDIA H100 80GB HBM3,0.6913055555555555,5dc7396d3cf8ba46ad10650a5d082994c02440128cfe2662c8e22674f9ea922a,research_repository/ResultsArchive/incoming/credit-pilot__da48c781/cell_result_gsm8k__q3_l2r_credit_pilot_da48c781_AC-ALG1_ANSWER-WEIGHTED_seed313__AC-ALG1_s313.json,37012438cb91bff34eca7f0bc3564b76df359d0b06c33240962e3a959f91559e,research_repository/ResultsArchive/incoming/credit-pilot__da48c781/complete_gsm8k__q3_l2r_credit_pilot_da48c781_AC-ALG1_ANSWER-WEIGHTED_seed313__AC-ALG1_s313.json,2bbe7e363af89c5a9ffea5347a4835dbe20e49b1c6de0278369e9b9e6d852b58
q3_l2r_credit_pilot_da48c781_AC-ALG1_ANSWER-WEIGHTED_seed317,da48c781,qwen3-1.7b-base,AC-ALG1,317,gsm8k,2521.2,1,NVIDIA H100 80GB HBM3,0.7003333333333333,73c51768382c0a6f48293e3abc2d94405f5f74739327004d37decd450b69c186,research_repository/ResultsArchive/incoming/credit-pilot__da48c781/cell_result_gsm8k__q3_l2r_credit_pilot_da48c781_AC-ALG1_ANSWER-WEIGHTED_seed317__AC-ALG1_s317.json,6e119db24b735a6cadd055cefb89e0bd62cf632ea6817b2b8175de149e1dfa74,research_repository/ResultsArchive/incoming/credit-pilot__da48c781/complete_gsm8k__q3_l2r_credit_pilot_da48c781_AC-ALG1_ANSWER-WEIGHTED_seed317__AC-ALG1_s317.json,4859d5711fb46272fcc7f3bc0dc2870fb9faa1df1661901d8acce78d41f2120a
q3_l2r_credit_pilot_da48c781_AC-ALG1_ANSWER-WEIGHTED_seed331,da48c781,qwen3-1.7b-base,AC-ALG1,331,gsm8k,2740.0,1,NVIDIA H100 80GB HBM3,0.7611111111111111,3ed77e89c8fc6131e5b1fe996c977bd4dc7e53065b4ec0f644710f74e5278ee4,research_repository/ResultsArchive/incoming/credit-pilot__da48c781/cell_result_gsm8k__q3_l2r_credit_pilot_da48c781_AC-ALG1_ANSWER-WEIGHTED_seed331__AC-ALG1_s331.json,747ed0ead68611cd357fb3aba4e2c3fe758b45a5f8314185a1c237b82985d8d7,research_repository/ResultsArchive/incoming/credit-pilot__da48c781/complete_gsm8k__q3_l2r_credit_pilot_da48c781_AC-ALG1_ANSWER-WEIGHTED_seed331__AC-ALG1_s331.json,ff1c7bde292fab4a1d59327f46829ad7f2f65af20dfa4e4f16a1f0d3dc2c7938
q3_l2r_credit_pilot_da48c781_AC-ALG1_CENTERED-TRACE_seed313,da48c781,qwen3-1.7b-base,AC-ALG1,313,gsm8k,2332.1,1,NVIDIA H100 80GB HBM3,0.6478055555555555,1e9142ec2f9f3d6306dc53c85f866d8baf8ef0aa329b4c3956c164f3dfadb8f8,research_repository/ResultsArchive/incoming/credit-pilot__da48c781/cell_result_gsm8k__q3_l2r_credit_pilot_da48c781_AC-ALG1_CENTERED-TRACE_seed313__AC-ALG1_s313.json,79b09826dcf77aa254fbacda7c0de68593d38ea71c0d0dba05481afb61cfd5ab,research_repository/ResultsArchive/incoming/credit-pilot__da48c781/complete_gsm8k__q3_l2r_credit_pilot_da48c781_AC-ALG1_CENTERED-TRACE_seed313__AC-ALG1_s313.json,9781aec0bb524b3763d123833fd138fba57f0b243bcd28e0b69c3f3f489b96a0
q3_l2r_credit_pilot_da48c781_AC-ALG1_CENTERED-TRACE_seed317,da48c781,qwen3-1.7b-base,AC-ALG1,317,gsm8k,2531.6,1,NVIDIA H100 80GB HBM3,0.7032222222222222,a9fff3700927d94db2bd41192caae26921ef491dd62a991af3f2f7a8204b1cb3,research_repository/ResultsArchive/incoming/credit-pilot__da48c781/cell_result_gsm8k__q3_l2r_credit_pilot_da48c781_AC-ALG1_CENTERED-TRACE_seed317__AC-ALG1_s317.json,dcc6fd64cc50e925d4ce72c4c24b3e624824d5215db76274cabdb5d49a768116,research_repository/ResultsArchive/incoming/credit-pilot__da48c781/complete_gsm8k__q3_l2r_credit_pilot_da48c781_AC-ALG1_CENTERED-TRACE_seed317__AC-ALG1_s317.json,1665c980016dfb9654f027dc5c890b9207edd912805a6194b47bc5c36ae78e03
q3_l2r_credit_pilot_da48c781_AC-ALG1_CENTERED-TRACE_seed331,da48c781,qwen3-1.7b-base,AC-ALG1,331,gsm8k,2363.1,1,NVIDIA H100 80GB HBM3,0.6564166666666666,1e0d233590206e196cb30f24bc5429031d769f51290dfe48e4d94f8a10d0120a,research_repository/ResultsArchive/incoming/credit-pilot__da48c781/cell_result_gsm8k__q3_l2r_credit_pilot_da48c781_AC-ALG1_CENTERED-TRACE_seed331__AC-ALG1_s331.json,854304aa2730481802b42afcd7c796277afb0f94350860341508263ff06494eb,research_repository/ResultsArchive/incoming/credit-pilot__da48c781/complete_gsm8k__q3_l2r_credit_pilot_da48c781_AC-ALG1_CENTERED-TRACE_seed331__AC-ALG1_s331.json,8176cef27179d12bc38d0cd4f70ddf1df5361612450fdb0df6b6b757b19ff8de
q3_l2r_credit_pilot_da48c781_AC-ALG1_SEGMENT-FLOW_seed313,da48c781,qwen3-1.7b-base,AC-ALG1,313,gsm8k,2367.1,1,NVIDIA H100 80GB HBM3,0.6575277777777777,a803ef490276a0620e6a6913cabc3743fbe9005859994c219eeca3f7f6a2fd22,research_repository/ResultsArchive/incoming/credit-pilot__da48c781/cell_result_gsm8k__q3_l2r_credit_pilot_da48c781_AC-ALG1_SEGMENT-FLOW_seed313__AC-ALG1_s313.json,b9a4b86bcd27021fd2c608d4e9bbb124b57538e4317f7536bc8d19c281831d90,research_repository/ResultsArchive/incoming/credit-pilot__da48c781/complete_gsm8k__q3_l2r_credit_pilot_da48c781_AC-ALG1_SEGMENT-FLOW_seed313__AC-ALG1_s313.json,bd8d1ad331759459a9a2df225a609387a75b5a376b99eaa15a8d70772859a6b7
q3_l2r_credit_pilot_da48c781_AC-ALG1_SEGMENT-FLOW_seed317,da48c781,qwen3-1.7b-base,AC-ALG1,317,gsm8k,2118.1,1,NVIDIA H100 80GB HBM3,0.5883611111111111,9645f1294dacb74ab554430d2c432e33ff51213c431014d958f06d986a692d2b,research_repository/ResultsArchive/incoming/credit-pilot__da48c781/cell_result_gsm8k__q3_l2r_credit_pilot_da48c781_AC-ALG1_SEGMENT-FLOW_seed317__AC-ALG1_s317.json,ed596357ee0d1c969bc6f0180902d5604a5ef253f06908b7888665cdd6fea073,research_repository/ResultsArchive/incoming/credit-pilot__da48c781/complete_gsm8k__q3_l2r_credit_pilot_da48c781_AC-ALG1_SEGMENT-FLOW_seed317__AC-ALG1_s317.json,509d9d0521984b9c6e56f58ee3a0cd7b8d0b3ae38b5b67636eb8a4db9981a3bd
q3_l2r_credit_pilot_da48c781_AC-ALG1_SEGMENT-FLOW_seed331,da48c781,qwen3-1.7b-base,AC-ALG1,331,gsm8k,2323.6,1,NVIDIA H100 80GB HBM3,0.6454444444444444,4f5bea3be930ef6af47f94b01e9e30c3c7c021f453dd37775d9526746a783682,research_repository/ResultsArchive/incoming/credit-pilot__da48c781/cell_result_gsm8k__q3_l2r_credit_pilot_da48c781_AC-ALG1_SEGMENT-FLOW_seed331__AC-ALG1_s331.json,b969713bdf7d8adec8843d02a45e3e1220a8df7b292158364943dcc352bc2fda,research_repository/ResultsArchive/incoming/credit-pilot__da48c781/complete_gsm8k__q3_l2r_credit_pilot_da48c781_AC-ALG1_SEGMENT-FLOW_seed331__AC-ALG1_s331.json,12f72fc804e4a1e71993b00b8dacb3ad86e490f7bc7ae55a18ae5b59633e9f30
q3_l2r_credit_pilot_da48c781_RLOO_RLOO_seed313,da48c781,qwen3-1.7b-base,RLOO,313,gsm8k,2168.0,1,NVIDIA H100 80GB HBM3,0.6022222222222222,df1f3af69467d6ee73392fbad23156b04002f7262a1e9751318928270932843c,research_repository/ResultsArchive/incoming/credit-pilot__da48c781/cell_result_gsm8k__q3_l2r_credit_pilot_da48c781_RLOO_RLOO_seed313__RLOO_s313.json,81d5487999c355288d155a2a81947fcd82b9b01af3a7cf6dc1182883518f40f0,research_repository/ResultsArchive/incoming/credit-pilot__da48c781/complete_gsm8k__q3_l2r_credit_pilot_da48c781_RLOO_RLOO_seed313__RLOO_s313.json,5fea15aa226fd8a00f41e8706d6668850c429f3ec5ff95122a8b15123b4d2f46
q3_l2r_credit_pilot_da48c781_RLOO_RLOO_seed317,da48c781,qwen3-1.7b-base,RLOO,317,gsm8k,2372.9,1,NVIDIA H100 80GB HBM3,0.6591388888888889,59ea4e6acaa1515eb260542dde958dfe3c11410829d22fa07449438863c0101b,research_repository/ResultsArchive/incoming/credit-pilot__da48c781/cell_result_gsm8k__q3_l2r_credit_pilot_da48c781_RLOO_RLOO_seed317__RLOO_s317.json,39d569f84d0adc0ea451bfae07f4b49dc560d138d03de08288539d11c2e49412,research_repository/ResultsArchive/incoming/credit-pilot__da48c781/complete_gsm8k__q3_l2r_credit_pilot_da48c781_RLOO_RLOO_seed317__RLOO_s317.json,c0c29df978e20580a2373ee83a030ca96bd2b25f15a750fcf032c7ee33a8c024
q3_l2r_credit_pilot_da48c781_RLOO_RLOO_seed331,da48c781,qwen3-1.7b-base,RLOO,331,gsm8k,2258.7,1,NVIDIA H100 80GB HBM3,0.6274166666666666,ac4dfda5020ce67b564b40f8e0b186f7c1881479e41c70ce22a06ae124ac96d7,research_repository/ResultsArchive/incoming/credit-pilot__da48c781/cell_result_gsm8k__q3_l2r_credit_pilot_da48c781_RLOO_RLOO_seed331__RLOO_s331.json,e33968f72bbb7a4a61bd3a8da56677082abeacbe0e06a392cd116fc1488fc233,research_repository/ResultsArchive/incoming/credit-pilot__da48c781/complete_gsm8k__q3_l2r_credit_pilot_da48c781_RLOO_RLOO_seed331__RLOO_s331.json,f8b202e90341f3125fa411e7396fc93ec053b6bd0ec9c72e8830db0cc12003cc
q3_l2r_credit_pilot_da48c781_base_CTRL-base_seed313,da48c781,qwen3-1.7b-base,base,313,gsm8k,293.6,1,NVIDIA H100 80GB HBM3,0.08155555555555556,c22ef67aebdeea8899b99debaf1354254d75800ec61e5db1f8abdc47f0c1d118,research_repository/ResultsArchive/incoming/credit-pilot__da48c781/cell_result_gsm8k__q3_l2r_credit_pilot_da48c781_base_CTRL-base_seed313__base_s313.json,6164b4c9cac14a8ba4f23632cc74e66d032aaab7d5295355f46772e2615f8f0c,research_repository/ResultsArchive/incoming/credit-pilot__da48c781/complete_gsm8k__q3_l2r_credit_pilot_da48c781_base_CTRL-base_seed313__base_s313.json,7834eb4e9a721a69b6d8e3d85815c69e284d7de8a216cbaed4ad0f5c64bc8f02
q3_l2r_credit_pilot_da48c781_base_CTRL-base_seed317,da48c781,qwen3-1.7b-base,base,317,gsm8k,406.0,1,NVIDIA H100 80GB HBM3,0.11277777777777778,822050e96986be79454fd33f0707d55ad46cf7a9a003b5839565559081ed8ede,research_repository/ResultsArchive/incoming/credit-pilot__da48c781/cell_result_gsm8k__q3_l2r_credit_pilot_da48c781_base_CTRL-base_seed317__base_s317.json,445d8cdebdaeb7c77925fda5fc2860a59bd2c90e032517d12fbbf19f80c849da,research_repository/ResultsArchive/incoming/credit-pilot__da48c781/complete_gsm8k__q3_l2r_credit_pilot_da48c781_base_CTRL-base_seed317__base_s317.json,93f11427a6c65afa0d05bc3a8d0508064429a244a97298b5b172af3d572bde7b
q3_l2r_credit_pilot_da48c781_base_CTRL-base_seed331,da48c781,qwen3-1.7b-base,base,331,gsm8k,333.4,1,NVIDIA H100 80GB HBM3,0.0926111111111111,c3268939ce9d18e8c942fa731d1f8f97692552bc0afef5fce5c0e54b5876635e,research_repository/ResultsArchive/incoming/credit-pilot__da48c781/cell_result_gsm8k__q3_l2r_credit_pilot_da48c781_base_CTRL-base_seed331__base_s331.json,b1b641717408d13df64a87fb698674f7e45b84b57d23457c01fbf023de8c99f7,research_repository/ResultsArchive/incoming/credit-pilot__da48c781/complete_gsm8k__q3_l2r_credit_pilot_da48c781_base_CTRL-base_seed331__base_s331.json,1ad0c5389ce1d2b2de1fd72b232709746e7b27e521139901d451f9bc1ac819f6
q3_l2r_curated_buffer_d7c4e8a1_AC-ALG1_CURATED-K32-U1_seed461,d7c4e8a1,qwen3-1.7b-base,AC-ALG1,461,gsm8k,3587.1,1,NVIDIA H100 80GB HBM3,0.9964166666666666,83ae61870bdf93b1a58769d67705220a999c132970e386df03647cbfa2a127db,research_repository/ResultsArchive/incoming/curated-buffer-pilot__d7c4e8a1/artifacts/cell_result_gsm8k__q3_l2r_curated_buffer_d7c4e8a1_AC-ALG1_CURATED-K32-U1_seed461__AC-ALG1_s461.json,858e6ac3cdab4612b0ba064f22325fdb8b45725fdc9900840a8686b39566d59e,research_repository/ResultsArchive/incoming/curated-buffer-pilot__d7c4e8a1/artifacts/complete_gsm8k__q3_l2r_curated_buffer_d7c4e8a1_AC-ALG1_CURATED-K32-U1_seed461__AC-ALG1_s461.json,625709492cac7f005798ebae7c2431550d6fd0a7c955cf40e4f09caa6fd636de
q3_l2r_curated_buffer_d7c4e8a1_AC-ALG1_CURATED-K32-U1_seed463,d7c4e8a1,qwen3-1.7b-base,AC-ALG1,463,gsm8k,3871.2,1,NVIDIA H100 80GB HBM3,1.0753333333333333,5f872a32936e30820b4fb6d718e5f0a308bcdc1c7b36c2f3e2dbfc4236950fac,research_repository/ResultsArchive/incoming/curated-buffer-pilot__d7c4e8a1/artifacts/cell_result_gsm8k__q3_l2r_curated_buffer_d7c4e8a1_AC-ALG1_CURATED-K32-U1_seed463__AC-ALG1_s463.json,81f7cebb1404ce8e5a69a72d90b0d286dc438ad9ebd843c7c040d80e0f94d21a,research_repository/ResultsArchive/incoming/curated-buffer-pilot__d7c4e8a1/artifacts/complete_gsm8k__q3_l2r_curated_buffer_d7c4e8a1_AC-ALG1_CURATED-K32-U1_seed463__AC-ALG1_s463.json,2e34df90731d555661e8933f37b3eaaddd849aa6b39728766e52b29f74202acc
q3_l2r_curated_buffer_d7c4e8a1_AC-ALG1_CURATED-K32-U1_seed467,d7c4e8a1,qwen3-1.7b-base,AC-ALG1,467,gsm8k,3700.7,1,NVIDIA H100 80GB HBM3,1.027972222222222,0ccc57d6571cfcc1ce5e8e29d5e2f3e302b09712d55a16ca65c563ad415748f4,research_repository/ResultsArchive/incoming/curated-buffer-pilot__d7c4e8a1/artifacts/cell_result_gsm8k__q3_l2r_curated_buffer_d7c4e8a1_AC-ALG1_CURATED-K32-U1_seed467__AC-ALG1_s467.json,87106874bc82af4932cfadb1802a38d3e7b1e176032df19ec08cc2d2937c6d68,research_repository/ResultsArchive/incoming/curated-buffer-pilot__d7c4e8a1/artifacts/complete_gsm8k__q3_l2r_curated_buffer_d7c4e8a1_AC-ALG1_CURATED-K32-U1_seed467__AC-ALG1_s467.json,4f4b39486468ecf352298e37f1aceece11522b7dc3e498e202088bc5e7d9294e
q3_l2r_curated_buffer_d7c4e8a1_AC-ALG1_CURATED-K32-U4_seed461,d7c4e8a1,qwen3-1.7b-base,AC-ALG1,461,gsm8k,3777.3,1,NVIDIA H100 80GB HBM3,1.04925,1edc651a9c695c88a3a322b6b2935e9c203c18e976cf1cc31b744244af2f7f9d,research_repository/ResultsArchive/incoming/curated-buffer-pilot__d7c4e8a1/artifacts/cell_result_gsm8k__q3_l2r_curated_buffer_d7c4e8a1_AC-ALG1_CURATED-K32-U4_seed461__AC-ALG1_s461.json,d47c6797635cd5f4bff40f892f2426c1190cd0d966a49368c574e52ddb667406,research_repository/ResultsArchive/incoming/curated-buffer-pilot__d7c4e8a1/artifacts/complete_gsm8k__q3_l2r_curated_buffer_d7c4e8a1_AC-ALG1_CURATED-K32-U4_seed461__AC-ALG1_s461.json,319e536fc139056dc51f6477da0cd7c34df22699768d42969ab0a6c405341a5a
q3_l2r_curated_buffer_d7c4e8a1_AC-ALG1_CURATED-K32-U4_seed463,d7c4e8a1,qwen3-1.7b-base,AC-ALG1,463,gsm8k,3597.1,1,NVIDIA H100 80GB HBM3,0.9991944444444444,6ac57580a238f92ef18d2494fdd7b83d372f64611f7f26d69251fe9e53b0c7b1,research_repository/ResultsArchive/incoming/curated-buffer-pilot__d7c4e8a1/artifacts/cell_result_gsm8k__q3_l2r_curated_buffer_d7c4e8a1_AC-ALG1_CURATED-K32-U4_seed463__AC-ALG1_s463.json,64d19b8bfea545bdd43a2d6be78f976427e52a57d74e4f500076a128ebab1155,research_repository/ResultsArchive/incoming/curated-buffer-pilot__d7c4e8a1/artifacts/complete_gsm8k__q3_l2r_curated_buffer_d7c4e8a1_AC-ALG1_CURATED-K32-U4_seed463__AC-ALG1_s463.json,8a578a222f4aa4642f6ba41f4378884919b3a7aff67b6d1d442fd61f0360e2f6
q3_l2r_curated_buffer_d7c4e8a1_AC-ALG1_CURATED-K32-U4_seed467,d7c4e8a1,qwen3-1.7b-base,AC-ALG1,467,gsm8k,3883.1,1,NVIDIA H100 80GB HBM3,1.078638888888889,1a00a466ba65af81c8584dadd6fc0f08b4b1db54b4ea7528d323098b961b2214,research_repository/ResultsArchive/incoming/curated-buffer-pilot__d7c4e8a1/artifacts/cell_result_gsm8k__q3_l2r_curated_buffer_d7c4e8a1_AC-ALG1_CURATED-K32-U4_seed467__AC-ALG1_s467.json,fcbd7a7bb099552dcb5b7681e347d9d74311d75dc583c2be405bbc1be746b6aa,research_repository/ResultsArchive/incoming/curated-buffer-pilot__d7c4e8a1/artifacts/complete_gsm8k__q3_l2r_curated_buffer_d7c4e8a1_AC-ALG1_CURATED-K32-U4_seed467__AC-ALG1_s467.json,2fc51472389e7c937bd622e594e053a29771459ca6b88120eb6e351d85fc65c2
q3_l2r_curated_buffer_d7c4e8a1_AC-ALG1_PIS-K32-U1_seed461,d7c4e8a1,qwen3-1.7b-base,AC-ALG1,461,gsm8k,3327.1,1,NVIDIA H100 80GB HBM3,0.9241944444444444,0dd9fcbc959fac692633ee714565288fc39aa16119816d68bfb24fa4c09b739b,research_repository/ResultsArchive/incoming/curated-buffer-pilot__d7c4e8a1/artifacts/cell_result_gsm8k__q3_l2r_curated_buffer_d7c4e8a1_AC-ALG1_PIS-K32-U1_seed461__AC-ALG1_s461.json,bae416822ebfd33215602869b3083cf90abdddede98d8c8ce74bace8da7c0b34,research_repository/ResultsArchive/incoming/curated-buffer-pilot__d7c4e8a1/artifacts/complete_gsm8k__q3_l2r_curated_buffer_d7c4e8a1_AC-ALG1_PIS-K32-U1_seed461__AC-ALG1_s461.json,dd7ad65e0efb67b71f721ffe6b16f1e8c0a4661ba34d664edc8e16f6748a0e3b
q3_l2r_curated_buffer_d7c4e8a1_AC-ALG1_PIS-K32-U1_seed463,d7c4e8a1,qwen3-1.7b-base,AC-ALG1,463,gsm8k,3837.8,1,NVIDIA H100 80GB HBM3,1.0660555555555555,5165acd5fa06fbf5309d16be761e86ffd6a92a25260bca2936d361c95bf939a1,research_repository/ResultsArchive/incoming/curated-buffer-pilot__d7c4e8a1/artifacts/cell_result_gsm8k__q3_l2r_curated_buffer_d7c4e8a1_AC-ALG1_PIS-K32-U1_seed463__AC-ALG1_s463.json,66b7640bfcb0c81ab39b68e90224f69085e16d303594545c35883b14f88f4b3a,research_repository/ResultsArchive/incoming/curated-buffer-pilot__d7c4e8a1/artifacts/complete_gsm8k__q3_l2r_curated_buffer_d7c4e8a1_AC-ALG1_PIS-K32-U1_seed463__AC-ALG1_s463.json,008a22c263341147721fd328f2ae9c4cc5e5c723c57ef86a4cb194ca2054f80f
q3_l2r_curated_buffer_d7c4e8a1_AC-ALG1_PIS-K32-U1_seed467,d7c4e8a1,qwen3-1.7b-base,AC-ALG1,467,gsm8k,3708.6,1,NVIDIA H100 80GB HBM3,1.0301666666666667,0df019ec2492c13af1f1760a007980f520d8ce7a3500e9f40496ebe69b3b04a7,research_repository/ResultsArchive/incoming/curated-buffer-pilot__d7c4e8a1/artifacts/cell_result_gsm8k__q3_l2r_curated_buffer_d7c4e8a1_AC-ALG1_PIS-K32-U1_seed467__AC-ALG1_s467.json,12cdb3ab7c0332bcb872b7846f9104c3d8535edc28cc02416e59725dfd443fc1,research_repository/ResultsArchive/incoming/curated-buffer-pilot__d7c4e8a1/artifacts/complete_gsm8k__q3_l2r_curated_buffer_d7c4e8a1_AC-ALG1_PIS-K32-U1_seed467__AC-ALG1_s467.json,1c5feaeca3b6d5d5a9ad024fe6e2bd59a42f804663b41e88781ffeb9e9a437b0
q3_l2r_curated_buffer_d7c4e8a1_AC-ALG1_PIS-K32-U4_seed461,d7c4e8a1,qwen3-1.7b-base,AC-ALG1,461,gsm8k,4000.7,1,NVIDIA H100 80GB HBM3,1.1113055555555555,bb82b8f1885ccbf43dccfa511875e42252839b7ab1bf74491e23a386d6028db3,research_repository/ResultsArchive/incoming/curated-buffer-pilot__d7c4e8a1/artifacts/cell_result_gsm8k__q3_l2r_curated_buffer_d7c4e8a1_AC-ALG1_PIS-K32-U4_seed461__AC-ALG1_s461.json,c416cd2c472c7dbe4ba6055d3bb08533eb270a1361b095b324dc03ca24c3a482,research_repository/ResultsArchive/incoming/curated-buffer-pilot__d7c4e8a1/artifacts/complete_gsm8k__q3_l2r_curated_buffer_d7c4e8a1_AC-ALG1_PIS-K32-U4_seed461__AC-ALG1_s461.json,023e47b79ca6de68e3ff0bc211fe3341f1ff3008d8c456cdeebec2343eb50368
q3_l2r_curated_buffer_d7c4e8a1_AC-ALG1_PIS-K32-U4_seed463,d7c4e8a1,qwen3-1.7b-base,AC-ALG1,463,gsm8k,3763.7,1,NVIDIA H100 80GB HBM3,1.0454722222222221,95402c73091081dd48cb6599ecba07834ddeafc34f898ceec682d51139abbcee,research_repository/ResultsArchive/incoming/curated-buffer-pilot__d7c4e8a1/artifacts/cell_result_gsm8k__q3_l2r_curated_buffer_d7c4e8a1_AC-ALG1_PIS-K32-U4_seed463__AC-ALG1_s463.json,085a227e4525eb232d7c9124ea8e692ed48b604a6d53b35fc6bc9657e326a0f5,research_repository/ResultsArchive/incoming/curated-buffer-pilot__d7c4e8a1/artifacts/complete_gsm8k__q3_l2r_curated_buffer_d7c4e8a1_AC-ALG1_PIS-K32-U4_seed463__AC-ALG1_s463.json,e2ce3fa82b0a55b0bcdbd47356684b80bb58d091d694818d554131276a64f6e4
q3_l2r_curated_buffer_d7c4e8a1_AC-ALG1_PIS-K32-U4_seed467,d7c4e8a1,qwen3-1.7b-base,AC-ALG1,467,gsm8k,3973.0,1,NVIDIA H100 80GB HBM3,1.103611111111111,5bea6a7da414fcb710c5c62144bcfa13b2ebd4700e62ca9fd90b866d9694be01,research_repository/ResultsArchive/incoming/curated-buffer-pilot__d7c4e8a1/artifacts/cell_result_gsm8k__q3_l2r_curated_buffer_d7c4e8a1_AC-ALG1_PIS-K32-U4_seed467__AC-ALG1_s467.json,9e73c8112b286d546bc67e041c203245fd7d4f4fe2518777bad4ea98c7ef8a7e,research_repository/ResultsArchive/incoming/curated-buffer-pilot__d7c4e8a1/artifacts/complete_gsm8k__q3_l2r_curated_buffer_d7c4e8a1_AC-ALG1_PIS-K32-U4_seed467__AC-ALG1_s467.json,03d4523d49de9845ea6dc05965ba36be87277587ccf842119d9e41edff861cee
q3_l2r_curated_buffer_d7c4e8a1_AC-ALG1_UNIFORM-K32-U1_seed461,d7c4e8a1,qwen3-1.7b-base,AC-ALG1,461,gsm8k,3457.2,1,NVIDIA H100 80GB HBM3,0.9603333333333333,31a6efbfc10e288884cc954dad68e719736c326bff1bb189abf347e5a9824008,research_repository/ResultsArchive/incoming/curated-buffer-pilot__d7c4e8a1/artifacts/cell_result_gsm8k__q3_l2r_curated_buffer_d7c4e8a1_AC-ALG1_UNIFORM-K32-U1_seed461__AC-ALG1_s461.json,18ed293c497a0e71c35f11ca819b25d9438038d29f5789f295252ffe26a7782c,research_repository/ResultsArchive/incoming/curated-buffer-pilot__d7c4e8a1/artifacts/complete_gsm8k__q3_l2r_curated_buffer_d7c4e8a1_AC-ALG1_UNIFORM-K32-U1_seed461__AC-ALG1_s461.json,f27b90331a1595ef4d22bf7e9cff69b660051a77adce34f04e296d90c9d8ef37
q3_l2r_curated_buffer_d7c4e8a1_AC-ALG1_UNIFORM-K32-U1_seed463,d7c4e8a1,qwen3-1.7b-base,AC-ALG1,463,gsm8k,3656.3,1,NVIDIA H100 80GB HBM3,1.015638888888889,4174727ac658c0a8768878b63bf09e01b7d51e42e8fca483d2aed586f7a7d81f,research_repository/ResultsArchive/incoming/curated-buffer-pilot__d7c4e8a1/artifacts/cell_result_gsm8k__q3_l2r_curated_buffer_d7c4e8a1_AC-ALG1_UNIFORM-K32-U1_seed463__AC-ALG1_s463.json,637e2134080bdc942bb7ed0cdb8b6158ca3699ce7c638b00d7b8576b209f81a1,research_repository/ResultsArchive/incoming/curated-buffer-pilot__d7c4e8a1/artifacts/complete_gsm8k__q3_l2r_curated_buffer_d7c4e8a1_AC-ALG1_UNIFORM-K32-U1_seed463__AC-ALG1_s463.json,4f46a4a2a4b596f33b300b4940f0c249b33dd1cc7d7969453c829c86918def8f
q3_l2r_curated_buffer_d7c4e8a1_AC-ALG1_UNIFORM-K32-U1_seed467,d7c4e8a1,qwen3-1.7b-base,AC-ALG1,467,gsm8k,3730.1,1,NVIDIA H100 80GB HBM3,1.036138888888889,8a79c973989e9b7fe910545116a241fc608dc03094ce5d02f74162e17efab931,research_repository/ResultsArchive/incoming/curated-buffer-pilot__d7c4e8a1/artifacts/cell_result_gsm8k__q3_l2r_curated_buffer_d7c4e8a1_AC-ALG1_UNIFORM-K32-U1_seed467__AC-ALG1_s467.json,a24dc09ed4955651d5bd23cd1db948607e6c8fc1db650e01ed67b6f8d1d96372,research_repository/ResultsArchive/incoming/curated-buffer-pilot__d7c4e8a1/artifacts/complete_gsm8k__q3_l2r_curated_buffer_d7c4e8a1_AC-ALG1_UNIFORM-K32-U1_seed467__AC-ALG1_s467.json,b442c883314f37a712b55eead8ef3aafd307017a9125071489bc8de8ce74d655
q3_l2r_curated_buffer_d7c4e8a1_AC-ALG1_UNIFORM-K32-U4_seed461,d7c4e8a1,qwen3-1.7b-base,AC-ALG1,461,gsm8k,3980.2,1,NVIDIA H100 80GB HBM3,1.105611111111111,b3561ccc4ebecc728484315769e955380c0a3d0d6df6ac6e44efcd9d2359f405,research_repository/ResultsArchive/incoming/curated-buffer-pilot__d7c4e8a1/artifacts/cell_result_gsm8k__q3_l2r_curated_buffer_d7c4e8a1_AC-ALG1_UNIFORM-K32-U4_seed461__AC-ALG1_s461.json,92bdfe42eaff029b11f638b55d49e25f216c69be5b7e856b34c224dafc4c1e3c,research_repository/ResultsArchive/incoming/curated-buffer-pilot__d7c4e8a1/artifacts/complete_gsm8k__q3_l2r_curated_buffer_d7c4e8a1_AC-ALG1_UNIFORM-K32-U4_seed461__AC-ALG1_s461.json,2d20c6def145fc094de1e20ff1e4426aaaf193abc6a3a5560fe6600770bc1408
q3_l2r_curated_buffer_d7c4e8a1_AC-ALG1_UNIFORM-K32-U4_seed463,d7c4e8a1,qwen3-1.7b-base,AC-ALG1,463,gsm8k,3758.4,1,NVIDIA H100 80GB HBM3,1.044,60871fb4f4b3aa87e86218c0651e2008f4b7b271bb7cac0918d41d319d0d104c,research_repository/ResultsArchive/incoming/curated-buffer-pilot__d7c4e8a1/artifacts/cell_result_gsm8k__q3_l2r_curated_buffer_d7c4e8a1_AC-ALG1_UNIFORM-K32-U4_seed463__AC-ALG1_s463.json,59525628bae07d9a4c1596629d32ab998770d3eca35e79841b33a2cb0f8df74f,research_repository/ResultsArchive/incoming/curated-buffer-pilot__d7c4e8a1/artifacts/complete_gsm8k__q3_l2r_curated_buffer_d7c4e8a1_AC-ALG1_UNIFORM-K32-U4_seed463__AC-ALG1_s463.json,d5c97b24a782b3b480ad858e5dd812b34ef34f1a9949734c564e15935576b12c
q3_l2r_curated_buffer_d7c4e8a1_AC-ALG1_UNIFORM-K32-U4_seed467,d7c4e8a1,qwen3-1.7b-base,AC-ALG1,467,gsm8k,3953.5,1,NVIDIA H100 80GB HBM3,1.0981944444444445,b93c4a15f86d593412663dcead5ea4f3acb10d6e6970f4351c9e88bae9fe7069,research_repository/ResultsArchive/incoming/curated-buffer-pilot__d7c4e8a1/artifacts/cell_result_gsm8k__q3_l2r_curated_buffer_d7c4e8a1_AC-ALG1_UNIFORM-K32-U4_seed467__AC-ALG1_s467.json,1f49b70466a18cf86ae8d61419d87498cae69e40fca18e5e45d04e45508b083b,research_repository/ResultsArchive/incoming/curated-buffer-pilot__d7c4e8a1/artifacts/complete_gsm8k__q3_l2r_curated_buffer_d7c4e8a1_AC-ALG1_UNIFORM-K32-U4_seed467__AC-ALG1_s467.json,0328da1cb7b9926007c62b21da218e48e79134b234d7ad04cf1759dbf0246fa8
q3_l2r_curated_buffer_d7c4e8a1_base_CTRL-base_seed461,d7c4e8a1,qwen3-1.7b-base,base,461,gsm8k,309.6,1,NVIDIA H100 80GB HBM3,0.08600000000000001,8b14d084e8a73a4a15b2b23eeaced1cbea0a294d16d2fc79dadaba410011aa44,research_repository/ResultsArchive/incoming/curated-buffer-pilot__d7c4e8a1/artifacts/cell_result_gsm8k__q3_l2r_curated_buffer_d7c4e8a1_base_CTRL-base_seed461__base_s461.json,93f0725921362a96595dbe32c51b9530dd653b696de656e51cf2ba5f9306db83,research_repository/ResultsArchive/incoming/curated-buffer-pilot__d7c4e8a1/artifacts/complete_gsm8k__q3_l2r_curated_buffer_d7c4e8a1_base_CTRL-base_seed461__base_s461.json,945b536f5824e896f2a5fbaee8d6400c42408cb26303f64b1783c5b9184dbdff
q3_l2r_curated_buffer_d7c4e8a1_base_CTRL-base_seed463,d7c4e8a1,qwen3-1.7b-base,base,463,gsm8k,345.0,1,NVIDIA H100 80GB HBM3,0.09583333333333334,723aca1725c5f85800bd6c04a9040f126ab2b646aed60ce742921d0a3c957467,research_repository/ResultsArchive/incoming/curated-buffer-pilot__d7c4e8a1/artifacts/cell_result_gsm8k__q3_l2r_curated_buffer_d7c4e8a1_base_CTRL-base_seed463__base_s463.json,5d322c42214cf635c1d7f0add041bcd3fe8462effb3c560cbdc9443490874b4d,research_repository/ResultsArchive/incoming/curated-buffer-pilot__d7c4e8a1/artifacts/complete_gsm8k__q3_l2r_curated_buffer_d7c4e8a1_base_CTRL-base_seed463__base_s463.json,5639a840e1e2b5b9b9ffe70e49ef14ade36e64c2a92f55fe9ec6e74f105dc339
q3_l2r_curated_buffer_d7c4e8a1_base_CTRL-base_seed467,d7c4e8a1,qwen3-1.7b-base,base,467,gsm8k,399.6,1,NVIDIA H100 80GB HBM3,0.111,da06037954559c8ff9f679e0f1bbf84f59dc28a8da2534a1e447077498835477,research_repository/ResultsArchive/incoming/curated-buffer-pilot__d7c4e8a1/artifacts/cell_result_gsm8k__q3_l2r_curated_buffer_d7c4e8a1_base_CTRL-base_seed467__base_s467.json,8565cd214b8e9364137151f1d4dc20807fe70a600e0aebccb5798c721377297d,research_repository/ResultsArchive/incoming/curated-buffer-pilot__d7c4e8a1/artifacts/complete_gsm8k__q3_l2r_curated_buffer_d7c4e8a1_base_CTRL-base_seed467__base_s467.json,0ebd2e04aacbdf0003296eb0549c0a95306d762493733831e0a6cdad145950af
q3_l2r_exact_signed_factorial_f4d8b2c7_AC-ALG1_AW-U1_seed683,f4d8b2c7,qwen3-1.7b-base,AC-ALG1,683,gsm8k,1993.7,1,NVIDIA H100 80GB HBM3,0.5538055555555556,26c3f72376de79161d7cab549470173ce4d1af3515067317c4a9b98613f90c9b,research_repository/ResultsArchive/incoming/exact-signed-factorial__f4d8b2c7/artifacts/cell_result_gsm8k__q3_l2r_exact_signed_factorial_f4d8b2c7_AC-ALG1_AW-U1_seed683__AC-ALG1_s683.json,f66cbcf8c17b0aadef5aa24c0df8a098df52713260913fbe7cddd9f168eff932,research_repository/ResultsArchive/incoming/exact-signed-factorial__f4d8b2c7/artifacts/complete_gsm8k__q3_l2r_exact_signed_factorial_f4d8b2c7_AC-ALG1_AW-U1_seed683__AC-ALG1_s683.json,f716031a1dee5b5052b65910cef47fa3c417ad71cca9f4c7052d809cda0dfef4
q3_l2r_exact_signed_factorial_f4d8b2c7_AC-ALG1_AW-U1_seed709,f4d8b2c7,qwen3-1.7b-base,AC-ALG1,709,gsm8k,2091.7,1,NVIDIA H100 80GB HBM3,0.5810277777777777,7e9667ebfc1f65e6f1eebe2d517cf945d912e1bcd954d80799a64721c92d84b0,research_repository/ResultsArchive/incoming/exact-signed-factorial__f4d8b2c7/artifacts/cell_result_gsm8k__q3_l2r_exact_signed_factorial_f4d8b2c7_AC-ALG1_AW-U1_seed709__AC-ALG1_s709.json,85a591c2fd508723662e742926b41a0dbac3e42a19ad4266d7a62e3ff3641fc4,research_repository/ResultsArchive/incoming/exact-signed-factorial__f4d8b2c7/artifacts/complete_gsm8k__q3_l2r_exact_signed_factorial_f4d8b2c7_AC-ALG1_AW-U1_seed709__AC-ALG1_s709.json,90959e89780b26eb5a3184909dbd32e8623eefea1b1f0042ffb439115fcfa050
q3_l2r_exact_signed_factorial_f4d8b2c7_AC-ALG1_AW-U1_seed733,f4d8b2c7,qwen3-1.7b-base,AC-ALG1,733,gsm8k,2064.9,1,NVIDIA H100 80GB HBM3,0.5735833333333333,4ba0691f503177b1f402dfa02a13e8956e147b520086a5fc9d3a5bccd5518710,research_repository/ResultsArchive/incoming/exact-signed-factorial__f4d8b2c7/artifacts/cell_result_gsm8k__q3_l2r_exact_signed_factorial_f4d8b2c7_AC-ALG1_AW-U1_seed733__AC-ALG1_s733.json,f54fa041d0d3434bc8f1349d00d3d2e2ccdc8d8022e92b99d41c4997206b7d99,research_repository/ResultsArchive/incoming/exact-signed-factorial__f4d8b2c7/artifacts/complete_gsm8k__q3_l2r_exact_signed_factorial_f4d8b2c7_AC-ALG1_AW-U1_seed733__AC-ALG1_s733.json,638cf5e8e16e1245bb3b7225d73931b1f8883ff6f0743aa9c93629e669e64786
q3_l2r_exact_signed_factorial_f4d8b2c7_AC-ALG1_AW-U1_seed739,f4d8b2c7,qwen3-1.7b-base,AC-ALG1,739,gsm8k,1904.8,1,NVIDIA H100 80GB HBM3,0.5291111111111111,aa3b56aa12365c5626e2da432ec6cab3a2fdb2db589a7840629858f9b8b9318e,research_repository/ResultsArchive/incoming/exact-signed-factorial__f4d8b2c7/artifacts/cell_result_gsm8k__q3_l2r_exact_signed_factorial_f4d8b2c7_AC-ALG1_AW-U1_seed739__AC-ALG1_s739.json,5e05968318103a3192d9655a4dc61c1d991d09883a5508ee72368ecfa5c04eb0,research_repository/ResultsArchive/incoming/exact-signed-factorial__f4d8b2c7/artifacts/complete_gsm8k__q3_l2r_exact_signed_factorial_f4d8b2c7_AC-ALG1_AW-U1_seed739__AC-ALG1_s739.json,c1aa389290b5fdb9ecb65838d2dcc2b0cdef1b31a49e7fba6d9ed7d225ac1181
q3_l2r_exact_signed_factorial_f4d8b2c7_AC-ALG1_AW-U1_seed743,f4d8b2c7,qwen3-1.7b-base,AC-ALG1,743,gsm8k,1861.3,1,NVIDIA H100 80GB HBM3,0.5170277777777778,84d2d93c4fdfed236acb23d756a8d55a5bca30e8a71795e4c79c6ac9f4ebc444,research_repository/ResultsArchive/incoming/exact-signed-factorial__f4d8b2c7/artifacts/cell_result_gsm8k__q3_l2r_exact_signed_factorial_f4d8b2c7_AC-ALG1_AW-U1_seed743__AC-ALG1_s743.json,2de40a0166056f7e99a5f399036b6ac78b1f95506f87f8ae7163245876c93162,research_repository/ResultsArchive/incoming/exact-signed-factorial__f4d8b2c7/artifacts/complete_gsm8k__q3_l2r_exact_signed_factorial_f4d8b2c7_AC-ALG1_AW-U1_seed743__AC-ALG1_s743.json,46f61b19bd7b21e443b60e6fe5a38a304a3d5a461770d59b6fdbf84ac7d0c814
q3_l2r_exact_signed_factorial_f4d8b2c7_AC-ALG1_AW-U1_seed761,f4d8b2c7,qwen3-1.7b-base,AC-ALG1,761,gsm8k,1849.6,1,NVIDIA H100 80GB HBM3,0.5137777777777778,57f7141ffc47d6923fbcddf73c6ab409609796d7e8af3ca95b752641d1c1e011,research_repository/ResultsArchive/incoming/exact-signed-factorial__f4d8b2c7/artifacts/cell_result_gsm8k__q3_l2r_exact_signed_factorial_f4d8b2c7_AC-ALG1_AW-U1_seed761__AC-ALG1_s761.json,afc15b7d3979a0854f1d434e211ac09945b056da737ad2f9de5312bdf9c29a46,research_repository/ResultsArchive/incoming/exact-signed-factorial__f4d8b2c7/artifacts/complete_gsm8k__q3_l2r_exact_signed_factorial_f4d8b2c7_AC-ALG1_AW-U1_seed761__AC-ALG1_s761.json,731ea06ef10429ff00b2f119523310015d2071a2b56689c45c37c9ece096ed44
q3_l2r_exact_signed_factorial_f4d8b2c7_AC-ALG1_AW-U1_seed769,f4d8b2c7,qwen3-1.7b-base,AC-ALG1,769,gsm8k,1979.0,1,NVIDIA H100 80GB HBM3,0.5497222222222222,7924ae0000b3aee95213d0a73cc0d197d1fe47ff6a1e0b73144495267e40104c,research_repository/ResultsArchive/incoming/exact-signed-factorial__f4d8b2c7/artifacts/cell_result_gsm8k__q3_l2r_exact_signed_factorial_f4d8b2c7_AC-ALG1_AW-U1_seed769__AC-ALG1_s769.json,7c3e78cab19e1a09bc774405cc3c1851a632a3e239dc9edfe3a15aa5026479a6,research_repository/ResultsArchive/incoming/exact-signed-factorial__f4d8b2c7/artifacts/complete_gsm8k__q3_l2r_exact_signed_factorial_f4d8b2c7_AC-ALG1_AW-U1_seed769__AC-ALG1_s769.json,529e7391e5c52c1cac52b87e1c166272ea8fb8e30d8fb928b3d230e523f26c37
q3_l2r_exact_signed_factorial_f4d8b2c7_AC-ALG1_AW-U1_seed773,f4d8b2c7,qwen3-1.7b-base,AC-ALG1,773,gsm8k,1783.8,1,NVIDIA H100 80GB HBM3,0.4955,cc0b00d97708311981ed894650fd2029d746948de7faa0e0b09fc2baedae7967,research_repository/ResultsArchive/incoming/exact-signed-factorial__f4d8b2c7/artifacts/cell_result_gsm8k__q3_l2r_exact_signed_factorial_f4d8b2c7_AC-ALG1_AW-U1_seed773__AC-ALG1_s773.json,36d1a67930a783dcd825bec67503a7e76e5403517659c444f5a3d58ea15824a6,research_repository/ResultsArchive/incoming/exact-signed-factorial__f4d8b2c7/artifacts/complete_gsm8k__q3_l2r_exact_signed_factorial_f4d8b2c7_AC-ALG1_AW-U1_seed773__AC-ALG1_s773.json,d57ad4c2057fb016c6e794fec8d66499bdb968a88d0a536e372453fd0b8697e7
q3_l2r_exact_signed_factorial_f4d8b2c7_AC-ALG1_AW-U1_seed787,f4d8b2c7,qwen3-1.7b-base,AC-ALG1,787,gsm8k,1904.6,1,NVIDIA H100 80GB HBM3,0.5290555555555555,ac10d47530358025a1f4e37cff7cb9f253a98072a53e3d40439db61ce1c1358c,research_repository/ResultsArchive/incoming/exact-signed-factorial__f4d8b2c7/artifacts/cell_result_gsm8k__q3_l2r_exact_signed_factorial_f4d8b2c7_AC-ALG1_AW-U1_seed787__AC-ALG1_s787.json,402bc91bf91d1aae0d3978d970e542eaacf2f2c21980516818284069bd267789,research_repository/ResultsArchive/incoming/exact-signed-factorial__f4d8b2c7/artifacts/complete_gsm8k__q3_l2r_exact_signed_factorial_f4d8b2c7_AC-ALG1_AW-U1_seed787__AC-ALG1_s787.json,78e484138c9df6984543e5361e3bf06b4ff05db913ec625c7b7979c8b99a2b47
q3_l2r_exact_signed_factorial_f4d8b2c7_AC-ALG1_AW-U1_seed809,f4d8b2c7,qwen3-1.7b-base,AC-ALG1,809,gsm8k,2193.6,1,NVIDIA H100 80GB HBM3,0.6093333333333333,0681ec39aec6ec4e4b4c8cc3eb42a19f5c042d4747e0132f492422e0f02ab4cf,research_repository/ResultsArchive/incoming/exact-signed-factorial__f4d8b2c7/artifacts/cell_result_gsm8k__q3_l2r_exact_signed_factorial_f4d8b2c7_AC-ALG1_AW-U1_seed809__AC-ALG1_s809.json,02b906961ebbed01767d68390f9b79559ef19184419d5fc63e00ff211682a5b3,research_repository/ResultsArchive/incoming/exact-signed-factorial__f4d8b2c7/artifacts/complete_gsm8k__q3_l2r_exact_signed_factorial_f4d8b2c7_AC-ALG1_AW-U1_seed809__AC-ALG1_s809.json,e61cca2a9d6e806786197ff51cda99d9ae2cebb84f2e9cb2bfc5f3e673ba9874
q3_l2r_exact_signed_factorial_f4d8b2c7_AC-ALG1_AW-U4_seed683,f4d8b2c7,qwen3-1.7b-base,AC-ALG1,683,gsm8k,2437.5,1,NVIDIA H100 80GB HBM3,0.6770833333333334,b92b5c736a8045e696ba1dc64bcbf436381ebd5901fe32533b5d08c9a025d5ce,research_repository/ResultsArchive/incoming/exact-signed-factorial__f4d8b2c7/artifacts/cell_result_gsm8k__q3_l2r_exact_signed_factorial_f4d8b2c7_AC-ALG1_AW-U4_seed683__AC-ALG1_s683.json,75f9ad5be754b9e11136f2667f87890df1202eb8a9bb0cdc2cded4d5625f4976,research_repository/ResultsArchive/incoming/exact-signed-factorial__f4d8b2c7/artifacts/complete_gsm8k__q3_l2r_exact_signed_factorial_f4d8b2c7_AC-ALG1_AW-U4_seed683__AC-ALG1_s683.json,b1963f95d427ae168bfd62b06f3b408ef575253406c1238ebc6506ad7df6eb74
q3_l2r_exact_signed_factorial_f4d8b2c7_AC-ALG1_AW-U4_seed709,f4d8b2c7,qwen3-1.7b-base,AC-ALG1,709,gsm8k,2424.8,1,NVIDIA H100 80GB HBM3,0.6735555555555556,042c177f8dd6b42e2bed8a7b6566c9a2d647948947d81df3c8318b34302fa660,research_repository/ResultsArchive/incoming/exact-signed-factorial__f4d8b2c7/artifacts/cell_result_gsm8k__q3_l2r_exact_signed_factorial_f4d8b2c7_AC-ALG1_AW-U4_seed709__AC-ALG1_s709.json,20fa8a1419b0d8ef7f6682e97ab31ed629179cb48b83d3a4d0692259d94128d7,research_repository/ResultsArchive/incoming/exact-signed-factorial__f4d8b2c7/artifacts/complete_gsm8k__q3_l2r_exact_signed_factorial_f4d8b2c7_AC-ALG1_AW-U4_seed709__AC-ALG1_s709.json,7632a2a62c5ddc39d184aa5cbde7bcac4581e92d1457733061b3927b825676a7
q3_l2r_exact_signed_factorial_f4d8b2c7_AC-ALG1_AW-U4_seed733,f4d8b2c7,qwen3-1.7b-base,AC-ALG1,733,gsm8k,2152.6,1,NVIDIA H100 80GB HBM3,0.5979444444444444,37b5110c1a92601e2019be8c2ba8abdc1cd5a20b983f8f22f1db6c99fb3d34da,research_repository/ResultsArchive/incoming/exact-signed-factorial__f4d8b2c7/artifacts/cell_result_gsm8k__q3_l2r_exact_signed_factorial_f4d8b2c7_AC-ALG1_AW-U4_seed733__AC-ALG1_s733.json,7becaa0e8a4bd78dd110c2816501d90eed41c5404186bb8cdd299be9dc77930b,research_repository/ResultsArchive/incoming/exact-signed-factorial__f4d8b2c7/artifacts/complete_gsm8k__q3_l2r_exact_signed_factorial_f4d8b2c7_AC-ALG1_AW-U4_seed733__AC-ALG1_s733.json,268f613dd52e8e31c3b00f26bf4831d60a297550614128e1861c37d8d5113671
q3_l2r_exact_signed_factorial_f4d8b2c7_AC-ALG1_AW-U4_seed739,f4d8b2c7,qwen3-1.7b-base,AC-ALG1,739,gsm8k,2176.0,1,NVIDIA H100 80GB HBM3,0.6044444444444445,af70b748b4a3b719f743659c4fe7ad4e0d116c828c15905e9ef35a40ea5fc45e,research_repository/ResultsArchive/incoming/exact-signed-factorial__f4d8b2c7/artifacts/cell_result_gsm8k__q3_l2r_exact_signed_factorial_f4d8b2c7_AC-ALG1_AW-U4_seed739__AC-ALG1_s739.json,010ac9de7fcbc36fddb3c542b51160121414c3904ad75fe3517b1f940b6936ea,research_repository/ResultsArchive/incoming/exact-signed-factorial__f4d8b2c7/artifacts/complete_gsm8k__q3_l2r_exact_signed_factorial_f4d8b2c7_AC-ALG1_AW-U4_seed739__AC-ALG1_s739.json,70897daf71a47a711a56b421fe11a7ae2c1076631210934934bffda98f8ac721
q3_l2r_exact_signed_factorial_f4d8b2c7_AC-ALG1_AW-U4_seed743,f4d8b2c7,qwen3-1.7b-base,AC-ALG1,743,gsm8k,2081.5,1,NVIDIA H100 80GB HBM3,0.5781944444444445,037a86bb7646bbadc2d4fc25b951ab97fa1167f14bc21acf94a465624ae8d390,research_repository/ResultsArchive/incoming/exact-signed-factorial__f4d8b2c7/artifacts/cell_result_gsm8k__q3_l2r_exact_signed_factorial_f4d8b2c7_AC-ALG1_AW-U4_seed743__AC-ALG1_s743.json,3c001dcc2e84d6d04e04dcf09a454dfca7d0982b0fc38bebcb0c2b8eb4f07a99,research_repository/ResultsArchive/incoming/exact-signed-factorial__f4d8b2c7/artifacts/complete_gsm8k__q3_l2r_exact_signed_factorial_f4d8b2c7_AC-ALG1_AW-U4_seed743__AC-ALG1_s743.json,4aae1fed6e9752ca4720f61578a75c62a2c0fff45697a16feed138800f9c422f
q3_l2r_exact_signed_factorial_f4d8b2c7_AC-ALG1_AW-U4_seed761,f4d8b2c7,qwen3-1.7b-base,AC-ALG1,761,gsm8k,2165.5,1,NVIDIA H100 80GB HBM3,0.6015277777777778,b2d8e36ab53a287fa1875fdb465f71a7f141fe27ccb1ea86734f7386ef3dceb1,research_repository/ResultsArchive/incoming/exact-signed-factorial__f4d8b2c7/artifacts/cell_result_gsm8k__q3_l2r_exact_signed_factorial_f4d8b2c7_AC-ALG1_AW-U4_seed761__AC-ALG1_s761.json,c9704af7c032d28b47872f9e4bf744b639dceabaddd205483b60642bcc30de5c,research_repository/ResultsArchive/incoming/exact-signed-factorial__f4d8b2c7/artifacts/complete_gsm8k__q3_l2r_exact_signed_factorial_f4d8b2c7_AC-ALG1_AW-U4_seed761__AC-ALG1_s761.json,e4ba32dbb633b55c379d60152c57b1d4f41f834765f88e74c7a8ca781954a1c2
q3_l2r_exact_signed_factorial_f4d8b2c7_AC-ALG1_AW-U4_seed769,f4d8b2c7,qwen3-1.7b-base,AC-ALG1,769,gsm8k,2324.6,1,NVIDIA H100 80GB HBM3,0.6457222222222222,5ee799fc4ac4377c280e7b2bfe18a34a34ccba3e4c31c9edd61712be1db89776,research_repository/ResultsArchive/incoming/exact-signed-factorial__f4d8b2c7/artifacts/cell_result_gsm8k__q3_l2r_exact_signed_factorial_f4d8b2c7_AC-ALG1_AW-U4_seed769__AC-ALG1_s769.json,de5957846155b72cfc644998ef27bbee71a724a34b369c06af50b5b698fed654,research_repository/ResultsArchive/incoming/exact-signed-factorial__f4d8b2c7/artifacts/complete_gsm8k__q3_l2r_exact_signed_factorial_f4d8b2c7_AC-ALG1_AW-U4_seed769__AC-ALG1_s769.json,c8b8cdc0f4a018c68b3296b1495b361f8c76485a97bdc7eb30b1219a784e2e5f
q3_l2r_exact_signed_factorial_f4d8b2c7_AC-ALG1_AW-U4_seed773,f4d8b2c7,qwen3-1.7b-base,AC-ALG1,773,gsm8k,2083.6,1,NVIDIA H100 80GB HBM3,0.5787777777777777,a55a0214d7db6e3f07cde120d48f5b1ce78341e7e325b7e742ba383017ba3811,research_repository/ResultsArchive/incoming/exact-signed-factorial__f4d8b2c7/artifacts/cell_result_gsm8k__q3_l2r_exact_signed_factorial_f4d8b2c7_AC-ALG1_AW-U4_seed773__AC-ALG1_s773.json,b8ec472ba980e59fe8f608f8f22c44ef490daad64b4405a62b86ff2bab57bbc2,research_repository/ResultsArchive/incoming/exact-signed-factorial__f4d8b2c7/artifacts/complete_gsm8k__q3_l2r_exact_signed_factorial_f4d8b2c7_AC-ALG1_AW-U4_seed773__AC-ALG1_s773.json,5d833857bced991048f7c3c33a7d97c73520d5b2c475af0e60fcd06b8c287205
q3_l2r_exact_signed_factorial_f4d8b2c7_AC-ALG1_AW-U4_seed787,f4d8b2c7,qwen3-1.7b-base,AC-ALG1,787,gsm8k,2169.3,1,NVIDIA H100 80GB HBM3,0.6025833333333334,a5a95c9769e838a4834961cf4b722df9de80f6cc4e3c7a0c71ab1d4aea9771bf,research_repository/ResultsArchive/incoming/exact-signed-factorial__f4d8b2c7/artifacts/cell_result_gsm8k__q3_l2r_exact_signed_factorial_f4d8b2c7_AC-ALG1_AW-U4_seed787__AC-ALG1_s787.json,647ae8e62dee3dc8ebabefe2597475a8766a35d3159f61e7aee5e9e106043586,research_repository/ResultsArchive/incoming/exact-signed-factorial__f4d8b2c7/artifacts/complete_gsm8k__q3_l2r_exact_signed_factorial_f4d8b2c7_AC-ALG1_AW-U4_seed787__AC-ALG1_s787.json,675e2e3d55a5b4332901311ce02a6493cfac88548df931580ed3fc40371e82ad
q3_l2r_exact_signed_factorial_f4d8b2c7_AC-ALG1_AW-U4_seed809,f4d8b2c7,qwen3-1.7b-base,AC-ALG1,809,gsm8k,2311.9,1,NVIDIA H100 80GB HBM3,0.6421944444444445,5c70eb94fc45663000a45122a1569194478f3cc9febe1f4b814bff32d073db31,research_repository/ResultsArchive/incoming/exact-signed-factorial__f4d8b2c7/artifacts/cell_result_gsm8k__q3_l2r_exact_signed_factorial_f4d8b2c7_AC-ALG1_AW-U4_seed809__AC-ALG1_s809.json,f90d21d5031642afb83c12343e73728b4a8c30216dda1ad58c646451b02a4213,research_repository/ResultsArchive/incoming/exact-signed-factorial__f4d8b2c7/artifacts/complete_gsm8k__q3_l2r_exact_signed_factorial_f4d8b2c7_AC-ALG1_AW-U4_seed809__AC-ALG1_s809.json,487c6079f010b019615e9a07893d830769dd829e3ed0d0ae10bcabb227795303
q3_l2r_exact_signed_factorial_f4d8b2c7_AC-ALG1_EXACT-U1_seed683,f4d8b2c7,qwen3-1.7b-base,AC-ALG1,683,gsm8k,2414.9,1,NVIDIA H100 80GB HBM3,0.6708055555555555,9d6872098c94e1bef036a0bc0cd1eebafba066bba370caee2f2982aba742a498,research_repository/ResultsArchive/incoming/exact-signed-factorial__f4d8b2c7/artifacts/cell_result_gsm8k__q3_l2r_exact_signed_factorial_f4d8b2c7_AC-ALG1_EXACT-U1_seed683__AC-ALG1_s683.json,dce37c3cefece6e2bdb14c30e3e4746199cb93b7da71e1d6e8532e17cae6d790,research_repository/ResultsArchive/incoming/exact-signed-factorial__f4d8b2c7/artifacts/complete_gsm8k__q3_l2r_exact_signed_factorial_f4d8b2c7_AC-ALG1_EXACT-U1_seed683__AC-ALG1_s683.json,eab89f5557cb48465b58f75479c1678a6600ef4b4ad4839e04cba719f7114b95
q3_l2r_exact_signed_factorial_f4d8b2c7_AC-ALG1_EXACT-U1_seed709,f4d8b2c7,qwen3-1.7b-base,AC-ALG1,709,gsm8k,2444.5,1,NVIDIA H100 80GB HBM3,0.6790277777777778,4c3c54ff815e6f310f7266e45e7c672adf15a3e4239cf13817a3724681cac072,research_repository/ResultsArchive/incoming/exact-signed-factorial__f4d8b2c7/artifacts/cell_result_gsm8k__q3_l2r_exact_signed_factorial_f4d8b2c7_AC-ALG1_EXACT-U1_seed709__AC-ALG1_s709.json,13807cfbca492503fe4e3d12943035d45711a8b8cd59a9c5367815986066435c,research_repository/ResultsArchive/incoming/exact-signed-factorial__f4d8b2c7/artifacts/complete_gsm8k__q3_l2r_exact_signed_factorial_f4d8b2c7_AC-ALG1_EXACT-U1_seed709__AC-ALG1_s709.json,b2fc0c6b295ff4d41b60f9039ca5d2a16f27bd1a8084a827ec745ed6327f2d0f
q3_l2r_exact_signed_factorial_f4d8b2c7_AC-ALG1_EXACT-U1_seed733,f4d8b2c7,qwen3-1.7b-base,AC-ALG1,733,gsm8k,1994.3,1,NVIDIA H100 80GB HBM3,0.5539722222222222,53e9c8d3e5719f266f17520c22a290cf985571549f97e3052fd5f58cf9811251,research_repository/ResultsArchive/incoming/exact-signed-factorial__f4d8b2c7/artifacts/cell_result_gsm8k__q3_l2r_exact_signed_factorial_f4d8b2c7_AC-ALG1_EXACT-U1_seed733__AC-ALG1_s733.json,12eafc7003ad252e275e22bb12954ed354f8f2e6c5fcbc2bce1d5e6f733e94b1,research_repository/ResultsArchive/incoming/exact-signed-factorial__f4d8b2c7/artifacts/complete_gsm8k__q3_l2r_exact_signed_factorial_f4d8b2c7_AC-ALG1_EXACT-U1_seed733__AC-ALG1_s733.json,2fc60b48dc012136f030f07d61e28074e0b9fd50436702bc19c7fe354a01dc3f
q3_l2r_exact_signed_factorial_f4d8b2c7_AC-ALG1_EXACT-U1_seed739,f4d8b2c7,qwen3-1.7b-base,AC-ALG1,739,gsm8k,2131.0,1,NVIDIA H100 80GB HBM3,0.5919444444444445,a3d19fff3cadd55d79d97522e73ce784a614535e6035ffc3540661fa4f030b42,research_repository/ResultsArchive/incoming/exact-signed-factorial__f4d8b2c7/artifacts/cell_result_gsm8k__q3_l2r_exact_signed_factorial_f4d8b2c7_AC-ALG1_EXACT-U1_seed739__AC-ALG1_s739.json,8b68607fe6d5e2484b7d3ae842ffb55a5a6f042b967bd1eda51c35972d780546,research_repository/ResultsArchive/incoming/exact-signed-factorial__f4d8b2c7/artifacts/complete_gsm8k__q3_l2r_exact_signed_factorial_f4d8b2c7_AC-ALG1_EXACT-U1_seed739__AC-ALG1_s739.json,0e2bdd2745f8927b92e4474ec09be7c4519437fb6f1a79e320c5245baf215651
q3_l2r_exact_signed_factorial_f4d8b2c7_AC-ALG1_EXACT-U1_seed743,f4d8b2c7,qwen3-1.7b-base,AC-ALG1,743,gsm8k,2090.3,1,NVIDIA H100 80GB HBM3,0.5806388888888889,4dc4cd7ea3be7daf88b44eeffe33b8ec358651b7250288755ff5a002c87fdb02,research_repository/ResultsArchive/incoming/exact-signed-factorial__f4d8b2c7/artifacts/cell_result_gsm8k__q3_l2r_exact_signed_factorial_f4d8b2c7_AC-ALG1_EXACT-U1_seed743__AC-ALG1_s743.json,a7c8e30ce7bec9eb9e38a0a1159a7028c325f8e7c0a025443c678c03920cdbc4,research_repository/ResultsArchive/incoming/exact-signed-factorial__f4d8b2c7/artifacts/complete_gsm8k__q3_l2r_exact_signed_factorial_f4d8b2c7_AC-ALG1_EXACT-U1_seed743__AC-ALG1_s743.json,e5a66fa5d7497f427b05d6d66999e28f3f7a46b8ec9bb2c9ff4063f4d5945783
q3_l2r_exact_signed_factorial_f4d8b2c7_AC-ALG1_EXACT-U1_seed761,f4d8b2c7,qwen3-1.7b-base,AC-ALG1,761,gsm8k,2264.1,1,NVIDIA H100 80GB HBM3,0.6289166666666667,4d09ca456c59a116e4201e5b097b7fd9b097ce22047dd3279b2a584903aa8403,research_repository/ResultsArchive/incoming/exact-signed-factorial__f4d8b2c7/artifacts/cell_result_gsm8k__q3_l2r_exact_signed_factorial_f4d8b2c7_AC-ALG1_EXACT-U1_seed761__AC-ALG1_s761.json,1a119c302b83bc2aa48e367da9946a5be2b9173d6169e3b21c0c78638396284e,research_repository/ResultsArchive/incoming/exact-signed-factorial__f4d8b2c7/artifacts/complete_gsm8k__q3_l2r_exact_signed_factorial_f4d8b2c7_AC-ALG1_EXACT-U1_seed761__AC-ALG1_s761.json,9b48a9f513811d2209a1f578e578aaf1f4d41411cbf1a2a44e2953f660e0ff92
q3_l2r_exact_signed_factorial_f4d8b2c7_AC-ALG1_EXACT-U1_seed769,f4d8b2c7,qwen3-1.7b-base,AC-ALG1,769,gsm8k,2141.2,1,NVIDIA H100 80GB HBM3,0.5947777777777777,167264aa9f3c7e9ec012540fa614c5704c358b4b921ece082a49329b43ec3005,research_repository/ResultsArchive/incoming/exact-signed-factorial__f4d8b2c7/artifacts/cell_result_gsm8k__q3_l2r_exact_signed_factorial_f4d8b2c7_AC-ALG1_EXACT-U1_seed769__AC-ALG1_s769.json,fed830629b0cb0180150755a11ad6d20d2ce74260c16ec796d87c9bc96e9dbc9,research_repository/ResultsArchive/incoming/exact-signed-factorial__f4d8b2c7/artifacts/complete_gsm8k__q3_l2r_exact_signed_factorial_f4d8b2c7_AC-ALG1_EXACT-U1_seed769__AC-ALG1_s769.json,5770e051632d72887104e2d23284d4bfd3540b0b482ff60ede50e7ac9d1e9bf5
q3_l2r_exact_signed_factorial_f4d8b2c7_AC-ALG1_EXACT-U1_seed773,f4d8b2c7,qwen3-1.7b-base,AC-ALG1,773,gsm8k,2187.9,1,NVIDIA H100 80GB HBM3,0.60775,4e595e93b7f09af725165c42930976021104d34af7af1498d6daae7d22f320ed,research_repository/ResultsArchive/incoming/exact-signed-factorial__f4d8b2c7/artifacts/cell_result_gsm8k__q3_l2r_exact_signed_factorial_f4d8b2c7_AC-ALG1_EXACT-U1_seed773__AC-ALG1_s773.json,a8973ffb16f16739d828418d482a61743bf511021f7b455994220344e883485a,research_repository/ResultsArchive/incoming/exact-signed-factorial__f4d8b2c7/artifacts/complete_gsm8k__q3_l2r_exact_signed_factorial_f4d8b2c7_AC-ALG1_EXACT-U1_seed773__AC-ALG1_s773.json,16b56f19cdb618e6361759a63e723d07b2e604f6055ce179181af158ad7acb87
q3_l2r_exact_signed_factorial_f4d8b2c7_AC-ALG1_EXACT-U1_seed787,f4d8b2c7,qwen3-1.7b-base,AC-ALG1,787,gsm8k,2134.5,1,NVIDIA H100 80GB HBM3,0.5929166666666666,fe0f5866ebdf5749e78b1079878126f708778266eb6cf44a3f8b2ea2192be320,research_repository/ResultsArchive/incoming/exact-signed-factorial__f4d8b2c7/artifacts/cell_result_gsm8k__q3_l2r_exact_signed_factorial_f4d8b2c7_AC-ALG1_EXACT-U1_seed787__AC-ALG1_s787.json,5dfc7e4a44a278cc2dc81ab12d2411d036880f60a20fe12269ea09d0fd0aeeb7,research_repository/ResultsArchive/incoming/exact-signed-factorial__f4d8b2c7/artifacts/complete_gsm8k__q3_l2r_exact_signed_factorial_f4d8b2c7_AC-ALG1_EXACT-U1_seed787__AC-ALG1_s787.json,5a8b72d51d460ac192df9310fc2489c8ccbe9d4a423df5f72e26bdb91f9cffd6
q3_l2r_exact_signed_factorial_f4d8b2c7_AC-ALG1_EXACT-U1_seed809,f4d8b2c7,qwen3-1.7b-base,AC-ALG1,809,gsm8k,2051.9,1,NVIDIA H100 80GB HBM3,0.5699722222222222,942eda28527570cfe84e6b5e464a2361098407d8522d158216ca2c3f6df89936,research_repository/ResultsArchive/incoming/exact-signed-factorial__f4d8b2c7/artifacts/cell_result_gsm8k__q3_l2r_exact_signed_factorial_f4d8b2c7_AC-ALG1_EXACT-U1_seed809__AC-ALG1_s809.json,892471597b2c52d615b2c6a343ba4fc5d568273e80239f48f59304edbbb0af57,research_repository/ResultsArchive/incoming/exact-signed-factorial__f4d8b2c7/artifacts/complete_gsm8k__q3_l2r_exact_signed_factorial_f4d8b2c7_AC-ALG1_EXACT-U1_seed809__AC-ALG1_s809.json,f2bb650194e7e505fbb07a49815d38ca0985722bafc0e42bdd7315690bbd650c
q3_l2r_exact_signed_factorial_f4d8b2c7_AC-ALG1_EXACT-U4_seed683,f4d8b2c7,qwen3-1.7b-base,AC-ALG1,683,gsm8k,2461.2,1,NVIDIA H100 80GB HBM3,0.6836666666666666,49b243dd29e473c7b6869c234b71590d95def6cf06dfe4326184eec8bea5773d,research_repository/ResultsArchive/incoming/exact-signed-factorial__f4d8b2c7/artifacts/cell_result_gsm8k__q3_l2r_exact_signed_factorial_f4d8b2c7_AC-ALG1_EXACT-U4_seed683__AC-ALG1_s683.json,221011d6c26e30076e633d2f4f73dc76c288fca81b809997396c3d58a98c2e1d,research_repository/ResultsArchive/incoming/exact-signed-factorial__f4d8b2c7/artifacts/complete_gsm8k__q3_l2r_exact_signed_factorial_f4d8b2c7_AC-ALG1_EXACT-U4_seed683__AC-ALG1_s683.json,bbd3842b1f51f96855201acc9a2b3b5c6f35f6c0d267096c9be2d47cd2a84d3f
q3_l2r_exact_signed_factorial_f4d8b2c7_AC-ALG1_EXACT-U4_seed709,f4d8b2c7,qwen3-1.7b-base,AC-ALG1,709,gsm8k,2230.2,1,NVIDIA H100 80GB HBM3,0.6194999999999999,b490f7c8b791720227ba731b36276a7be917bdbc75fdb1ec543892eeeaf9e8c4,research_repository/ResultsArchive/incoming/exact-signed-factorial__f4d8b2c7/artifacts/cell_result_gsm8k__q3_l2r_exact_signed_factorial_f4d8b2c7_AC-ALG1_EXACT-U4_seed709__AC-ALG1_s709.json,4049becd4047aa349d7dfae39876f5fea3eef70d047401c52047a69b17b798ee,research_repository/ResultsArchive/incoming/exact-signed-factorial__f4d8b2c7/artifacts/complete_gsm8k__q3_l2r_exact_signed_factorial_f4d8b2c7_AC-ALG1_EXACT-U4_seed709__AC-ALG1_s709.json,5bce59dec00773fdd34ca2e7a9fb4a1e08c328848a46b76c012257eae24e2b06
q3_l2r_exact_signed_factorial_f4d8b2c7_AC-ALG1_EXACT-U4_seed733,f4d8b2c7,qwen3-1.7b-base,AC-ALG1,733,gsm8k,2509.6,1,NVIDIA H100 80GB HBM3,0.6971111111111111,a2a67a64f5cad74ff74b1d27e7f2d83ab63233ac0455c3c8acae8658ee335aa2,research_repository/ResultsArchive/incoming/exact-signed-factorial__f4d8b2c7/artifacts/cell_result_gsm8k__q3_l2r_exact_signed_factorial_f4d8b2c7_AC-ALG1_EXACT-U4_seed733__AC-ALG1_s733.json,0fb4b4d7cd2b1e5644cfcbf47060ccba28e1141bd36213779d2a40efba11c78d,research_repository/ResultsArchive/incoming/exact-signed-factorial__f4d8b2c7/artifacts/complete_gsm8k__q3_l2r_exact_signed_factorial_f4d8b2c7_AC-ALG1_EXACT-U4_seed733__AC-ALG1_s733.json,91df235c5bf801471746a2db4695ded64bd9bf930c9f6e094674c128c2af8a2e
q3_l2r_exact_signed_factorial_f4d8b2c7_AC-ALG1_EXACT-U4_seed739,f4d8b2c7,qwen3-1.7b-base,AC-ALG1,739,gsm8k,2285.6,1,NVIDIA H100 80GB HBM3,0.6348888888888888,cf0940529310db47d004f1b38ff10c8524172da47cc6900f320af214584dee33,research_repository/ResultsArchive/incoming/exact-signed-factorial__f4d8b2c7/artifacts/cell_result_gsm8k__q3_l2r_exact_signed_factorial_f4d8b2c7_AC-ALG1_EXACT-U4_seed739__AC-ALG1_s739.json,d29ea82e0a52680fb7b0f502f41fa5be996489e1520d92d15575bc7f40a34f2c,research_repository/ResultsArchive/incoming/exact-signed-factorial__f4d8b2c7/artifacts/complete_gsm8k__q3_l2r_exact_signed_factorial_f4d8b2c7_AC-ALG1_EXACT-U4_seed739__AC-ALG1_s739.json,d768cbbb5d429a71d65e0eb632bf2d47975634b56c047bca6084944236cd03e9
q3_l2r_exact_signed_factorial_f4d8b2c7_AC-ALG1_EXACT-U4_seed743,f4d8b2c7,qwen3-1.7b-base,AC-ALG1,743,gsm8k,2724.5,1,NVIDIA H100 80GB HBM3,0.7568055555555555,4b5ff71f077a126123814e425d58321cb9b8bcdf2cd248e056d806a0f41085ae,research_repository/ResultsArchive/incoming/exact-signed-factorial__f4d8b2c7/artifacts/cell_result_gsm8k__q3_l2r_exact_signed_factorial_f4d8b2c7_AC-ALG1_EXACT-U4_seed743__AC-ALG1_s743.json,a0ffde1ae7c7a91fb751566cf35bf3f34ab618172bb146e228850a357753899b,research_repository/ResultsArchive/incoming/exact-signed-factorial__f4d8b2c7/artifacts/complete_gsm8k__q3_l2r_exact_signed_factorial_f4d8b2c7_AC-ALG1_EXACT-U4_seed743__AC-ALG1_s743.json,f5947c3c062bdf8c252c537f91d556a548303bc138658ee86c039cffabdf4722
q3_l2r_exact_signed_factorial_f4d8b2c7_AC-ALG1_EXACT-U4_seed761,f4d8b2c7,qwen3-1.7b-base,AC-ALG1,761,gsm8k,2571.0,1,NVIDIA H100 80GB HBM3,0.7141666666666666,d8364943cee730ac5ccadf22692b92802b0e40a00a4afffb9bd10a3e312f0780,research_repository/ResultsArchive/incoming/exact-signed-factorial__f4d8b2c7/artifacts/cell_result_gsm8k__q3_l2r_exact_signed_factorial_f4d8b2c7_AC-ALG1_EXACT-U4_seed761__AC-ALG1_s761.json,ea14b04f6da84a1aceec2c17566b93415d1c513d77da4c87f9f1d0bc360b9604,research_repository/ResultsArchive/incoming/exact-signed-factorial__f4d8b2c7/artifacts/complete_gsm8k__q3_l2r_exact_signed_factorial_f4d8b2c7_AC-ALG1_EXACT-U4_seed761__AC-ALG1_s761.json,a56a37d44af2a93ea73cc787ad335880500fe57076948e1add2bda9911db8354
q3_l2r_exact_signed_factorial_f4d8b2c7_AC-ALG1_EXACT-U4_seed769,f4d8b2c7,qwen3-1.7b-base,AC-ALG1,769,gsm8k,2419.5,1,NVIDIA H100 80GB HBM3,0.6720833333333334,56ba59ec2ffaa90d220f34ed75d8773758ab39e43574f41893594c21aef3f261,research_repository/ResultsArchive/incoming/exact-signed-factorial__f4d8b2c7/artifacts/cell_result_gsm8k__q3_l2r_exact_signed_factorial_f4d8b2c7_AC-ALG1_EXACT-U4_seed769__AC-ALG1_s769.json,b8f0ead8f3d4ed851970e36080fb292d59100e04b2d810fd33591764bdb8cbb8,research_repository/ResultsArchive/incoming/exact-signed-factorial__f4d8b2c7/artifacts/complete_gsm8k__q3_l2r_exact_signed_factorial_f4d8b2c7_AC-ALG1_EXACT-U4_seed769__AC-ALG1_s769.json,64bb29d042e045dc9c9a331bd674c71baf757cc67082384519ab4f2e9b0ad934
q3_l2r_exact_signed_factorial_f4d8b2c7_AC-ALG1_EXACT-U4_seed773,f4d8b2c7,qwen3-1.7b-base,AC-ALG1,773,gsm8k,2369.9,1,NVIDIA H100 80GB HBM3,0.6583055555555556,5df9692a0f822957a95f07ee1ca84a934c1df8d4466b1769f8a9e3f496a9e59a,research_repository/ResultsArchive/incoming/exact-signed-factorial__f4d8b2c7/artifacts/cell_result_gsm8k__q3_l2r_exact_signed_factorial_f4d8b2c7_AC-ALG1_EXACT-U4_seed773__AC-ALG1_s773.json,3e9946f380f0033b2330bc0f0c4f26ff3400cd83f9cd6daea9c018f2f95fa9ca,research_repository/ResultsArchive/incoming/exact-signed-factorial__f4d8b2c7/artifacts/complete_gsm8k__q3_l2r_exact_signed_factorial_f4d8b2c7_AC-ALG1_EXACT-U4_seed773__AC-ALG1_s773.json,fd0c6d5405e95a3338c4e88e34d4db5736eaef4f30ceb76c0b4585ae8e5c9ad0
q3_l2r_exact_signed_factorial_f4d8b2c7_AC-ALG1_EXACT-U4_seed787,f4d8b2c7,qwen3-1.7b-base,AC-ALG1,787,gsm8k,2733.2,1,NVIDIA H100 80GB HBM3,0.7592222222222221,5611d954987d36b86e06658da2477fafeb0d63d69a71edb4dfa595ff023387c1,research_repository/ResultsArchive/incoming/exact-signed-factorial__f4d8b2c7/artifacts/cell_result_gsm8k__q3_l2r_exact_signed_factorial_f4d8b2c7_AC-ALG1_EXACT-U4_seed787__AC-ALG1_s787.json,0b80a340d07284c734dece8f6a8d5848bf3a8c1cff099cbbf78f184b0c426dc8,research_repository/ResultsArchive/incoming/exact-signed-factorial__f4d8b2c7/artifacts/complete_gsm8k__q3_l2r_exact_signed_factorial_f4d8b2c7_AC-ALG1_EXACT-U4_seed787__AC-ALG1_s787.json,fbd2661a1fd3bde7b231b9d0450c9a06ddf9f930042aad659769e13c4b947465
q3_l2r_exact_signed_factorial_f4d8b2c7_AC-ALG1_EXACT-U4_seed809,f4d8b2c7,qwen3-1.7b-base,AC-ALG1,809,gsm8k,2394.9,1,NVIDIA H100 80GB HBM3,0.66525,21ad10664724ecb887cb9214f0468b11c9c355e4bff2259bdad09873c098f660,research_repository/ResultsArchive/incoming/exact-signed-factorial__f4d8b2c7/artifacts/cell_result_gsm8k__q3_l2r_exact_signed_factorial_f4d8b2c7_AC-ALG1_EXACT-U4_seed809__AC-ALG1_s809.json,72befb499e047b7a1aaae8d2bfd4ee9ef25fa16f87c1c0e0e36bbf25d09991a8,research_repository/ResultsArchive/incoming/exact-signed-factorial__f4d8b2c7/artifacts/complete_gsm8k__q3_l2r_exact_signed_factorial_f4d8b2c7_AC-ALG1_EXACT-U4_seed809__AC-ALG1_s809.json,cab0db41c1b97a6d41990d4c79cb88a4f1423a54c1104bc446d24c2ad020ce38
q3_l2r_exact_signed_factorial_f4d8b2c7_base_CTRL-base_seed683,f4d8b2c7,qwen3-1.7b-base,base,683,gsm8k,348.5,1,NVIDIA H100 80GB HBM3,0.09680555555555556,a40f1fde599d6f40ec9d37e12a31579ea710f55c9b691173818ef4a0de091b1c,research_repository/ResultsArchive/incoming/exact-signed-factorial__f4d8b2c7/artifacts/cell_result_gsm8k__q3_l2r_exact_signed_factorial_f4d8b2c7_base_CTRL-base_seed683__base_s683.json,ff72bc3318e5ba4ff186e64262fb9624bf91b160286ebc05c7829f1254a08bb9,research_repository/ResultsArchive/incoming/exact-signed-factorial__f4d8b2c7/artifacts/complete_gsm8k__q3_l2r_exact_signed_factorial_f4d8b2c7_base_CTRL-base_seed683__base_s683.json,c4673af8cdf02e73bfd45bd19ca97213e88ff6aaea34b25f1f613e254e931acd
q3_l2r_exact_signed_factorial_f4d8b2c7_base_CTRL-base_seed709,f4d8b2c7,qwen3-1.7b-base,base,709,gsm8k,370.8,1,NVIDIA H100 80GB HBM3,0.10300000000000001,59262adffb6051670542c1c5f0a973a209a0627ecee98c13270b5cb9719e4c55,research_repository/ResultsArchive/incoming/exact-signed-factorial__f4d8b2c7/artifacts/cell_result_gsm8k__q3_l2r_exact_signed_factorial_f4d8b2c7_base_CTRL-base_seed709__base_s709.json,2d2aecd3b0d5bf14459c466d447f391a0c22c135cd265fa1e84079080a3682b6,research_repository/ResultsArchive/incoming/exact-signed-factorial__f4d8b2c7/artifacts/complete_gsm8k__q3_l2r_exact_signed_factorial_f4d8b2c7_base_CTRL-base_seed709__base_s709.json,52b7e00167320b63c7ef84d37c5994c83f711cce72fa4a9f36069d5b48ccde1e
q3_l2r_exact_signed_factorial_f4d8b2c7_base_CTRL-base_seed733,f4d8b2c7,qwen3-1.7b-base,base,733,gsm8k,331.8,1,NVIDIA H100 80GB HBM3,0.09216666666666667,a710ca585cf7c87c10970a36587a924ae6a1fa78c6e8fb8b857df895592b71fa,research_repository/ResultsArchive/incoming/exact-signed-factorial__f4d8b2c7/artifacts/cell_result_gsm8k__q3_l2r_exact_signed_factorial_f4d8b2c7_base_CTRL-base_seed733__base_s733.json,c132c55a65e26091040ecd51d3790c48af463a98c4aa580fb84dec307ab14edb,research_repository/ResultsArchive/incoming/exact-signed-factorial__f4d8b2c7/artifacts/complete_gsm8k__q3_l2r_exact_signed_factorial_f4d8b2c7_base_CTRL-base_seed733__base_s733.json,cfe912a06f7fc9ceb972686a39f761bdc02b8c12844c9bcd078f2ad266b14adf
q3_l2r_exact_signed_factorial_f4d8b2c7_base_CTRL-base_seed739,f4d8b2c7,qwen3-1.7b-base,base,739,gsm8k,297.7,1,NVIDIA H100 80GB HBM3,0.08269444444444445,eca9faab9e8f18aed4bed64cf21f9684711191cfebb70f317bcea03777769ac1,research_repository/ResultsArchive/incoming/exact-signed-factorial__f4d8b2c7/artifacts/cell_result_gsm8k__q3_l2r_exact_signed_factorial_f4d8b2c7_base_CTRL-base_seed739__base_s739.json,ff8bd143be017ea99348bca15c6042c42602222ea723de14cbcfcbb14f42e4bb,research_repository/ResultsArchive/incoming/exact-signed-factorial__f4d8b2c7/artifacts/complete_gsm8k__q3_l2r_exact_signed_factorial_f4d8b2c7_base_CTRL-base_seed739__base_s739.json,8ad81968af81f806bcf4b90372dde62485d2e527cb5abb2078a4191b1e5acd63
q3_l2r_exact_signed_factorial_f4d8b2c7_base_CTRL-base_seed743,f4d8b2c7,qwen3-1.7b-base,base,743,gsm8k,318.0,1,NVIDIA H100 80GB HBM3,0.08833333333333333,d30d19b365d286ceccc43ae9bf309020cf114644667403a6744076a06ad81e9f,research_repository/ResultsArchive/incoming/exact-signed-factorial__f4d8b2c7/artifacts/cell_result_gsm8k__q3_l2r_exact_signed_factorial_f4d8b2c7_base_CTRL-base_seed743__base_s743.json,4b00644176d8cd1e74ee9ce4cf7e4ab0a5330315c63d799b85f1c55d1b4c460e,research_repository/ResultsArchive/incoming/exact-signed-factorial__f4d8b2c7/artifacts/complete_gsm8k__q3_l2r_exact_signed_factorial_f4d8b2c7_base_CTRL-base_seed743__base_s743.json,9230f626827b8dc8cb48ead0facd4587c75c9d2a8b5676f65444fb960ef5af60
q3_l2r_exact_signed_factorial_f4d8b2c7_base_CTRL-base_seed761,f4d8b2c7,qwen3-1.7b-base,base,761,gsm8k,368.2,1,NVIDIA H100 80GB HBM3,0.10227777777777777,ef3984c5e103f1fd1da0be7862b4c1a5c5ff4f38f04247819d2af5e85c59254e,research_repository/ResultsArchive/incoming/exact-signed-factorial__f4d8b2c7/artifacts/cell_result_gsm8k__q3_l2r_exact_signed_factorial_f4d8b2c7_base_CTRL-base_seed761__base_s761.json,5ca1a964ef886b9474c148d602b3dfca053f8439d7ffff553758ab9850f418c3,research_repository/ResultsArchive/incoming/exact-signed-factorial__f4d8b2c7/artifacts/complete_gsm8k__q3_l2r_exact_signed_factorial_f4d8b2c7_base_CTRL-base_seed761__base_s761.json,d2f338e16027152ba4a325ba2853086c056c027e9fd507dddf417b3077c4dc01
q3_l2r_exact_signed_factorial_f4d8b2c7_base_CTRL-base_seed769,f4d8b2c7,qwen3-1.7b-base,base,769,gsm8k,355.8,1,NVIDIA H100 80GB HBM3,0.09883333333333334,028ba02b2f5eff43d43b3194073561cdd4cc6f14f774e26f81cd0d0179742543,research_repository/ResultsArchive/incoming/exact-signed-factorial__f4d8b2c7/artifacts/cell_result_gsm8k__q3_l2r_exact_signed_factorial_f4d8b2c7_base_CTRL-base_seed769__base_s769.json,75201520eba8fd94157e5f7038e65688819885a3767300e69840cef59cf59b26,research_repository/ResultsArchive/incoming/exact-signed-factorial__f4d8b2c7/artifacts/complete_gsm8k__q3_l2r_exact_signed_factorial_f4d8b2c7_base_CTRL-base_seed769__base_s769.json,941e7b349dd306db446ffe33631d193d5ba5d8ad4911f0675c20314bda8b71ed
q3_l2r_exact_signed_factorial_f4d8b2c7_base_CTRL-base_seed773,f4d8b2c7,qwen3-1.7b-base,base,773,gsm8k,319.1,1,NVIDIA H100 80GB HBM3,0.08863888888888889,37d14e5ea0a06a7bd20063333d3f453e7cbe3ccf331c4db43ac5258251441c60,research_repository/ResultsArchive/incoming/exact-signed-factorial__f4d8b2c7/artifacts/cell_result_gsm8k__q3_l2r_exact_signed_factorial_f4d8b2c7_base_CTRL-base_seed773__base_s773.json,c97c08c3313232634e9d3703c594c8167dcb325a5f36adde57efb035f9092ae1,research_repository/ResultsArchive/incoming/exact-signed-factorial__f4d8b2c7/artifacts/complete_gsm8k__q3_l2r_exact_signed_factorial_f4d8b2c7_base_CTRL-base_seed773__base_s773.json,e759620e9bdcdae1d7232374bd621be9ffb767ac9a7eaf657a67164fb724f7b2
q3_l2r_exact_signed_factorial_f4d8b2c7_base_CTRL-base_seed787,f4d8b2c7,qwen3-1.7b-base,base,787,gsm8k,327.6,1,NVIDIA H100 80GB HBM3,0.09100000000000001,d9bed9488041282f98f2e3a48e418a08c25632b5d31c4e4186901b4bfb7dd211,research_repository/ResultsArchive/incoming/exact-signed-factorial__f4d8b2c7/artifacts/cell_result_gsm8k__q3_l2r_exact_signed_factorial_f4d8b2c7_base_CTRL-base_seed787__base_s787.json,6e9e96c43b95360271b25bf81b27cc0a356aee67b18c7c17d5e7a6ce2c819bb3,research_repository/ResultsArchive/incoming/exact-signed-factorial__f4d8b2c7/artifacts/complete_gsm8k__q3_l2r_exact_signed_factorial_f4d8b2c7_base_CTRL-base_seed787__base_s787.json,47529bad22eed700558ad86809c085f958e9eff8ddd0cbb5231ad1e8862f7e89
q3_l2r_exact_signed_factorial_f4d8b2c7_base_CTRL-base_seed809,f4d8b2c7,qwen3-1.7b-base,base,809,gsm8k,337.8,1,NVIDIA H100 80GB HBM3,0.09383333333333334,d77d468627e999742bf7bf59fdf0cde67dd47510617e1cade9631261a64966e1,research_repository/ResultsArchive/incoming/exact-signed-factorial__f4d8b2c7/artifacts/cell_result_gsm8k__q3_l2r_exact_signed_factorial_f4d8b2c7_base_CTRL-base_seed809__base_s809.json,af61e923c1962d753fc477f2de893d11badb425c018c69d23a4a74b933e4ac52,research_repository/ResultsArchive/incoming/exact-signed-factorial__f4d8b2c7/artifacts/complete_gsm8k__q3_l2r_exact_signed_factorial_f4d8b2c7_base_CTRL-base_seed809__base_s809.json,9500cf291c372192a975263cf40f211bada7bb2a68c5e6ae34697f24b45fdcc8
q3_l2r_low_data_e786cede_AC-ALG1_NULL-N32_seed389,e786cede,qwen3-1.7b-base,AC-ALG1,389,gsm8k,2417.6,1,NVIDIA H100 80GB HBM3,0.6715555555555556,48528a3bf0a54d5124fa051b8f9d734d33fd0914c615ed240c36bd09104642f3,research_repository/ResultsArchive/incoming/low-data-regime__e786cede/artifacts/cell_result_gsm8k__q3_l2r_low_data_e786cede_AC-ALG1_NULL-N32_seed389__AC-ALG1_s389.json,34b74c3697cf82d333d72e4be19f2a1ec14948833fec400c935a9981752a1665,research_repository/ResultsArchive/incoming/low-data-regime__e786cede/artifacts/complete_gsm8k__q3_l2r_low_data_e786cede_AC-ALG1_NULL-N32_seed389__AC-ALG1_s389.json,f1402da028a1db778898afbcd9a45f2ce371af6b1dd9c7149f02d836cf56a136
q3_l2r_low_data_e786cede_AC-ALG1_NULL-N32_seed397,e786cede,qwen3-1.7b-base,AC-ALG1,397,gsm8k,2532.8,1,NVIDIA H100 80GB HBM3,0.7035555555555556,20a052e95189279ac70760e1c696208194e2e3f7e1cb5982a90dd329abba1f45,research_repository/ResultsArchive/incoming/low-data-regime__e786cede/artifacts/cell_result_gsm8k__q3_l2r_low_data_e786cede_AC-ALG1_NULL-N32_seed397__AC-ALG1_s397.json,501034adfbab81ce80b2d07bc44752d062e54db9a2359aba777de899adbba986,research_repository/ResultsArchive/incoming/low-data-regime__e786cede/artifacts/complete_gsm8k__q3_l2r_low_data_e786cede_AC-ALG1_NULL-N32_seed397__AC-ALG1_s397.json,3b0efccd2f8720787e739643a0e61f61ddfdbdf36714bb78dd2bc92c1fae31e8
q3_l2r_low_data_e786cede_AC-ALG1_NULL-N32_seed433,e786cede,qwen3-1.7b-base,AC-ALG1,433,gsm8k,2218.8,1,NVIDIA H100 80GB HBM3,0.6163333333333334,632922558c28cc298152ed50d82319d7f63b1fbe876e4fabf82c03c4ec91a483,research_repository/ResultsArchive/incoming/low-data-regime__e786cede/artifacts/cell_result_gsm8k__q3_l2r_low_data_e786cede_AC-ALG1_NULL-N32_seed433__AC-ALG1_s433.json,badb1310f388f3c522c617b56d9a8d8132d67de2a1150c09361f6a94d7792c24,research_repository/ResultsArchive/incoming/low-data-regime__e786cede/artifacts/complete_gsm8k__q3_l2r_low_data_e786cede_AC-ALG1_NULL-N32_seed433__AC-ALG1_s433.json,e3897dd68380af948dc88aa8fe3cc4e550a4785d99d0d451c5d84c80526ee704
q3_l2r_low_data_e786cede_AC-ALG1_NULL-N32_seed439,e786cede,qwen3-1.7b-base,AC-ALG1,439,gsm8k,2436.8,1,NVIDIA H100 80GB HBM3,0.676888888888889,5e6fce35f4c114767c8097d5c77b2afb0c187cf1f702cd13b5fb50a11564b1cd,research_repository/ResultsArchive/incoming/low-data-regime__e786cede/artifacts/cell_result_gsm8k__q3_l2r_low_data_e786cede_AC-ALG1_NULL-N32_seed439__AC-ALG1_s439.json,c2d46b2103b1085134b20f8881ea21c569957dbe4e67197959b0fb32052cc1a9,research_repository/ResultsArchive/incoming/low-data-regime__e786cede/artifacts/complete_gsm8k__q3_l2r_low_data_e786cede_AC-ALG1_NULL-N32_seed439__AC-ALG1_s439.json,3a90ec8cf6778c1915b3560876ee2012ba6d3c9e6d81905226868eea52cac09b
q3_l2r_low_data_e786cede_AC-ALG1_NULL-N32_seed443,e786cede,qwen3-1.7b-base,AC-ALG1,443,gsm8k,2296.4,1,NVIDIA H100 80GB HBM3,0.637888888888889,dc4b9066ca0fb1fd0ab3814b78ccc58ee74afa55a8a75c2cc1460bf055b8c610,research_repository/ResultsArchive/incoming/low-data-regime__e786cede/artifacts/cell_result_gsm8k__q3_l2r_low_data_e786cede_AC-ALG1_NULL-N32_seed443__AC-ALG1_s443.json,97e1d400383266f8ef747fdc769988e780168ab1abe5d1609e8504af7f37c0ce,research_repository/ResultsArchive/incoming/low-data-regime__e786cede/artifacts/complete_gsm8k__q3_l2r_low_data_e786cede_AC-ALG1_NULL-N32_seed443__AC-ALG1_s443.json,c8f53fcf1be440ee22765dd7489dbabfcc743722e682e174853556d1487d05b4
q3_l2r_low_data_e786cede_AC-ALG1_NULL-N32_seed449,e786cede,qwen3-1.7b-base,AC-ALG1,449,gsm8k,2346.8,1,NVIDIA H100 80GB HBM3,0.651888888888889,3d6f2a02cc3b594d0836888c7f2485528518bd7f4f63cf5dabd187a85763bf3f,research_repository/ResultsArchive/incoming/low-data-regime__e786cede/artifacts/cell_result_gsm8k__q3_l2r_low_data_e786cede_AC-ALG1_NULL-N32_seed449__AC-ALG1_s449.json,3d195210ae5e0c6534e212c3ebb21bdc26c3163188554ae0cfbe952a5a1594ec,research_repository/ResultsArchive/incoming/low-data-regime__e786cede/artifacts/complete_gsm8k__q3_l2r_low_data_e786cede_AC-ALG1_NULL-N32_seed449__AC-ALG1_s449.json,d0f0f8e5dd36935603293139403d26b27bd45e37b906bd006ec5ae52d83645f7
q3_l2r_low_data_e786cede_AC-ALG1_NULL-N32_seed457,e786cede,qwen3-1.7b-base,AC-ALG1,457,gsm8k,2161.5,1,NVIDIA H100 80GB HBM3,0.6004166666666667,374ce5c44f7e361e09766ca026033c2c02555d5f83635f5dbf64bbd50461cb96,research_repository/ResultsArchive/incoming/low-data-regime__e786cede/artifacts/cell_result_gsm8k__q3_l2r_low_data_e786cede_AC-ALG1_NULL-N32_seed457__AC-ALG1_s457.json,74422e7ba607a6ecbcb24429ca2f5465c66c930221b1e168bb73299a1d2f9c21,research_repository/ResultsArchive/incoming/low-data-regime__e786cede/artifacts/complete_gsm8k__q3_l2r_low_data_e786cede_AC-ALG1_NULL-N32_seed457__AC-ALG1_s457.json,871526c977ac5961748c23b4559bf4f460ed9458b11580501cdaa919a21d8ec7
q3_l2r_low_data_e786cede_AC-ALG1_NULL-N8_seed389,e786cede,qwen3-1.7b-base,AC-ALG1,389,gsm8k,2323.4,1,NVIDIA H100 80GB HBM3,0.6453888888888889,acb97e76fea8f082c738fac866e5c83b1f7cae8b1e33bc537c30195953b93dae,research_repository/ResultsArchive/incoming/low-data-regime__e786cede/artifacts/cell_result_gsm8k__q3_l2r_low_data_e786cede_AC-ALG1_NULL-N8_seed389__AC-ALG1_s389.json,b44b83cef05479745804b10974cdaf74ae4a8cf4dc03fde985c3dd3144fa941c,research_repository/ResultsArchive/incoming/low-data-regime__e786cede/artifacts/complete_gsm8k__q3_l2r_low_data_e786cede_AC-ALG1_NULL-N8_seed389__AC-ALG1_s389.json,6dc58d604c01c78d7ea6683bc42986bd2f3260dc4f27ef8201d4f2c28f20e8d8
q3_l2r_low_data_e786cede_AC-ALG1_NULL-N8_seed397,e786cede,qwen3-1.7b-base,AC-ALG1,397,gsm8k,2188.8,1,NVIDIA H100 80GB HBM3,0.6080000000000001,2a51bbf52245d76690b97835a9c06928d118cb9af1583bd9a12b69dc8972f140,research_repository/ResultsArchive/incoming/low-data-regime__e786cede/artifacts/cell_result_gsm8k__q3_l2r_low_data_e786cede_AC-ALG1_NULL-N8_seed397__AC-ALG1_s397.json,ce86a29277fa8ea721cd5b8876bb47f5f023d9540c4ab7fda37a35246912037e,research_repository/ResultsArchive/incoming/low-data-regime__e786cede/artifacts/complete_gsm8k__q3_l2r_low_data_e786cede_AC-ALG1_NULL-N8_seed397__AC-ALG1_s397.json,8c4a7371a70d8fa13d6ba35e4887dc826793ba5c62c8362f8e382c4649116181
q3_l2r_low_data_e786cede_AC-ALG1_NULL-N8_seed433,e786cede,qwen3-1.7b-base,AC-ALG1,433,gsm8k,2224.9,1,NVIDIA H100 80GB HBM3,0.6180277777777778,dc11eb10e58da40d33584b635dd76be46622ea42e818aebca1b29eb71df4c007,research_repository/ResultsArchive/incoming/low-data-regime__e786cede/artifacts/cell_result_gsm8k__q3_l2r_low_data_e786cede_AC-ALG1_NULL-N8_seed433__AC-ALG1_s433.json,fead92125f8f05b114466efebe4d178107f3fba5c3f664440f8e90759627f4ba,research_repository/ResultsArchive/incoming/low-data-regime__e786cede/artifacts/complete_gsm8k__q3_l2r_low_data_e786cede_AC-ALG1_NULL-N8_seed433__AC-ALG1_s433.json,088c1e66a5ff7ac22f3c474fb8db95cfe371383ffeea4f0c4bed708f2c31227f
q3_l2r_low_data_e786cede_AC-ALG1_NULL-N8_seed439,e786cede,qwen3-1.7b-base,AC-ALG1,439,gsm8k,2479.9,1,NVIDIA H100 80GB HBM3,0.6888611111111111,e26949e7afa2cb2077755fb47ee82c915bd21f0db18dd78060863cdf99bb958f,research_repository/ResultsArchive/incoming/low-data-regime__e786cede/artifacts/cell_result_gsm8k__q3_l2r_low_data_e786cede_AC-ALG1_NULL-N8_seed439__AC-ALG1_s439.json,6e1e52c97b86efe4ef51f4ec4118859d9d6845b2efe79df31e307975dd856e81,research_repository/ResultsArchive/incoming/low-data-regime__e786cede/artifacts/complete_gsm8k__q3_l2r_low_data_e786cede_AC-ALG1_NULL-N8_seed439__AC-ALG1_s439.json,b83d27cc43b8968835baed652652c83d98d679fce5d4dfd81e0db0032e8a13ff
q3_l2r_low_data_e786cede_AC-ALG1_NULL-N8_seed443,e786cede,qwen3-1.7b-base,AC-ALG1,443,gsm8k,2120.7,1,NVIDIA H100 80GB HBM3,0.5890833333333333,5d90cade4d6cd05abbdf1bfc71095b5226e7c24b15655ffacfe35362340c0745,research_repository/ResultsArchive/incoming/low-data-regime__e786cede/artifacts/cell_result_gsm8k__q3_l2r_low_data_e786cede_AC-ALG1_NULL-N8_seed443__AC-ALG1_s443.json,b02acbb3d913948917316699ccce5bca80922712cbf0bfd4f70c5d3466f890b6,research_repository/ResultsArchive/incoming/low-data-regime__e786cede/artifacts/complete_gsm8k__q3_l2r_low_data_e786cede_AC-ALG1_NULL-N8_seed443__AC-ALG1_s443.json,b6ea1947fd219f3cc78cff909222c818f1fafa9fbcc3c4e72ea668ea75b85a78
q3_l2r_low_data_e786cede_AC-ALG1_NULL-N8_seed449,e786cede,qwen3-1.7b-base,AC-ALG1,449,gsm8k,2341.7,1,NVIDIA H100 80GB HBM3,0.6504722222222221,b0412946aef1f4230cf6ee21df13df78b5de50a7fb686b62e61c5e4c9055f289,research_repository/ResultsArchive/incoming/low-data-regime__e786cede/artifacts/cell_result_gsm8k__q3_l2r_low_data_e786cede_AC-ALG1_NULL-N8_seed449__AC-ALG1_s449.json,50217930c92d33bc442e38fe5c8cccd8666588edf8a1c429a0de201b2afc2a1f,research_repository/ResultsArchive/incoming/low-data-regime__e786cede/artifacts/complete_gsm8k__q3_l2r_low_data_e786cede_AC-ALG1_NULL-N8_seed449__AC-ALG1_s449.json,992e5ab5ed3a93c7b07510534c3b40c7f8d8d8af55dec0a528a88a10245c0837
q3_l2r_low_data_e786cede_AC-ALG1_NULL-N8_seed457,e786cede,qwen3-1.7b-base,AC-ALG1,457,gsm8k,2446.3,1,NVIDIA H100 80GB HBM3,0.6795277777777778,73735ccb4b9f3f70e82e2da1b8d09c5111317e053edd3c7fb1fe862da5fa1808,research_repository/ResultsArchive/incoming/low-data-regime__e786cede/artifacts/cell_result_gsm8k__q3_l2r_low_data_e786cede_AC-ALG1_NULL-N8_seed457__AC-ALG1_s457.json,3354c8542fd27c9399854018f1fa559e3ecf4f36f696d2fab094593f00cfd9bd,research_repository/ResultsArchive/incoming/low-data-regime__e786cede/artifacts/complete_gsm8k__q3_l2r_low_data_e786cede_AC-ALG1_NULL-N8_seed457__AC-ALG1_s457.json,5434f995a209752721db574e383b8a131a56fd58cc054608259bb8e3bb204d90
q3_l2r_low_data_e786cede_GRPO_GRPO-N128_seed389,e786cede,qwen3-1.7b-base,GRPO,389,gsm8k,2654.7,1,NVIDIA H100 80GB HBM3,0.7374166666666666,6c622ef833da3a88cb29978243deaadde8447dca9b550eb7c60e176c4bae90d2,research_repository/ResultsArchive/incoming/low-data-regime__e786cede/artifacts/cell_result_gsm8k__q3_l2r_low_data_e786cede_GRPO_GRPO-N128_seed389__GRPO_s389.json,8011960b4b92da5e9b6a00b1fedfaddf3dc6fc3f1f5787292703e8e80f080128,research_repository/ResultsArchive/incoming/low-data-regime__e786cede/artifacts/complete_gsm8k__q3_l2r_low_data_e786cede_GRPO_GRPO-N128_seed389__GRPO_s389.json,033fdc32669c75ac057da4b0cb2be0f1b7fe7e6afd34fac0c4bf84017d7d9edc
q3_l2r_low_data_e786cede_GRPO_GRPO-N128_seed397,e786cede,qwen3-1.7b-base,GRPO,397,gsm8k,2466.4,1,NVIDIA H100 80GB HBM3,0.6851111111111111,9f41a89558147dcc1d7d46466fa67977ab6f795e1aa825cc9feb0f2552856500,research_repository/ResultsArchive/incoming/low-data-regime__e786cede/artifacts/cell_result_gsm8k__q3_l2r_low_data_e786cede_GRPO_GRPO-N128_seed397__GRPO_s397.json,8c72ed212b466a77e482fd663f1275e2efcecbfa9370b59000ed298372bede95,research_repository/ResultsArchive/incoming/low-data-regime__e786cede/artifacts/complete_gsm8k__q3_l2r_low_data_e786cede_GRPO_GRPO-N128_seed397__GRPO_s397.json,3cc7094619a0feb4acfd4f75f55e1d2c7be35eeaa55cae4fb45db20ba08f98bf
q3_l2r_low_data_e786cede_GRPO_GRPO-N128_seed433,e786cede,qwen3-1.7b-base,GRPO,433,gsm8k,2195.4,1,NVIDIA H100 80GB HBM3,0.6098333333333333,dec23f6a82f8c5e3d889edea61dbfc2aec128e778501d53a9740921accf329b2,research_repository/ResultsArchive/incoming/low-data-regime__e786cede/artifacts/cell_result_gsm8k__q3_l2r_low_data_e786cede_GRPO_GRPO-N128_seed433__GRPO_s433.json,823a40339698d42c3f451db53dcae8b4d6674b5b3fc753979a1e559400f466a7,research_repository/ResultsArchive/incoming/low-data-regime__e786cede/artifacts/complete_gsm8k__q3_l2r_low_data_e786cede_GRPO_GRPO-N128_seed433__GRPO_s433.json,55e6b95e32235846d78cbc6b629b9f760a689330c166ce357875746c7b1348bd
q3_l2r_low_data_e786cede_GRPO_GRPO-N128_seed439,e786cede,qwen3-1.7b-base,GRPO,439,gsm8k,2663.7,1,NVIDIA H100 80GB HBM3,0.7399166666666667,0de4a6378a1cec45d31eb5486df5e6fbc464a0dd22a755af4472b61a6befbdfb,research_repository/ResultsArchive/incoming/low-data-regime__e786cede/artifacts/cell_result_gsm8k__q3_l2r_low_data_e786cede_GRPO_GRPO-N128_seed439__GRPO_s439.json,904aff92b7d5b2ea47b81c8beb0c3adae49ef3945427b2ae8af261be4a425d60,research_repository/ResultsArchive/incoming/low-data-regime__e786cede/artifacts/complete_gsm8k__q3_l2r_low_data_e786cede_GRPO_GRPO-N128_seed439__GRPO_s439.json,7ef2afef1284f8fa46319ec07ddfd21a642827304c5bd54fc91d21e9c374358c
q3_l2r_low_data_e786cede_GRPO_GRPO-N128_seed443,e786cede,qwen3-1.7b-base,GRPO,443,gsm8k,2240.1,1,NVIDIA H100 80GB HBM3,0.62225,ef722f2ffaf52f953ef0611c24f7052b7b34856ac746472fb7513ed53475b77b,research_repository/ResultsArchive/incoming/low-data-regime__e786cede/artifacts/cell_result_gsm8k__q3_l2r_low_data_e786cede_GRPO_GRPO-N128_seed443__GRPO_s443.json,01f273a5a236d8b520574cece2d9b59281a100dfd382347626d6629a45b53beb,research_repository/ResultsArchive/incoming/low-data-regime__e786cede/artifacts/complete_gsm8k__q3_l2r_low_data_e786cede_GRPO_GRPO-N128_seed443__GRPO_s443.json,6bae9b9b9601f89a3cc2513170d36c42357578fcda37cc3e97eea4566e895d57
q3_l2r_low_data_e786cede_GRPO_GRPO-N128_seed449,e786cede,qwen3-1.7b-base,GRPO,449,gsm8k,2658.3,1,NVIDIA H100 80GB HBM3,0.7384166666666667,66536d37c76f910960d009e8f8f4435e30aadfbac49e5aa35604f3f74e2c2453,research_repository/ResultsArchive/incoming/low-data-regime__e786cede/artifacts/cell_result_gsm8k__q3_l2r_low_data_e786cede_GRPO_GRPO-N128_seed449__GRPO_s449.json,1da161f389f6ab0f0fbcf8846c5b78a0708f04e480959243ac0cc0f87139cf4c,research_repository/ResultsArchive/incoming/low-data-regime__e786cede/artifacts/complete_gsm8k__q3_l2r_low_data_e786cede_GRPO_GRPO-N128_seed449__GRPO_s449.json,af54b9c9045bd6774b33c78f8d6747168614dfe147972530c6c13ca710639432
q3_l2r_low_data_e786cede_GRPO_GRPO-N128_seed457,e786cede,qwen3-1.7b-base,GRPO,457,gsm8k,2311.8,1,NVIDIA H100 80GB HBM3,0.6421666666666667,0cf2dddf536d1a504f2343afc3f27ccee5b91a3f70075d85e8b6bb7a7037fbd4,research_repository/ResultsArchive/incoming/low-data-regime__e786cede/artifacts/cell_result_gsm8k__q3_l2r_low_data_e786cede_GRPO_GRPO-N128_seed457__GRPO_s457.json,7964fc629d406376198edc35d0dbafe6ba98f8a2d4aab69df8a317c1c114e1e8,research_repository/ResultsArchive/incoming/low-data-regime__e786cede/artifacts/complete_gsm8k__q3_l2r_low_data_e786cede_GRPO_GRPO-N128_seed457__GRPO_s457.json,1cae61cbbafcf09ea5d1a20fa5ca0e4ec75a28db9124b687c03e6b6420e8c25b
q3_l2r_low_data_e786cede_GRPO_GRPO-N32_seed389,e786cede,qwen3-1.7b-base,GRPO,389,gsm8k,2524.3,1,NVIDIA H100 80GB HBM3,0.7011944444444445,d2b70ad768bed252b3a92d012f1cca59a9d6c580aa8a9e347221a1846e738a86,research_repository/ResultsArchive/incoming/low-data-regime__e786cede/artifacts/cell_result_gsm8k__q3_l2r_low_data_e786cede_GRPO_GRPO-N32_seed389__GRPO_s389.json,e44ece91719a8846fdfb2e966701b0b37c1b0179bc9d83a96072f33e00b35679,research_repository/ResultsArchive/incoming/low-data-regime__e786cede/artifacts/complete_gsm8k__q3_l2r_low_data_e786cede_GRPO_GRPO-N32_seed389__GRPO_s389.json,e1f6d602a0125a234e926c5e0bcea82d198a7dd0baec7fbe354f8a2699bbc484
q3_l2r_low_data_e786cede_GRPO_GRPO-N32_seed397,e786cede,qwen3-1.7b-base,GRPO,397,gsm8k,2505.0,1,NVIDIA H100 80GB HBM3,0.6958333333333333,ce6bd16b6e6f19b15ea62db00fd01986e649fd70f451546deb454c58cffeca49,research_repository/ResultsArchive/incoming/low-data-regime__e786cede/artifacts/cell_result_gsm8k__q3_l2r_low_data_e786cede_GRPO_GRPO-N32_seed397__GRPO_s397.json,aac4d50b2ba00fd9b224a30851e943c90ce27ca530594459291ff32f70bc0309,research_repository/ResultsArchive/incoming/low-data-regime__e786cede/artifacts/complete_gsm8k__q3_l2r_low_data_e786cede_GRPO_GRPO-N32_seed397__GRPO_s397.json,4c619d65c67950cc7703e4cf8a6a9f424ac17a27046801cb6f377100ad6d04e0
q3_l2r_low_data_e786cede_GRPO_GRPO-N32_seed433,e786cede,qwen3-1.7b-base,GRPO,433,gsm8k,2164.8,1,NVIDIA H100 80GB HBM3,0.6013333333333334,cf67e95cc7afc68296257cd45fd7cb6938b910c70cb29f651725c72b7b4b0a2e,research_repository/ResultsArchive/incoming/low-data-regime__e786cede/artifacts/cell_result_gsm8k__q3_l2r_low_data_e786cede_GRPO_GRPO-N32_seed433__GRPO_s433.json,c6e9f4d58d85045792e692ad09bafbe24bc83d7e1d07a556533092ed520bc7c0,research_repository/ResultsArchive/incoming/low-data-regime__e786cede/artifacts/complete_gsm8k__q3_l2r_low_data_e786cede_GRPO_GRPO-N32_seed433__GRPO_s433.json,e14651cba26f85ccacf663e4f7b15702e69e060b147f287788a384207428591d
q3_l2r_low_data_e786cede_GRPO_GRPO-N32_seed439,e786cede,qwen3-1.7b-base,GRPO,439,gsm8k,2611.3,1,NVIDIA H100 80GB HBM3,0.7253611111111111,dd3e21e02cfe55333857f9acb19c959c9e1475f188482cd70ccae1e1c1d99243,research_repository/ResultsArchive/incoming/low-data-regime__e786cede/artifacts/cell_result_gsm8k__q3_l2r_low_data_e786cede_GRPO_GRPO-N32_seed439__GRPO_s439.json,1accd5ece6e74002f6e522bac96cda056f977efbdbf39752e10c3c505b38643c,research_repository/ResultsArchive/incoming/low-data-regime__e786cede/artifacts/complete_gsm8k__q3_l2r_low_data_e786cede_GRPO_GRPO-N32_seed439__GRPO_s439.json,9a71236b094520fadf97bb97129e071fc61b68f515acfffd8fa6988776ea9f78
q3_l2r_low_data_e786cede_GRPO_GRPO-N32_seed443,e786cede,qwen3-1.7b-base,GRPO,443,gsm8k,2444.2,1,NVIDIA H100 80GB HBM3,0.6789444444444444,6d3b152dac5da07576c392738545fccbe5c139c356ac3cb593cb1138e745d0b1,research_repository/ResultsArchive/incoming/low-data-regime__e786cede/artifacts/cell_result_gsm8k__q3_l2r_low_data_e786cede_GRPO_GRPO-N32_seed443__GRPO_s443.json,5c5f61ad98b37c1c766b06bffee6f72d6e5166695aed2bd30ad9800b447fdee6,research_repository/ResultsArchive/incoming/low-data-regime__e786cede/artifacts/complete_gsm8k__q3_l2r_low_data_e786cede_GRPO_GRPO-N32_seed443__GRPO_s443.json,6ccd1f28c5d27ace55fc7ee15de40e9d8f660187a8de88daddbc3f6f2fdf19f3
q3_l2r_low_data_e786cede_GRPO_GRPO-N32_seed449,e786cede,qwen3-1.7b-base,GRPO,449,gsm8k,2723.4,1,NVIDIA H100 80GB HBM3,0.7565000000000001,2ea5e0c255bea27b57f4c067c12ddc0adc094d2590b8a9f1d955cd97b2fdc4cc,research_repository/ResultsArchive/incoming/low-data-regime__e786cede/artifacts/cell_result_gsm8k__q3_l2r_low_data_e786cede_GRPO_GRPO-N32_seed449__GRPO_s449.json,a9a6e0d5db6720b182d5e9b359af73b5399db14e8ac24249600e7b2c84f25cb1,research_repository/ResultsArchive/incoming/low-data-regime__e786cede/artifacts/complete_gsm8k__q3_l2r_low_data_e786cede_GRPO_GRPO-N32_seed449__GRPO_s449.json,09abdd2185a0d11d698775f1492f580416f9013e1a765c536982b8de027f93bf
q3_l2r_low_data_e786cede_GRPO_GRPO-N32_seed457,e786cede,qwen3-1.7b-base,GRPO,457,gsm8k,2327.7,1,NVIDIA H100 80GB HBM3,0.6465833333333333,cea66f3445fdb5d9807adc9fc94df34f2f4887b8239a6b9ea1d9756d966134b9,research_repository/ResultsArchive/incoming/low-data-regime__e786cede/artifacts/cell_result_gsm8k__q3_l2r_low_data_e786cede_GRPO_GRPO-N32_seed457__GRPO_s457.json,bccd9de0f0456cfc4aaecaed3ac6a98b54aaabba3ebc1416f93920a604ef4f3f,research_repository/ResultsArchive/incoming/low-data-regime__e786cede/artifacts/complete_gsm8k__q3_l2r_low_data_e786cede_GRPO_GRPO-N32_seed457__GRPO_s457.json,f2a07758f3dd3110306805f15193489379b8a7630ad81de3bbb4589cfbb8b46d
q3_l2r_low_data_e786cede_GRPO_GRPO-N8_seed389,e786cede,qwen3-1.7b-base,GRPO,389,gsm8k,2680.8,1,NVIDIA H100 80GB HBM3,0.7446666666666667,b3a8ba4848f9236cffe146edde46b421f66e4835e6f7e62908a549cec06d0d76,research_repository/ResultsArchive/incoming/low-data-regime__e786cede/artifacts/cell_result_gsm8k__q3_l2r_low_data_e786cede_GRPO_GRPO-N8_seed389__GRPO_s389.json,e4d517fca1b771063c51545f58d46966ec87067121cc9fb2cccd4769a603a162,research_repository/ResultsArchive/incoming/low-data-regime__e786cede/artifacts/complete_gsm8k__q3_l2r_low_data_e786cede_GRPO_GRPO-N8_seed389__GRPO_s389.json,5eb421c8aa58351d2f5bb098180753284e019c87bbc060565abd424d62edbbb4
q3_l2r_low_data_e786cede_GRPO_GRPO-N8_seed397,e786cede,qwen3-1.7b-base,GRPO,397,gsm8k,2338.3,1,NVIDIA H100 80GB HBM3,0.6495277777777778,d5bccb74e35df320b87c052ec615f7d0b4fea0a6613602dfa3187051bc24ffaa,research_repository/ResultsArchive/incoming/low-data-regime__e786cede/artifacts/cell_result_gsm8k__q3_l2r_low_data_e786cede_GRPO_GRPO-N8_seed397__GRPO_s397.json,85bb34d7e7d8e751c16a1ac69fb0190804837f64e06f66dafb6dcf17e8877aba,research_repository/ResultsArchive/incoming/low-data-regime__e786cede/artifacts/complete_gsm8k__q3_l2r_low_data_e786cede_GRPO_GRPO-N8_seed397__GRPO_s397.json,430ef1ed62a0144df17c7be39bde67d371eaae2f753e46b6454212f7c4f1507a
q3_l2r_low_data_e786cede_GRPO_GRPO-N8_seed433,e786cede,qwen3-1.7b-base,GRPO,433,gsm8k,2143.6,1,NVIDIA H100 80GB HBM3,0.5954444444444444,0a0090e42eb8411c56b96a5574d18899be0a9b70be5fad339372f83e115ccdcf,research_repository/ResultsArchive/incoming/low-data-regime__e786cede/artifacts/cell_result_gsm8k__q3_l2r_low_data_e786cede_GRPO_GRPO-N8_seed433__GRPO_s433.json,fbcd97f0c789754cd4eef89cee0a5b9bc9e57ff52aac733b8b720bf93433cdd6,research_repository/ResultsArchive/incoming/low-data-regime__e786cede/artifacts/complete_gsm8k__q3_l2r_low_data_e786cede_GRPO_GRPO-N8_seed433__GRPO_s433.json,6d43f3d16b6ce696129c9d151b824b62413ef7c4d541a47844257348b7167762
q3_l2r_low_data_e786cede_GRPO_GRPO-N8_seed439,e786cede,qwen3-1.7b-base,GRPO,439,gsm8k,2459.6,1,NVIDIA H100 80GB HBM3,0.6832222222222222,cc74663b882c97065092470050424148c71d521744023c5e72f2bf8903026911,research_repository/ResultsArchive/incoming/low-data-regime__e786cede/artifacts/cell_result_gsm8k__q3_l2r_low_data_e786cede_GRPO_GRPO-N8_seed439__GRPO_s439.json,99a2db26786361bc17a6140ae701b45e6734de569575682f24ec58e4cb5b2413,research_repository/ResultsArchive/incoming/low-data-regime__e786cede/artifacts/complete_gsm8k__q3_l2r_low_data_e786cede_GRPO_GRPO-N8_seed439__GRPO_s439.json,8a1cecd1fd13203da9e63fc7565b5c5f6e9c2f2ff69b2aeb722a7ac2064a27a2
q3_l2r_low_data_e786cede_GRPO_GRPO-N8_seed443,e786cede,qwen3-1.7b-base,GRPO,443,gsm8k,2177.4,1,NVIDIA H100 80GB HBM3,0.6048333333333333,1e3eae0c4f147020b67529fa15a95ddc0d4529104eee9f4da3414b12111978b9,research_repository/ResultsArchive/incoming/low-data-regime__e786cede/artifacts/cell_result_gsm8k__q3_l2r_low_data_e786cede_GRPO_GRPO-N8_seed443__GRPO_s443.json,880b65ba9a6225478d90218bb14305b27c340a18d570b960acdcec7abe9bcdac,research_repository/ResultsArchive/incoming/low-data-regime__e786cede/artifacts/complete_gsm8k__q3_l2r_low_data_e786cede_GRPO_GRPO-N8_seed443__GRPO_s443.json,f55464a4d8bcbb8a488e072789c26b98f1d481d3a7ca0b6c09a68b3d3ded0f6d
q3_l2r_low_data_e786cede_GRPO_GRPO-N8_seed449,e786cede,qwen3-1.7b-base,GRPO,449,gsm8k,2559.7,1,NVIDIA H100 80GB HBM3,0.7110277777777777,30ee54564c7b78e9b56999181c688013a7922501b776b7d8c2bbaef3a8e03955,research_repository/ResultsArchive/incoming/low-data-regime__e786cede/artifacts/cell_result_gsm8k__q3_l2r_low_data_e786cede_GRPO_GRPO-N8_seed449__GRPO_s449.json,cb7892f7d8fc947d239ba1bade568101bf624f4ad55f877f363e7b06953ea9db,research_repository/ResultsArchive/incoming/low-data-regime__e786cede/artifacts/complete_gsm8k__q3_l2r_low_data_e786cede_GRPO_GRPO-N8_seed449__GRPO_s449.json,2d9475c95a14ebe5adce80fcee7ad4f0168137a8681d46d9ca220af1070d6286
q3_l2r_low_data_e786cede_GRPO_GRPO-N8_seed457,e786cede,qwen3-1.7b-base,GRPO,457,gsm8k,2318.0,1,NVIDIA H100 80GB HBM3,0.6438888888888888,d9d56aceb732834ba71075c968abb35a9c116fa672ee868fb044f38d6e2ced7a,research_repository/ResultsArchive/incoming/low-data-regime__e786cede/artifacts/cell_result_gsm8k__q3_l2r_low_data_e786cede_GRPO_GRPO-N8_seed457__GRPO_s457.json,bf4bfe66f9655aa15834bda54a76f56b80dcb7cfc1c824e32a2b7a3b69c86631,research_repository/ResultsArchive/incoming/low-data-regime__e786cede/artifacts/complete_gsm8k__q3_l2r_low_data_e786cede_GRPO_GRPO-N8_seed457__GRPO_s457.json,a8d9f15b0e2a2015ccb362aab219af2fe3923f77ba500b856887dffcce86bb54
q3_l2r_low_data_e786cede_RLOO_RLOO-N128_seed389,e786cede,qwen3-1.7b-base,RLOO,389,gsm8k,2511.5,1,NVIDIA H100 80GB HBM3,0.6976388888888889,87fa38e2be6c81bd99beda2b8a87c3af5e7969e3a483de08e0e3e11fc7233652,research_repository/ResultsArchive/incoming/low-data-regime__e786cede/artifacts/cell_result_gsm8k__q3_l2r_low_data_e786cede_RLOO_RLOO-N128_seed389__RLOO_s389.json,5da32e395c4049488221871f669caee50afea6917b2c09eaa36cec4d04607d21,research_repository/ResultsArchive/incoming/low-data-regime__e786cede/artifacts/complete_gsm8k__q3_l2r_low_data_e786cede_RLOO_RLOO-N128_seed389__RLOO_s389.json,f6780862bc7bfed24ee20110885ae344fc12de6a059425be5e1dd7eb49f1e849
q3_l2r_low_data_e786cede_RLOO_RLOO-N128_seed397,e786cede,qwen3-1.7b-base,RLOO,397,gsm8k,2398.3,1,NVIDIA H100 80GB HBM3,0.6661944444444445,7020b1c82f1a6db691d7d9e9a5ee2e6d36ff680072c40f5063ddf93cdd9537aa,research_repository/ResultsArchive/incoming/low-data-regime__e786cede/artifacts/cell_result_gsm8k__q3_l2r_low_data_e786cede_RLOO_RLOO-N128_seed397__RLOO_s397.json,ad6812403f9d3bfb16f9b42645d4e996ec174417fa0594ee2a938ed8ea13babe,research_repository/ResultsArchive/incoming/low-data-regime__e786cede/artifacts/complete_gsm8k__q3_l2r_low_data_e786cede_RLOO_RLOO-N128_seed397__RLOO_s397.json,169e510040e44b639f9b3f35491d275873bdaba000e9f97c56bf776b81995d26
q3_l2r_low_data_e786cede_RLOO_RLOO-N128_seed433,e786cede,qwen3-1.7b-base,RLOO,433,gsm8k,2147.8,1,NVIDIA H100 80GB HBM3,0.5966111111111112,0a22a1c1e71c75a6a4ce206cd53089d4fa2112d96de1622a1a7f2451953b3174,research_repository/ResultsArchive/incoming/low-data-regime__e786cede/artifacts/cell_result_gsm8k__q3_l2r_low_data_e786cede_RLOO_RLOO-N128_seed433__RLOO_s433.json,2f296ced78ee2ab0afb37f11b9f69d2e2834f87eb3d35e61b50641b3609505e5,research_repository/ResultsArchive/incoming/low-data-regime__e786cede/artifacts/complete_gsm8k__q3_l2r_low_data_e786cede_RLOO_RLOO-N128_seed433__RLOO_s433.json,2b572262babbf107c1344669e5549fd9a0b269038e79830d74f95b6aa3617819
q3_l2r_low_data_e786cede_RLOO_RLOO-N128_seed439,e786cede,qwen3-1.7b-base,RLOO,439,gsm8k,2519.8,1,NVIDIA H100 80GB HBM3,0.6999444444444445,f274b369a9e965b75a35cdbe74dd36a0507a7a14295c487e626fbd12d9938dd0,research_repository/ResultsArchive/incoming/low-data-regime__e786cede/artifacts/cell_result_gsm8k__q3_l2r_low_data_e786cede_RLOO_RLOO-N128_seed439__RLOO_s439.json,4d14894c434a7aab5da01c41b6f9b8f0f2b726826c20bf39557dc2f50fe91b94,research_repository/ResultsArchive/incoming/low-data-regime__e786cede/artifacts/complete_gsm8k__q3_l2r_low_data_e786cede_RLOO_RLOO-N128_seed439__RLOO_s439.json,a9ce8f112408a2511aec548cbd581097f5ef77b6dd0ac2a0a4644314cb359980
q3_l2r_low_data_e786cede_RLOO_RLOO-N128_seed443,e786cede,qwen3-1.7b-base,RLOO,443,gsm8k,2232.2,1,NVIDIA H100 80GB HBM3,0.6200555555555555,4ee0b9e35698135c061246a3006f5ae3ccebed078a0957854cab70d422734f1c,research_repository/ResultsArchive/incoming/low-data-regime__e786cede/artifacts/cell_result_gsm8k__q3_l2r_low_data_e786cede_RLOO_RLOO-N128_seed443__RLOO_s443.json,32d22f4a375c202c241eda9492ec56f95b5536d4c14a8c4fa3a23b1bd4206d0c,research_repository/ResultsArchive/incoming/low-data-regime__e786cede/artifacts/complete_gsm8k__q3_l2r_low_data_e786cede_RLOO_RLOO-N128_seed443__RLOO_s443.json,7e06546c2a5a63bd9ad234377161811a1565f6b1c627a38c1ccade01f9dea646
q3_l2r_low_data_e786cede_RLOO_RLOO-N128_seed449,e786cede,qwen3-1.7b-base,RLOO,449,gsm8k,2679.3,1,NVIDIA H100 80GB HBM3,0.7442500000000001,d8bb08533ad59d16fb72cae774536a6d3190ca9405c4987ea90ca04291635670,research_repository/ResultsArchive/incoming/low-data-regime__e786cede/artifacts/cell_result_gsm8k__q3_l2r_low_data_e786cede_RLOO_RLOO-N128_seed449__RLOO_s449.json,13adf22fab9694cff4750cdd488aba44022076b5220d388a8f9b3cf36dcd199e,research_repository/ResultsArchive/incoming/low-data-regime__e786cede/artifacts/complete_gsm8k__q3_l2r_low_data_e786cede_RLOO_RLOO-N128_seed449__RLOO_s449.json,9a426d882afb3ad2098e78b34fad405548dcebb951f417605c09c82fa679ae75
q3_l2r_low_data_e786cede_RLOO_RLOO-N128_seed457,e786cede,qwen3-1.7b-base,RLOO,457,gsm8k,2524.3,1,NVIDIA H100 80GB HBM3,0.7011944444444445,d0c97aa4c7b6f6b744eb371b43db3405220f201be3934347345e47144dee3a86,research_repository/ResultsArchive/incoming/low-data-regime__e786cede/artifacts/cell_result_gsm8k__q3_l2r_low_data_e786cede_RLOO_RLOO-N128_seed457__RLOO_s457.json,aedb58aa74c3c9dd13afdd67aa4c3ad975d4521cce8bf94dd9681b42908e2fed,research_repository/ResultsArchive/incoming/low-data-regime__e786cede/artifacts/complete_gsm8k__q3_l2r_low_data_e786cede_RLOO_RLOO-N128_seed457__RLOO_s457.json,54f5e5bbc552da86bf6f9516a2c308e4ac9c539233ce60a250001316d1397c4c
q3_l2r_low_data_e786cede_RLOO_RLOO-N32_seed389,e786cede,qwen3-1.7b-base,RLOO,389,gsm8k,2496.3,1,NVIDIA H100 80GB HBM3,0.6934166666666667,6150bdf37759db4e4be1796f6e3f757b5aece946311f195028d9c93a0670ec69,research_repository/ResultsArchive/incoming/low-data-regime__e786cede/artifacts/cell_result_gsm8k__q3_l2r_low_data_e786cede_RLOO_RLOO-N32_seed389__RLOO_s389.json,4d3047669c51ff38a1b9d983f548c3818a74adbfbcb452fb999c4205087e7994,research_repository/ResultsArchive/incoming/low-data-regime__e786cede/artifacts/complete_gsm8k__q3_l2r_low_data_e786cede_RLOO_RLOO-N32_seed389__RLOO_s389.json,94426dd93005d65f4b8c2c509c56be777546cb623e5e74b61d55a1ffb5508bce
q3_l2r_low_data_e786cede_RLOO_RLOO-N32_seed397,e786cede,qwen3-1.7b-base,RLOO,397,gsm8k,2467.5,1,NVIDIA H100 80GB HBM3,0.6854166666666667,89ff92c2abf686bbd27a2c0e01f34ce98b993c7777851fdc3751fd34c0ca400d,research_repository/ResultsArchive/incoming/low-data-regime__e786cede/artifacts/cell_result_gsm8k__q3_l2r_low_data_e786cede_RLOO_RLOO-N32_seed397__RLOO_s397.json,f9d3f137c62f80dfcb3d35c0aa4a5d66251242b0b918094619903612db6b98ef,research_repository/ResultsArchive/incoming/low-data-regime__e786cede/artifacts/complete_gsm8k__q3_l2r_low_data_e786cede_RLOO_RLOO-N32_seed397__RLOO_s397.json,04a252d06f2c973b50c6b232a05e29334c7c137a20475b554b2b1f29d7501542
q3_l2r_low_data_e786cede_RLOO_RLOO-N32_seed433,e786cede,qwen3-1.7b-base,RLOO,433,gsm8k,2060.1,1,NVIDIA H100 80GB HBM3,0.5722499999999999,0cf0516f254e11e6a3b4ac7eaac64d071973c886e79d2f95b8f555ab95b5a52b,research_repository/ResultsArchive/incoming/low-data-regime__e786cede/artifacts/cell_result_gsm8k__q3_l2r_low_data_e786cede_RLOO_RLOO-N32_seed433__RLOO_s433.json,1450cb43273ed77b7bde9565b0bcc22bc75dcc75b642ff532f3b6e9d25b6a156,research_repository/ResultsArchive/incoming/low-data-regime__e786cede/artifacts/complete_gsm8k__q3_l2r_low_data_e786cede_RLOO_RLOO-N32_seed433__RLOO_s433.json,cd1595a142ffc225e495d89e7e6d2c0493b9a2b33dfc4a335b2ae13d44ba1435
q3_l2r_low_data_e786cede_RLOO_RLOO-N32_seed439,e786cede,qwen3-1.7b-base,RLOO,439,gsm8k,2361.8,1,NVIDIA H100 80GB HBM3,0.6560555555555556,44d5eb100317481df2ba865eca2a6ec449c0e29af12dd40e612f629a5ad6eeee,research_repository/ResultsArchive/incoming/low-data-regime__e786cede/artifacts/cell_result_gsm8k__q3_l2r_low_data_e786cede_RLOO_RLOO-N32_seed439__RLOO_s439.json,527dd07e7de8dafc54a2d747a02f87158a12e4638af5b7fe7c651da6a0411994,research_repository/ResultsArchive/incoming/low-data-regime__e786cede/artifacts/complete_gsm8k__q3_l2r_low_data_e786cede_RLOO_RLOO-N32_seed439__RLOO_s439.json,24bddcd9c2ac0785ca094dd75a4d75276cd6935c7738565365a3a3a7ffc092d2
q3_l2r_low_data_e786cede_RLOO_RLOO-N32_seed443,e786cede,qwen3-1.7b-base,RLOO,443,gsm8k,2096.1,1,NVIDIA H100 80GB HBM3,0.5822499999999999,32cf75b3e4906c1746d9fb46550ed2acddc315f080baa88251fa246440ae6f2b,research_repository/ResultsArchive/incoming/low-data-regime__e786cede/artifacts/cell_result_gsm8k__q3_l2r_low_data_e786cede_RLOO_RLOO-N32_seed443__RLOO_s443.json,c4eab7ab4820979e65add339f6b5bcb1e56f21537c9ab797bd22e0208e9ea921,research_repository/ResultsArchive/incoming/low-data-regime__e786cede/artifacts/complete_gsm8k__q3_l2r_low_data_e786cede_RLOO_RLOO-N32_seed443__RLOO_s443.json,51310b1ab9b3d814720adec7cbd0cf30943648f564c83f5e77e2cfbd943abfff
q3_l2r_low_data_e786cede_RLOO_RLOO-N32_seed449,e786cede,qwen3-1.7b-base,RLOO,449,gsm8k,2392.6,1,NVIDIA H100 80GB HBM3,0.664611111111111,12a508b9d4411f7e69691533614093b06d1c71da4efaeca7ce7851b7702b0755,research_repository/ResultsArchive/incoming/low-data-regime__e786cede/artifacts/cell_result_gsm8k__q3_l2r_low_data_e786cede_RLOO_RLOO-N32_seed449__RLOO_s449.json,2ad88f06b39072ccf0ca46b54319c4972af16cbff4729980d07f747e1500223e,research_repository/ResultsArchive/incoming/low-data-regime__e786cede/artifacts/complete_gsm8k__q3_l2r_low_data_e786cede_RLOO_RLOO-N32_seed449__RLOO_s449.json,774295ab4311d67b43e8812b3782fffeec1b84e84de26da42391134658685454
q3_l2r_low_data_e786cede_RLOO_RLOO-N32_seed457,e786cede,qwen3-1.7b-base,RLOO,457,gsm8k,2262.6,1,NVIDIA H100 80GB HBM3,0.6285,37f82be62ac6793c7cde9b7dd5323c542ba7c88a978b56405d4eae625a499a9b,research_repository/ResultsArchive/incoming/low-data-regime__e786cede/artifacts/cell_result_gsm8k__q3_l2r_low_data_e786cede_RLOO_RLOO-N32_seed457__RLOO_s457.json,ad4c7060573f37d1746f9e1d0e651c8b64e012cf22629f51168db2f7bd0c6109,research_repository/ResultsArchive/incoming/low-data-regime__e786cede/artifacts/complete_gsm8k__q3_l2r_low_data_e786cede_RLOO_RLOO-N32_seed457__RLOO_s457.json,b3aad89407b2c9ff609acd242b523e9bd604850fd606823f21006ec2b3b6dc55
q3_l2r_low_data_e786cede_RLOO_RLOO-N8_seed389,e786cede,qwen3-1.7b-base,RLOO,389,gsm8k,2564.5,1,NVIDIA H100 80GB HBM3,0.7123611111111111,fa79c5537120110a76e68abb01181201b0e8d7e9141f0b45d7429bf463611b42,research_repository/ResultsArchive/incoming/low-data-regime__e786cede/artifacts/cell_result_gsm8k__q3_l2r_low_data_e786cede_RLOO_RLOO-N8_seed389__RLOO_s389.json,5854a596f52cfc6d3e23f79f849cb8b5394c1db8cd426c107c7ea9ec5cdff7a7,research_repository/ResultsArchive/incoming/low-data-regime__e786cede/artifacts/complete_gsm8k__q3_l2r_low_data_e786cede_RLOO_RLOO-N8_seed389__RLOO_s389.json,e94fd301835384c7e7f741c888f0dd84e244556e7013e03b58b0325486aad3b4
q3_l2r_low_data_e786cede_RLOO_RLOO-N8_seed397,e786cede,qwen3-1.7b-base,RLOO,397,gsm8k,2251.9,1,NVIDIA H100 80GB HBM3,0.6255277777777778,7f7cd969823ea588632dcbf091087abecfdb6ff3269cfb4976a5b5892f0a456d,research_repository/ResultsArchive/incoming/low-data-regime__e786cede/artifacts/cell_result_gsm8k__q3_l2r_low_data_e786cede_RLOO_RLOO-N8_seed397__RLOO_s397.json,5f954897aa421439ae24d0da789601e976ae620509a083119e97007f32405a82,research_repository/ResultsArchive/incoming/low-data-regime__e786cede/artifacts/complete_gsm8k__q3_l2r_low_data_e786cede_RLOO_RLOO-N8_seed397__RLOO_s397.json,83fd519d067c76b6f28712c295bdf379ed4fcea218502a9cf0c190020bcb3df1
q3_l2r_low_data_e786cede_RLOO_RLOO-N8_seed433,e786cede,qwen3-1.7b-base,RLOO,433,gsm8k,2069.1,1,NVIDIA H100 80GB HBM3,0.57475,969e0cf06eabe409f6cea26504808d37ad0b1c2355f362c44e2a88448ee7bcd0,research_repository/ResultsArchive/incoming/low-data-regime__e786cede/artifacts/cell_result_gsm8k__q3_l2r_low_data_e786cede_RLOO_RLOO-N8_seed433__RLOO_s433.json,14e1e50ce1c10bc89bf1e8aa7e860a2187e10d1b0ceebb8a27a03ab34cc1115f,research_repository/ResultsArchive/incoming/low-data-regime__e786cede/artifacts/complete_gsm8k__q3_l2r_low_data_e786cede_RLOO_RLOO-N8_seed433__RLOO_s433.json,80e69a501db20b98c0596ceb3e73b6827ac3818f41f74b5fcfcbfb65e64e5707
q3_l2r_low_data_e786cede_RLOO_RLOO-N8_seed439,e786cede,qwen3-1.7b-base,RLOO,439,gsm8k,2362.7,1,NVIDIA H100 80GB HBM3,0.6563055555555555,7dba9cf81f9fd166d33a565dd19e364a56f40df4124ffcfa1f28f952fc24de50,research_repository/ResultsArchive/incoming/low-data-regime__e786cede/artifacts/cell_result_gsm8k__q3_l2r_low_data_e786cede_RLOO_RLOO-N8_seed439__RLOO_s439.json,784f227c4e042085c549a27554fe37b7659366d548e356d005415f106c0c5468,research_repository/ResultsArchive/incoming/low-data-regime__e786cede/artifacts/complete_gsm8k__q3_l2r_low_data_e786cede_RLOO_RLOO-N8_seed439__RLOO_s439.json,b2e876626631dede5f75f32ed014fb78f5077310b28a117b482ca8087453b473
q3_l2r_low_data_e786cede_RLOO_RLOO-N8_seed443,e786cede,qwen3-1.7b-base,RLOO,443,gsm8k,2079.7,1,NVIDIA H100 80GB HBM3,0.5776944444444444,203b1c54ae2529cf352c5381e75d3926a0a2c520be93eb9ae75cabc2a088b315,research_repository/ResultsArchive/incoming/low-data-regime__e786cede/artifacts/cell_result_gsm8k__q3_l2r_low_data_e786cede_RLOO_RLOO-N8_seed443__RLOO_s443.json,d67bfbc21d6c1394657dbced596f2a30f497b16436400c50e5945531c47b896b,research_repository/ResultsArchive/incoming/low-data-regime__e786cede/artifacts/complete_gsm8k__q3_l2r_low_data_e786cede_RLOO_RLOO-N8_seed443__RLOO_s443.json,0bf0d6b26e19ffbac81af84985a9bd1027f8e1549bcdc88b739fe60ba4be3334
q3_l2r_low_data_e786cede_RLOO_RLOO-N8_seed449,e786cede,qwen3-1.7b-base,RLOO,449,gsm8k,2667.7,1,NVIDIA H100 80GB HBM3,0.7410277777777777,92d8e50f5a8301c28ddb19f0f45ebc515dbfed783d5814fdf80dc5a577e76bbc,research_repository/ResultsArchive/incoming/low-data-regime__e786cede/artifacts/cell_result_gsm8k__q3_l2r_low_data_e786cede_RLOO_RLOO-N8_seed449__RLOO_s449.json,8791cc8a515405416836b90c3fd7f7f2d2eaa7b8cb1075c313c124de5624db65,research_repository/ResultsArchive/incoming/low-data-regime__e786cede/artifacts/complete_gsm8k__q3_l2r_low_data_e786cede_RLOO_RLOO-N8_seed449__RLOO_s449.json,210688af095dd9f870cc6dfe06147d2b49de971d619695e17ba9c3b7289ec90a
q3_l2r_low_data_e786cede_RLOO_RLOO-N8_seed457,e786cede,qwen3-1.7b-base,RLOO,457,gsm8k,2239.2,1,NVIDIA H100 80GB HBM3,0.622,72feb1ba1c8e1a8fe12dcae03b1e32ccf330d89e47a63d0da214aeca41472c1b,research_repository/ResultsArchive/incoming/low-data-regime__e786cede/artifacts/cell_result_gsm8k__q3_l2r_low_data_e786cede_RLOO_RLOO-N8_seed457__RLOO_s457.json,c07fe51938de9df04aafa2902cf8baee8a1204af136603fb1e354ff66a0f42b4,research_repository/ResultsArchive/incoming/low-data-regime__e786cede/artifacts/complete_gsm8k__q3_l2r_low_data_e786cede_RLOO_RLOO-N8_seed457__RLOO_s457.json,ea515d6fc809e6ce22092c1a09674577c3cc6314a02e2d3115f4552e9f8079c0
q3_l2r_multi_verifier_a4f7c19d_AC-ALG1_NULL-ANSWER_seed373,a4f7c19d,qwen3-1.7b-base,AC-ALG1,373,gsm8k,2042.8,1,NVIDIA H100 80GB HBM3,0.5674444444444444,6906f2bfa76a4cb49ed8b5afa3adba50e849b5f82af2f24a4d78c9cf4848aba3,research_repository/ResultsArchive/incoming/multi-verifier-pilot-invalid__a4f7c19d/cell_result_gsm8k__q3_l2r_multi_verifier_a4f7c19d_AC-ALG1_NULL-ANSWER_seed373__AC-ALG1_s373.json,c3aa5f812826856e23a1a7cce2e47ae0318b5967353d6099001977e4bec42709,research_repository/ResultsArchive/incoming/multi-verifier-pilot-invalid__a4f7c19d/complete_gsm8k__q3_l2r_multi_verifier_a4f7c19d_AC-ALG1_NULL-ANSWER_seed373__AC-ALG1_s373.json,468da7414773966f290cb0872947897e3bdbadb269a8b686d023702a17655609
q3_l2r_multi_verifier_a4f7c19d_AC-ALG1_NULL-ANSWER_seed379,a4f7c19d,qwen3-1.7b-base,AC-ALG1,379,gsm8k,2144.1,1,NVIDIA H100 80GB HBM3,0.5955833333333334,3d1913ab5d6ae63f4fcc013584b6da7d68f48aa76be2e9bb0235d0d422531a36,research_repository/ResultsArchive/incoming/multi-verifier-pilot-invalid__a4f7c19d/cell_result_gsm8k__q3_l2r_multi_verifier_a4f7c19d_AC-ALG1_NULL-ANSWER_seed379__AC-ALG1_s379.json,86daca031b73e81f024d727d030a09bf02bd8afe4d9e2ebb95cda4c4341627a4,research_repository/ResultsArchive/incoming/multi-verifier-pilot-invalid__a4f7c19d/complete_gsm8k__q3_l2r_multi_verifier_a4f7c19d_AC-ALG1_NULL-ANSWER_seed379__AC-ALG1_s379.json,f07dcd6971e1e66d8533c6a9dc1b1ab8b0bda5e28054390371b639103d2d47d3
q3_l2r_multi_verifier_a4f7c19d_AC-ALG1_NULL-ANSWER_seed383,a4f7c19d,qwen3-1.7b-base,AC-ALG1,383,gsm8k,2475.8,1,NVIDIA H100 80GB HBM3,0.6877222222222222,16d7f75c7d4406ea8535fff546e7750344250f143e8f9bcd99073d59a3a9d029,research_repository/ResultsArchive/incoming/multi-verifier-pilot-invalid__a4f7c19d/cell_result_gsm8k__q3_l2r_multi_verifier_a4f7c19d_AC-ALG1_NULL-ANSWER_seed383__AC-ALG1_s383.json,ff636caa748034c9d9ced0e6d34686ecdc2b537f5d1659cc02ed9eb49149d810,research_repository/ResultsArchive/incoming/multi-verifier-pilot-invalid__a4f7c19d/complete_gsm8k__q3_l2r_multi_verifier_a4f7c19d_AC-ALG1_NULL-ANSWER_seed383__AC-ALG1_s383.json,f066acbc522527be2eb22f9e38808a057efb4658c3102c42755065d62498a00c
q3_l2r_multi_verifier_a4f7c19d_base_CTRL-base_seed373,a4f7c19d,qwen3-1.7b-base,base,373,gsm8k,308.3,1,NVIDIA H100 80GB HBM3,0.08563888888888889,538213eedf4b4d6907af68dfc83c9a4f9c69ad716fd0989cbac4ba2740536ef1,research_repository/ResultsArchive/incoming/multi-verifier-pilot-invalid__a4f7c19d/cell_result_gsm8k__q3_l2r_multi_verifier_a4f7c19d_base_CTRL-base_seed373__base_s373.json,c63defaf0f245fc5731aa66499173d83bd43334fa2b98c40350d954c012b9baa,research_repository/ResultsArchive/incoming/multi-verifier-pilot-invalid__a4f7c19d/complete_gsm8k__q3_l2r_multi_verifier_a4f7c19d_base_CTRL-base_seed373__base_s373.json,d376f5f254e18aff3ec691abcf8eb068e19c3b0b2b45b0747c82db388f75338b
q3_l2r_multi_verifier_a4f7c19d_base_CTRL-base_seed379,a4f7c19d,qwen3-1.7b-base,base,379,gsm8k,354.3,1,NVIDIA H100 80GB HBM3,0.09841666666666667,f1754e1e756ec6a8a444515a65811fafdf81a8367f63a684260d0f74083915fb,research_repository/ResultsArchive/incoming/multi-verifier-pilot-invalid__a4f7c19d/cell_result_gsm8k__q3_l2r_multi_verifier_a4f7c19d_base_CTRL-base_seed379__base_s379.json,b24966caa37894a645435878c59645b5499cf6643ec63b871e925494fcccf9a7,research_repository/ResultsArchive/incoming/multi-verifier-pilot-invalid__a4f7c19d/complete_gsm8k__q3_l2r_multi_verifier_a4f7c19d_base_CTRL-base_seed379__base_s379.json,258ea2eb7d248e5ed11c54b908ad250e34725f249e3609c6e48bf3b2b3c49897
q3_l2r_multi_verifier_a4f7c19d_base_CTRL-base_seed383,a4f7c19d,qwen3-1.7b-base,base,383,gsm8k,369.5,1,NVIDIA H100 80GB HBM3,0.10263888888888889,f3cdc90b1005a5107a5e513487631374f62e4560d7cbe962bdd3e85b0eabc457,research_repository/ResultsArchive/incoming/multi-verifier-pilot-invalid__a4f7c19d/cell_result_gsm8k__q3_l2r_multi_verifier_a4f7c19d_base_CTRL-base_seed383__base_s383.json,ebbca07ee5860440a281444fda0b328e6bac2dd14feb075f41cd20b2c3b52681,research_repository/ResultsArchive/incoming/multi-verifier-pilot-invalid__a4f7c19d/complete_gsm8k__q3_l2r_multi_verifier_a4f7c19d_base_CTRL-base_seed383__base_s383.json,e3982f31e7f727a6e56f1ce00101c1f622cc2891e04cc8be0267922c37acc6e6
q3_l2r_multi_verifier_repair_a4f7c19d_AC-ALG1_ARITH-LATENT_seed373,a4f7c19d,qwen3-1.7b-base,AC-ALG1,373,gsm8k,2131.6,1,NVIDIA H100 80GB HBM3,0.592111111111111,06d0db1cda6bda14d41f1751fb9b592ea3ac3dbe0ab959510a181fb3bccd764c,research_repository/ResultsArchive/incoming/multi-verifier-recovery-invalid__a4f7c19d/repair_artifacts/cell_result_gsm8k__q3_l2r_multi_verifier_repair_a4f7c19d_AC-ALG1_ARITH-LATENT_seed373__AC-ALG1_s373.json,562755c8731a5d5d1f85baee8c4e6eb5abfac08486979880ecd524c83064ffc9,research_repository/ResultsArchive/incoming/multi-verifier-recovery-invalid__a4f7c19d/repair_artifacts/complete_gsm8k__q3_l2r_multi_verifier_repair_a4f7c19d_AC-ALG1_ARITH-LATENT_seed373__AC-ALG1_s373.json,e812506c626ffd5c157e5545befd50033837c192ecdde8e054a88f61ae590efe
q3_l2r_multi_verifier_repair_a4f7c19d_AC-ALG1_ARITH-LATENT_seed379,a4f7c19d,qwen3-1.7b-base,AC-ALG1,379,gsm8k,2282.9,1,NVIDIA H100 80GB HBM3,0.6341388888888889,872009d9efe064a972dbc03f199dda7c3a0efb81f5ad0ccd4b95af6264e44828,research_repository/ResultsArchive/incoming/multi-verifier-union__a4f7c19d/artifacts/cell_result_gsm8k__q3_l2r_multi_verifier_repair_a4f7c19d_AC-ALG1_ARITH-LATENT_seed379__AC-ALG1_s379.json,d3b2eb83c71585b9f9fc48d998c07fc39916be99edd21788ad90fb83d7207ee8,research_repository/ResultsArchive/incoming/multi-verifier-union__a4f7c19d/artifacts/complete_gsm8k__q3_l2r_multi_verifier_repair_a4f7c19d_AC-ALG1_ARITH-LATENT_seed379__AC-ALG1_s379.json,9550e3d1afeffbacefac98835fa605be0e21195d593578bcef038334ffa54b7b
q3_l2r_multi_verifier_repair_a4f7c19d_AC-ALG1_ARITH-LATENT_seed383,a4f7c19d,qwen3-1.7b-base,AC-ALG1,383,gsm8k,2408.1,1,NVIDIA H100 80GB HBM3,0.6689166666666666,d55a80865b55db593a44d7063fa69671f6ccf3a1fdcbe8e0d0d2e0f2c0b593c1,research_repository/ResultsArchive/incoming/multi-verifier-union__a4f7c19d/artifacts/cell_result_gsm8k__q3_l2r_multi_verifier_repair_a4f7c19d_AC-ALG1_ARITH-LATENT_seed383__AC-ALG1_s383.json,209c4d218fd4a7c37ed4a5a35712cec66ba3380f95b11d6aef3a94dfe4212ce6,research_repository/ResultsArchive/incoming/multi-verifier-union__a4f7c19d/artifacts/complete_gsm8k__q3_l2r_multi_verifier_repair_a4f7c19d_AC-ALG1_ARITH-LATENT_seed383__AC-ALG1_s383.json,05fcd5b823e4f3124e0c16c7d817d27423ded5762fc5676345a7ea036b716e69
q3_l2r_multi_verifier_repair_a4f7c19d_AC-ALG1_GRAPH-LATENT_seed373,a4f7c19d,qwen3-1.7b-base,AC-ALG1,373,gsm8k,2165.3,1,NVIDIA H100 80GB HBM3,0.6014722222222223,efb3050244d22ce6481e3a219213a97e9a4ac12a7134505d13b8992ce818a6b3,research_repository/ResultsArchive/incoming/multi-verifier-union__a4f7c19d/artifacts/cell_result_gsm8k__q3_l2r_multi_verifier_repair_a4f7c19d_AC-ALG1_GRAPH-LATENT_seed373__AC-ALG1_s373.json,b064851157a2db38a8209619a15e7e3f468adef1912f8f279f281fcecbaaee6e,research_repository/ResultsArchive/incoming/multi-verifier-union__a4f7c19d/artifacts/complete_gsm8k__q3_l2r_multi_verifier_repair_a4f7c19d_AC-ALG1_GRAPH-LATENT_seed373__AC-ALG1_s373.json,8b16e38722ace218ffb864922cc7c8a572e908640ee4cbd57145eeb688f1e03f
q3_l2r_multi_verifier_repair_a4f7c19d_AC-ALG1_GRAPH-LATENT_seed379,a4f7c19d,qwen3-1.7b-base,AC-ALG1,379,gsm8k,2312.9,1,NVIDIA H100 80GB HBM3,0.6424722222222222,4766f0717cf2e0b8a3a51433be1e948768580b83c3b20163b0929e6f329245e2,research_repository/ResultsArchive/incoming/multi-verifier-union__a4f7c19d/artifacts/cell_result_gsm8k__q3_l2r_multi_verifier_repair_a4f7c19d_AC-ALG1_GRAPH-LATENT_seed379__AC-ALG1_s379.json,7f2ef1fadbbc7e162092e6d111efd24d4c8bef46fd5a7d7243f17ef113d7bcc7,research_repository/ResultsArchive/incoming/multi-verifier-union__a4f7c19d/artifacts/complete_gsm8k__q3_l2r_multi_verifier_repair_a4f7c19d_AC-ALG1_GRAPH-LATENT_seed379__AC-ALG1_s379.json,5e204bff9915f42b98223c3e1973dcde450bbd9a9609bb12f55bed364795c892
q3_l2r_multi_verifier_repair_a4f7c19d_AC-ALG1_GRAPH-LATENT_seed383,a4f7c19d,qwen3-1.7b-base,AC-ALG1,383,gsm8k,2632.5,1,NVIDIA H100 80GB HBM3,0.73125,b0958937dcfa8d6fd23989b6070759c3b42fc68aec11c12fd6e4ec76a06a9641,research_repository/ResultsArchive/incoming/multi-verifier-union__a4f7c19d/artifacts/cell_result_gsm8k__q3_l2r_multi_verifier_repair_a4f7c19d_AC-ALG1_GRAPH-LATENT_seed383__AC-ALG1_s383.json,c08ee45bee31c872cee279d16a7565d09a58c2fa619fc425ad25f80dea9d54c7,research_repository/ResultsArchive/incoming/multi-verifier-union__a4f7c19d/artifacts/complete_gsm8k__q3_l2r_multi_verifier_repair_a4f7c19d_AC-ALG1_GRAPH-LATENT_seed383__AC-ALG1_s383.json,8235e560f3040c38f4706aa458efbe2781c7c21da5913ede1f3fe488daafd28e
q3_l2r_multi_verifier_repair_a4f7c19d_AC-ALG1_JOINT-LATENT_seed373,a4f7c19d,qwen3-1.7b-base,AC-ALG1,373,gsm8k,2154.1,1,NVIDIA H100 80GB HBM3,0.5983611111111111,607674b2a13e5cde72fd7af327bddc95fc5bf3541fe3ea15911f119e4a143a3e,research_repository/ResultsArchive/incoming/multi-verifier-union__a4f7c19d/artifacts/cell_result_gsm8k__q3_l2r_multi_verifier_repair_a4f7c19d_AC-ALG1_JOINT-LATENT_seed373__AC-ALG1_s373.json,21d39188c8fe119034dbcc8ebbd50209c81f34cf03304f2e4e0777626915a4d1,research_repository/ResultsArchive/incoming/multi-verifier-union__a4f7c19d/artifacts/complete_gsm8k__q3_l2r_multi_verifier_repair_a4f7c19d_AC-ALG1_JOINT-LATENT_seed373__AC-ALG1_s373.json,b6149359d2e20fbab6a81db313b8e0d70a35ba9c15c4b8b879f1a6c086d2e917
q3_l2r_multi_verifier_repair_a4f7c19d_AC-ALG1_JOINT-LATENT_seed379,a4f7c19d,qwen3-1.7b-base,AC-ALG1,379,gsm8k,2412.5,1,NVIDIA H100 80GB HBM3,0.6701388888888888,bf2adee37aed3ca73781e1685eb5cf2c1ceed490dcce6b0e42fcca482703ac7a,research_repository/ResultsArchive/incoming/multi-verifier-union__a4f7c19d/artifacts/cell_result_gsm8k__q3_l2r_multi_verifier_repair_a4f7c19d_AC-ALG1_JOINT-LATENT_seed379__AC-ALG1_s379.json,d913200acee699c92391ad80ff41a0b72e04558eccbd83a2de516fd6c5b0ffe3,research_repository/ResultsArchive/incoming/multi-verifier-union__a4f7c19d/artifacts/complete_gsm8k__q3_l2r_multi_verifier_repair_a4f7c19d_AC-ALG1_JOINT-LATENT_seed379__AC-ALG1_s379.json,a9a3da26af5dad02f9a791f043ada4d496260a02f3e206e5fb3f84512f3e9fd4
q3_l2r_multi_verifier_repair_a4f7c19d_AC-ALG1_JOINT-LATENT_seed383,a4f7c19d,qwen3-1.7b-base,AC-ALG1,383,gsm8k,2690.8,1,NVIDIA H100 80GB HBM3,0.7474444444444445,f3ca23a613a6a26f47b262cdaaef0bc545bd7ec96ae5daef92355ef762bd0ac8,research_repository/ResultsArchive/incoming/multi-verifier-union__a4f7c19d/artifacts/cell_result_gsm8k__q3_l2r_multi_verifier_repair_a4f7c19d_AC-ALG1_JOINT-LATENT_seed383__AC-ALG1_s383.json,0276e773f288d3dfb936d7472423042254144a526230ece49e534c64d392c866,research_repository/ResultsArchive/incoming/multi-verifier-union__a4f7c19d/artifacts/complete_gsm8k__q3_l2r_multi_verifier_repair_a4f7c19d_AC-ALG1_JOINT-LATENT_seed383__AC-ALG1_s383.json,ea9724bbc4df05b7de17d2ea3e81e5bd9751ab376e93596d7dfb1fff1055d0f9
q3_l2r_multi_verifier_repair_a4f7c19d_AC-ALG1_JOINT-SHUFFLED_seed373,a4f7c19d,qwen3-1.7b-base,AC-ALG1,373,gsm8k,2162.5,1,NVIDIA H100 80GB HBM3,0.6006944444444444,c438e8f8f5bc66655e8d686c007f0a6c8c9de3797a716a455df9c6c52075fa98,research_repository/ResultsArchive/incoming/multi-verifier-union__a4f7c19d/artifacts/cell_result_gsm8k__q3_l2r_multi_verifier_repair_a4f7c19d_AC-ALG1_JOINT-SHUFFLED_seed373__AC-ALG1_s373.json,45c12bfeea17943e1a787804d3bbd5404692a8e6d8b8e5b8607ada2e40fb7a5c,research_repository/ResultsArchive/incoming/multi-verifier-union__a4f7c19d/artifacts/complete_gsm8k__q3_l2r_multi_verifier_repair_a4f7c19d_AC-ALG1_JOINT-SHUFFLED_seed373__AC-ALG1_s373.json,c42a1926635072a1e16760d9126286197a5c34ba776fb49c6b498eb0a45e0820
q3_l2r_multi_verifier_repair_a4f7c19d_AC-ALG1_JOINT-SHUFFLED_seed379,a4f7c19d,qwen3-1.7b-base,AC-ALG1,379,gsm8k,2355.9,1,NVIDIA H100 80GB HBM3,0.6544166666666666,f1e454b4134c57cd09d34524179bdd32cb0e1dd072f6688ec4dae2a53cc6bbe8,research_repository/ResultsArchive/incoming/multi-verifier-union__a4f7c19d/artifacts/cell_result_gsm8k__q3_l2r_multi_verifier_repair_a4f7c19d_AC-ALG1_JOINT-SHUFFLED_seed379__AC-ALG1_s379.json,3172180d7ae36313d8488a40aef7f39c2f7a19c99cf1c0c7d85c6898b5d6aded,research_repository/ResultsArchive/incoming/multi-verifier-union__a4f7c19d/artifacts/complete_gsm8k__q3_l2r_multi_verifier_repair_a4f7c19d_AC-ALG1_JOINT-SHUFFLED_seed379__AC-ALG1_s379.json,c5c79da727fde3180c6054b26e3123e351c43912a998eb5ecb897f9c3b6176e0
q3_l2r_multi_verifier_repair_a4f7c19d_AC-ALG1_JOINT-SHUFFLED_seed383,a4f7c19d,qwen3-1.7b-base,AC-ALG1,383,gsm8k,2386.5,1,NVIDIA H100 80GB HBM3,0.6629166666666667,f62884c309b9a4a0c2fbdaf911ad5c093bf3ad3d84fb46d7570760c935bdb390,research_repository/ResultsArchive/incoming/multi-verifier-union__a4f7c19d/artifacts/cell_result_gsm8k__q3_l2r_multi_verifier_repair_a4f7c19d_AC-ALG1_JOINT-SHUFFLED_seed383__AC-ALG1_s383.json,256091497ed732e79c7a30c1c1095692732fd3bb8056ffdece1ed21d14bbfe98,research_repository/ResultsArchive/incoming/multi-verifier-union__a4f7c19d/artifacts/complete_gsm8k__q3_l2r_multi_verifier_repair_a4f7c19d_AC-ALG1_JOINT-SHUFFLED_seed383__AC-ALG1_s383.json,2cde75fe4bb31b4953adc4cde9522ff68930f37f6e892d259154c750f5a97aaa
q3_l2r_multi_verifier_repair_a4f7c19d_AC-ALG1_PIS-ANSWER_seed373,a4f7c19d,qwen3-1.7b-base,AC-ALG1,373,gsm8k,2266.6,1,NVIDIA H100 80GB HBM3,0.6296111111111111,8c9800f47258bd1dfabe4478cf2de46ec2aa91720b814d3d06b26f65c2345f24,research_repository/ResultsArchive/incoming/multi-verifier-recovery-invalid__a4f7c19d/repair_artifacts/cell_result_gsm8k__q3_l2r_multi_verifier_repair_a4f7c19d_AC-ALG1_PIS-ANSWER_seed373__AC-ALG1_s373.json,3fc8fcb8fb915b0015d37a19d74618595a90d762a7daa571f752ebb2861c5f67,research_repository/ResultsArchive/incoming/multi-verifier-recovery-invalid__a4f7c19d/repair_artifacts/complete_gsm8k__q3_l2r_multi_verifier_repair_a4f7c19d_AC-ALG1_PIS-ANSWER_seed373__AC-ALG1_s373.json,96689731a1c17b05e83fbdbae5e3444e799712e1409ec1f6d0c633e6c2ba996f
q3_l2r_multi_verifier_repair_a4f7c19d_AC-ALG1_PIS-ANSWER_seed379,a4f7c19d,qwen3-1.7b-base,AC-ALG1,379,gsm8k,2161.0,1,NVIDIA H100 80GB HBM3,0.6002777777777778,f2055592c93e56c0a1daa2ba2ace8639b0f40343965e8ebe6be08a18d51b0113,research_repository/ResultsArchive/incoming/multi-verifier-recovery-invalid__a4f7c19d/repair_artifacts/cell_result_gsm8k__q3_l2r_multi_verifier_repair_a4f7c19d_AC-ALG1_PIS-ANSWER_seed379__AC-ALG1_s379.json,d08b8ef33323040e3e8086c252630b9be0e90d86dec32b68c474cb41a57362d5,research_repository/ResultsArchive/incoming/multi-verifier-recovery-invalid__a4f7c19d/repair_artifacts/complete_gsm8k__q3_l2r_multi_verifier_repair_a4f7c19d_AC-ALG1_PIS-ANSWER_seed379__AC-ALG1_s379.json,7f148ea9041ab75bad0ab6e11a9a08159920565c4a7f7af2ecfa7f31e0cf5b55
q3_l2r_multi_verifier_repair_a4f7c19d_AC-ALG1_PIS-ANSWER_seed383,a4f7c19d,qwen3-1.7b-base,AC-ALG1,383,gsm8k,2674.1,1,NVIDIA H100 80GB HBM3,0.7428055555555555,b49134b59b053044b170f61ee20781c4d026dee31425241ac7c536ed82b451c6,research_repository/ResultsArchive/incoming/multi-verifier-recovery-invalid__a4f7c19d/repair_artifacts/cell_result_gsm8k__q3_l2r_multi_verifier_repair_a4f7c19d_AC-ALG1_PIS-ANSWER_seed383__AC-ALG1_s383.json,a907878f3749a093eea4cb1e44ad5b7a7a1bf1331d4a70858beb2e0aa903c00f,research_repository/ResultsArchive/incoming/multi-verifier-recovery-invalid__a4f7c19d/repair_artifacts/complete_gsm8k__q3_l2r_multi_verifier_repair_a4f7c19d_AC-ALG1_PIS-ANSWER_seed383__AC-ALG1_s383.json,080e1a827f6c27828c0b0695e694c5641c92a6642e09ba017057bc971ef16ec5
q3_l2r_persistent_bridge_a74c1e6b_AC-ALG1_PM-ACIS_seed31,a74c1e6b,qwen3-1.7b-base,AC-ALG1,31,gsm8k,3191.2,1,NVIDIA H100 80GB HBM3,0.8864444444444444,7e6925b1343a61922dad72788e48ae812f8c4b82e4e4ddcf0cb31b76e0b9ffb0,saved_archive/20260803T_beaker_reconciliation/persistent-importance-bridge__a74c1e6b/cell_result_gsm8k__q3_l2r_persistent_bridge_a74c1e6b_AC-ALG1_PM-ACIS_seed31__AC-ALG1_s31.json,e3358b0ef8f3d1b06a4a1e07361a2625e2f9f89597ff9a542c694213a4b30a49,saved_archive/20260803T_beaker_reconciliation/persistent-importance-bridge__a74c1e6b/complete_gsm8k__q3_l2r_persistent_bridge_a74c1e6b_AC-ALG1_PM-ACIS_seed31__AC-ALG1_s31.json,778908c6e56310fdd370608f9a91f9d0672c5bcd82508054967af7dc5c971699
q3_l2r_persistent_bridge_a74c1e6b_AC-ALG1_PM-ACIS_seed47,a74c1e6b,qwen3-1.7b-base,AC-ALG1,47,gsm8k,3252.3,1,NVIDIA H100 80GB HBM3,0.9034166666666668,9d8feeaebea42edac8e47e1ccaf12aa94012af244dcc2a867384de52f644dfa4,saved_archive/20260803T_beaker_reconciliation/persistent-importance-bridge__a74c1e6b/cell_result_gsm8k__q3_l2r_persistent_bridge_a74c1e6b_AC-ALG1_PM-ACIS_seed47__AC-ALG1_s47.json,ddd3b4889d8f2ed75e90fe9aadabf45e9a354b0174f6f54f2615963547a8e304,saved_archive/20260803T_beaker_reconciliation/persistent-importance-bridge__a74c1e6b/complete_gsm8k__q3_l2r_persistent_bridge_a74c1e6b_AC-ALG1_PM-ACIS_seed47__AC-ALG1_s47.json,cb7ab3519a75880f35cebf16742b5d9a9b44495c6f22b3340a141744c8cabc75
q3_l2r_persistent_bridge_a74c1e6b_AC-ALG1_PM-ACIS_seed73,a74c1e6b,qwen3-1.7b-base,AC-ALG1,73,gsm8k,2760.0,1,NVIDIA H100 80GB HBM3,0.7666666666666667,d2566b75a581b24c4e9541d215588820c8f86bd60ad3de5564a239d54b23cab1,saved_archive/20260803T_beaker_reconciliation/persistent-importance-bridge__a74c1e6b/cell_result_gsm8k__q3_l2r_persistent_bridge_a74c1e6b_AC-ALG1_PM-ACIS_seed73__AC-ALG1_s73.json,5787b07c352311c4ce08008bdd464046c25016f03642245291fba771499c9cb1,saved_archive/20260803T_beaker_reconciliation/persistent-importance-bridge__a74c1e6b/complete_gsm8k__q3_l2r_persistent_bridge_a74c1e6b_AC-ALG1_PM-ACIS_seed73__AC-ALG1_s73.json,f7e2dd848b18bd41ce5ed3ea905ca639fdfa9561379dfd2d5a543462d1cb5ee9
q3_l2r_persistent_bridge_a74c1e6b_AC-ALG1_PM-Joint_seed31,a74c1e6b,qwen3-1.7b-base,AC-ALG1,31,gsm8k,3115.3,1,NVIDIA H100 80GB HBM3,0.8653611111111111,10b92846756c3903fc9bdab6ce1820d48e33e8946bed191c517525458a9c9d26,saved_archive/20260803T_beaker_reconciliation/persistent-importance-bridge__a74c1e6b/cell_result_gsm8k__q3_l2r_persistent_bridge_a74c1e6b_AC-ALG1_PM-Joint_seed31__AC-ALG1_s31.json,e6caebf5bb6a090b45bd5d42bcd2f48ac19b2f356f128af3274e41bf2227b196,saved_archive/20260803T_beaker_reconciliation/persistent-importance-bridge__a74c1e6b/complete_gsm8k__q3_l2r_persistent_bridge_a74c1e6b_AC-ALG1_PM-Joint_seed31__AC-ALG1_s31.json,4aaa4376ffa66d21a7ae8e4a6fe5d7b38ab0e322655722ee1641b7fee20c721e
q3_l2r_persistent_bridge_a74c1e6b_AC-ALG1_PM-Joint_seed47,a74c1e6b,qwen3-1.7b-base,AC-ALG1,47,gsm8k,3191.9,1,NVIDIA H100 80GB HBM3,0.8866388888888889,9dd461ee94c02192869b3c8603d7700abc70959bc57fe4e990e09151a31b650b,saved_archive/20260803T_beaker_reconciliation/persistent-importance-bridge__a74c1e6b/cell_result_gsm8k__q3_l2r_persistent_bridge_a74c1e6b_AC-ALG1_PM-Joint_seed47__AC-ALG1_s47.json,14bee1347c34310ef48408af8293c6e37010b1d4bfd4b361e444d24e9e7b7933,saved_archive/20260803T_beaker_reconciliation/persistent-importance-bridge__a74c1e6b/complete_gsm8k__q3_l2r_persistent_bridge_a74c1e6b_AC-ALG1_PM-Joint_seed47__AC-ALG1_s47.json,50558711655c3ae5e91c10c3a28f7ce5c23e750d2a54613cf957ba782d932343
q3_l2r_persistent_bridge_a74c1e6b_AC-ALG1_PM-Joint_seed73,a74c1e6b,qwen3-1.7b-base,AC-ALG1,73,gsm8k,2703.4,1,NVIDIA H100 80GB HBM3,0.7509444444444444,52ef497eef08cb1940f304de8ff64046b955bc6c0b053467f11ca2ee1c3dad93,saved_archive/20260803T_beaker_reconciliation/persistent-importance-bridge__a74c1e6b/cell_result_gsm8k__q3_l2r_persistent_bridge_a74c1e6b_AC-ALG1_PM-Joint_seed73__AC-ALG1_s73.json,8a3bd06622bcfc4c340fb14cec93261fe0acf35867a2cea805ef1bf4d19bc946,saved_archive/20260803T_beaker_reconciliation/persistent-importance-bridge__a74c1e6b/complete_gsm8k__q3_l2r_persistent_bridge_a74c1e6b_AC-ALG1_PM-Joint_seed73__AC-ALG1_s73.json,3ccf7bd61b7220554aebf532d2936059bca5cfe689a30b1dea9a14d787b63a82
q3_l2r_persistent_bridge_a74c1e6b_AC-ALG1_Q5-U-Answer_seed31,a74c1e6b,qwen3-1.7b-base,AC-ALG1,31,gsm8k,2595.8,1,NVIDIA H100 80GB HBM3,0.7210555555555556,175e5afdacf7f169b9e4a5590e132676ecf31b3781658d33dae974eef0e3a458,saved_archive/20260803T_beaker_reconciliation/persistent-importance-bridge__a74c1e6b/cell_result_gsm8k__q3_l2r_persistent_bridge_a74c1e6b_AC-ALG1_Q5-U-Answer_seed31__AC-ALG1_s31.json,884703adf9c9e37fff715a28c6963ac6672189b7185d44cf1f6a7f74044ba544,saved_archive/20260803T_beaker_reconciliation/persistent-importance-bridge__a74c1e6b/complete_gsm8k__q3_l2r_persistent_bridge_a74c1e6b_AC-ALG1_Q5-U-Answer_seed31__AC-ALG1_s31.json,facdb606fb981d8ea8f3d18c4147c1e97486ef70b25f086cc6ca75027c6a0e79
q3_l2r_persistent_bridge_a74c1e6b_AC-ALG1_Q5-U-Answer_seed47,a74c1e6b,qwen3-1.7b-base,AC-ALG1,47,gsm8k,2582.9,1,NVIDIA H100 80GB HBM3,0.7174722222222223,9fbc360958e9de5d7c5dfec8e11e52b5be7358be327c32a91e447df39429c4e4,saved_archive/20260803T_beaker_reconciliation/persistent-importance-bridge__a74c1e6b/cell_result_gsm8k__q3_l2r_persistent_bridge_a74c1e6b_AC-ALG1_Q5-U-Answer_seed47__AC-ALG1_s47.json,0d4e01f42e166ac1cea39abaed144c48252542cf844922d0953a18496aa8242c,saved_archive/20260803T_beaker_reconciliation/persistent-importance-bridge__a74c1e6b/complete_gsm8k__q3_l2r_persistent_bridge_a74c1e6b_AC-ALG1_Q5-U-Answer_seed47__AC-ALG1_s47.json,b048501107e13e47c3bb461a4df067c6777f0c7fa87fd9b9b1daa03c99e26d65
q3_l2r_persistent_bridge_a74c1e6b_AC-ALG1_Q5-U-Answer_seed73,a74c1e6b,qwen3-1.7b-base,AC-ALG1,73,gsm8k,2308.4,1,NVIDIA H100 80GB HBM3,0.6412222222222222,10540542f8c33d5f0bb168637b2cdd0cfbbbeee5128620341304fc45665fd754,saved_archive/20260803T_beaker_reconciliation/persistent-importance-bridge__a74c1e6b/cell_result_gsm8k__q3_l2r_persistent_bridge_a74c1e6b_AC-ALG1_Q5-U-Answer_seed73__AC-ALG1_s73.json,aaa2ac49977aeeced04223a5e28e8ce2993f96e8b667a465c75b94d3c8b04647,saved_archive/20260803T_beaker_reconciliation/persistent-importance-bridge__a74c1e6b/complete_gsm8k__q3_l2r_persistent_bridge_a74c1e6b_AC-ALG1_Q5-U-Answer_seed73__AC-ALG1_s73.json,3f9fe94abc10e12cbbaf019628d6ab6fcec546fd9737cbf790b90d02ea145abf
q3_l2r_persistent_bridge_a74c1e6b_AC-ALG1_Q5-U-Joint_seed31,a74c1e6b,qwen3-1.7b-base,AC-ALG1,31,gsm8k,3080.9,1,NVIDIA H100 80GB HBM3,0.8558055555555556,67af97a8be444eb10c17b9024b8a94924d6a347816aab40406e2131d1d508336,saved_archive/20260803T_beaker_reconciliation/persistent-importance-bridge__a74c1e6b/cell_result_gsm8k__q3_l2r_persistent_bridge_a74c1e6b_AC-ALG1_Q5-U-Joint_seed31__AC-ALG1_s31.json,a4ad889492d0480e5d66288df3aee6d9b12130c48da4c6e5d3a69ddf6b6b8965,saved_archive/20260803T_beaker_reconciliation/persistent-importance-bridge__a74c1e6b/complete_gsm8k__q3_l2r_persistent_bridge_a74c1e6b_AC-ALG1_Q5-U-Joint_seed31__AC-ALG1_s31.json,16c338fab363893dd1d69b02e764abfd1290dafe4febd0901747afc91bcc4d58
q3_l2r_persistent_bridge_a74c1e6b_AC-ALG1_Q5-U-Joint_seed47,a74c1e6b,qwen3-1.7b-base,AC-ALG1,47,gsm8k,3250.3,1,NVIDIA H100 80GB HBM3,0.9028611111111111,5958282b80e31a56638c2ddb6ef927123a4293e3391b9268557e187e1bca3c91,saved_archive/20260803T_beaker_reconciliation/persistent-importance-bridge__a74c1e6b/cell_result_gsm8k__q3_l2r_persistent_bridge_a74c1e6b_AC-ALG1_Q5-U-Joint_seed47__AC-ALG1_s47.json,45da9077445740aa1796440b973de26594a137b6dd21c2bc92499fdbbf5bd14c,saved_archive/20260803T_beaker_reconciliation/persistent-importance-bridge__a74c1e6b/complete_gsm8k__q3_l2r_persistent_bridge_a74c1e6b_AC-ALG1_Q5-U-Joint_seed47__AC-ALG1_s47.json,428f51607a5b050c21efad4e6b8403527400abc4d0ae91979fd1c826e8c12b3f
q3_l2r_persistent_bridge_a74c1e6b_AC-ALG1_Q5-U-Joint_seed73,a74c1e6b,qwen3-1.7b-base,AC-ALG1,73,gsm8k,2877.2,1,NVIDIA H100 80GB HBM3,0.7992222222222222,55cbe7500efcb63f3683d8993e27cf5f6ec962d45ec6dfb0d55f7fedd52616ec,saved_archive/20260803T_beaker_reconciliation/persistent-importance-bridge__a74c1e6b/cell_result_gsm8k__q3_l2r_persistent_bridge_a74c1e6b_AC-ALG1_Q5-U-Joint_seed73__AC-ALG1_s73.json,c9f779f4fc73f7611a5f46ceac7bc4b76879d5486626aeebb53eacbe11a0a5a2,saved_archive/20260803T_beaker_reconciliation/persistent-importance-bridge__a74c1e6b/complete_gsm8k__q3_l2r_persistent_bridge_a74c1e6b_AC-ALG1_Q5-U-Joint_seed73__AC-ALG1_s73.json,3034d5cd2d008bb4b43b02344b88598c27263c26c5f443234a9e2d9ceef40dd9
q3_l2r_persistent_bridge_a74c1e6b_AC-ALG1_Q5-U-Rationale_seed31,a74c1e6b,qwen3-1.7b-base,AC-ALG1,31,gsm8k,3151.9,1,NVIDIA H100 80GB HBM3,0.8755277777777778,b7ee27b9419f53ba5cefb233e7ad9a36ef924403b970eedc3035f0ce6aebd97e,saved_archive/20260803T_beaker_reconciliation/persistent-importance-bridge__a74c1e6b/cell_result_gsm8k__q3_l2r_persistent_bridge_a74c1e6b_AC-ALG1_Q5-U-Rationale_seed31__AC-ALG1_s31.json,3bb48b3f4235ad1ee5d728440eea32221bc0bdac92b3e728941f7e0fec080e6c,saved_archive/20260803T_beaker_reconciliation/persistent-importance-bridge__a74c1e6b/complete_gsm8k__q3_l2r_persistent_bridge_a74c1e6b_AC-ALG1_Q5-U-Rationale_seed31__AC-ALG1_s31.json,b1b18efb836aee7d2ea564737ca2b62622d2bc1627b0bc64209ba850b5ff28d8
q3_l2r_persistent_bridge_a74c1e6b_AC-ALG1_Q5-U-Rationale_seed47,a74c1e6b,qwen3-1.7b-base,AC-ALG1,47,gsm8k,3282.0,1,NVIDIA H100 80GB HBM3,0.9116666666666666,aad2f1d9343d478eb8f2e7553b5dd85c9d2362e58134556f345d3dd9842e7ad4,saved_archive/20260803T_beaker_reconciliation/persistent-importance-bridge__a74c1e6b/cell_result_gsm8k__q3_l2r_persistent_bridge_a74c1e6b_AC-ALG1_Q5-U-Rationale_seed47__AC-ALG1_s47.json,ae46605fb0fd6c42aec0ef582c188ac8b2aa11bacefca7b2016fe626fbeba91a,saved_archive/20260803T_beaker_reconciliation/persistent-importance-bridge__a74c1e6b/complete_gsm8k__q3_l2r_persistent_bridge_a74c1e6b_AC-ALG1_Q5-U-Rationale_seed47__AC-ALG1_s47.json,b3ffc191414c26a968a6879c0f4cc351097e3f720aa3162b43a4d27384a17a39
q3_l2r_persistent_bridge_a74c1e6b_AC-ALG1_Q5-U-Rationale_seed73,a74c1e6b,qwen3-1.7b-base,AC-ALG1,73,gsm8k,2746.4,1,NVIDIA H100 80GB HBM3,0.762888888888889,909675b507294b52dcc4a874c6d58a2a2bb2b01b6189eee9074fe243794e1afa,saved_archive/20260803T_beaker_reconciliation/persistent-importance-bridge__a74c1e6b/cell_result_gsm8k__q3_l2r_persistent_bridge_a74c1e6b_AC-ALG1_Q5-U-Rationale_seed73__AC-ALG1_s73.json,8e6ed4c5a511e05543e5f715f4ef0b71d32f3dddaf3a2404f3b55e05146d6d90,saved_archive/20260803T_beaker_reconciliation/persistent-importance-bridge__a74c1e6b/complete_gsm8k__q3_l2r_persistent_bridge_a74c1e6b_AC-ALG1_Q5-U-Rationale_seed73__AC-ALG1_s73.json,9a95c33f776987580bb30ab94b66041ae6984111104f1f94861f3ea1409ed69b
q3_l2r_persistent_bridge_a74c1e6b_base_CTRL-base_seed31,a74c1e6b,qwen3-1.7b-base,base,31,gsm8k,479.3,1,NVIDIA H100 80GB HBM3,0.1331388888888889,8b1e7e4cc69a4d3cc4a3f9ee58ec3a62d0c99e5847a68caa3b4e47dfbeca9fc0,saved_archive/20260803T_beaker_reconciliation/persistent-importance-bridge__a74c1e6b/cell_result_gsm8k__q3_l2r_persistent_bridge_a74c1e6b_base_CTRL-base_seed31__base_s31.json,18d1e7439e0d045cf85a8d2602430f1daaeaa88b3ad1d8301bab25c5b7d1ac8f,saved_archive/20260803T_beaker_reconciliation/persistent-importance-bridge__a74c1e6b/complete_gsm8k__q3_l2r_persistent_bridge_a74c1e6b_base_CTRL-base_seed31__base_s31.json,20d553776edd8fc8571f403377305372c555ac55d2c27b06311c198d0a10d9bb
q3_l2r_persistent_bridge_a74c1e6b_base_CTRL-base_seed47,a74c1e6b,qwen3-1.7b-base,base,47,gsm8k,503.7,1,NVIDIA H100 80GB HBM3,0.13991666666666666,b85a78b947d1da4c62ba89a9c9c924355365a39938c615af58e6a30a7f9326e6,saved_archive/20260803T_beaker_reconciliation/persistent-importance-bridge__a74c1e6b/cell_result_gsm8k__q3_l2r_persistent_bridge_a74c1e6b_base_CTRL-base_seed47__base_s47.json,c1581d40bf3ec9b2a180c76d94628672f43b2fb16f241149cce82cd4e3c7cc7a,saved_archive/20260803T_beaker_reconciliation/persistent-importance-bridge__a74c1e6b/complete_gsm8k__q3_l2r_persistent_bridge_a74c1e6b_base_CTRL-base_seed47__base_s47.json,71e981f8fb89504eb62bfbcb15c11d47eb851a6af6a666ee4f7b848320f34542
q3_l2r_persistent_bridge_a74c1e6b_base_CTRL-base_seed73,a74c1e6b,qwen3-1.7b-base,base,73,gsm8k,452.1,1,NVIDIA H100 80GB HBM3,0.12558333333333335,2ba8df7a4791ce6c7e5e537546141da92bfac74aaca8d8fe8bf1903e9bae4bc2,saved_archive/20260803T_beaker_reconciliation/persistent-importance-bridge__a74c1e6b/cell_result_gsm8k__q3_l2r_persistent_bridge_a74c1e6b_base_CTRL-base_seed73__base_s73.json,980d0f7f2b0b5e00d3b6cf9a25df0988bf3d7752da0d439728e3bc9be6c92f0e,saved_archive/20260803T_beaker_reconciliation/persistent-importance-bridge__a74c1e6b/complete_gsm8k__q3_l2r_persistent_bridge_a74c1e6b_base_CTRL-base_seed73__base_s73.json,bf2001a10230eb590d72db68f585e5999ff5230ff117a09959c42d3002cbe729
q3_l2r_posterior_resource_36745404_AC-ALG1_ALLOC-POSTERIOR_seed389,36745404,qwen3-1.7b-base,AC-ALG1,389,gsm8k,2372.9,1,NVIDIA H100 80GB HBM3,0.6591388888888889,4e8e279b73b936c231c75183030de15bac253a781324f5a3d7676d2257733994,research_repository/ResultsArchive/incoming/posterior-resource-pilots__36745404/artifacts/cell_result_gsm8k__q3_l2r_posterior_resource_36745404_AC-ALG1_ALLOC-POSTERIOR_seed389__AC-ALG1_s389.json,7b00b441232e95afda72ae32734df00721a72a5ba4da4dfe5d167b49eaf92aa7,research_repository/ResultsArchive/incoming/posterior-resource-pilots__36745404/artifacts/complete_gsm8k__q3_l2r_posterior_resource_36745404_AC-ALG1_ALLOC-POSTERIOR_seed389__AC-ALG1_s389.json,99ea39a12a5a63de627dafd29134868a571703a4c1315f3688f4b995c2a974aa
q3_l2r_posterior_resource_36745404_AC-ALG1_ALLOC-POSTERIOR_seed397,36745404,qwen3-1.7b-base,AC-ALG1,397,gsm8k,2517.0,1,NVIDIA H100 80GB HBM3,0.6991666666666667,9fe33e3b78e896a639f1fb6e7abd46b9f6dd2d6bec212838298f25d4250db155,research_repository/ResultsArchive/incoming/posterior-resource-pilots__36745404/artifacts/cell_result_gsm8k__q3_l2r_posterior_resource_36745404_AC-ALG1_ALLOC-POSTERIOR_seed397__AC-ALG1_s397.json,5086888707f6925ac5d563812287c5ea8303b7fae496d71df01e575ef1dba3d4,research_repository/ResultsArchive/incoming/posterior-resource-pilots__36745404/artifacts/complete_gsm8k__q3_l2r_posterior_resource_36745404_AC-ALG1_ALLOC-POSTERIOR_seed397__AC-ALG1_s397.json,853e9be38ce5cc2a89185241c8b8e78ad33ad6f7ec5a9d078d2691445844f189
q3_l2r_posterior_resource_36745404_AC-ALG1_ALLOC-POSTERIOR_seed433,36745404,qwen3-1.7b-base,AC-ALG1,433,gsm8k,2513.7,1,NVIDIA H100 80GB HBM3,0.6982499999999999,52de6a2b51fdd577d2c260b9b0b4d38009211ce52b04c72a84c363ad96e05192,research_repository/ResultsArchive/incoming/posterior-resource-pilots__36745404/artifacts/cell_result_gsm8k__q3_l2r_posterior_resource_36745404_AC-ALG1_ALLOC-POSTERIOR_seed433__AC-ALG1_s433.json,534e49f5349ee12637babdc8c87c475236a2578c3e9eac5de2e12e871b5056a9,research_repository/ResultsArchive/incoming/posterior-resource-pilots__36745404/artifacts/complete_gsm8k__q3_l2r_posterior_resource_36745404_AC-ALG1_ALLOC-POSTERIOR_seed433__AC-ALG1_s433.json,4258aa0fda77d2dda12d8f361c6a9b418a70af1c04889826404676e8a3950d51
q3_l2r_posterior_resource_36745404_AC-ALG1_ALLOC-POSTERIOR_seed439,36745404,qwen3-1.7b-base,AC-ALG1,439,gsm8k,2455.9,1,NVIDIA H100 80GB HBM3,0.6821944444444444,0b63d424edece31241ea65ed66882a84bf850cb3fc0ddd9780eceffbeef7e928,research_repository/ResultsArchive/incoming/posterior-resource-pilots__36745404/artifacts/cell_result_gsm8k__q3_l2r_posterior_resource_36745404_AC-ALG1_ALLOC-POSTERIOR_seed439__AC-ALG1_s439.json,7f031182c9a5a7762617cfa91e240eefe49485e2942d3ffc1c38356147c7eba9,research_repository/ResultsArchive/incoming/posterior-resource-pilots__36745404/artifacts/complete_gsm8k__q3_l2r_posterior_resource_36745404_AC-ALG1_ALLOC-POSTERIOR_seed439__AC-ALG1_s439.json,90ea1adb4459b89f79b842de5804ce7cdaab1e5336f51cb5a8964b236ccefe14
q3_l2r_posterior_resource_36745404_AC-ALG1_ALLOC-POSTERIOR_seed443,36745404,qwen3-1.7b-base,AC-ALG1,443,gsm8k,2347.8,1,NVIDIA H100 80GB HBM3,0.6521666666666667,c731d7b6cc0d3fd0df9cd3cf59ab369b08b94c7387b94dce1f11ba7a82ee77e0,research_repository/ResultsArchive/incoming/posterior-resource-pilots__36745404/artifacts/cell_result_gsm8k__q3_l2r_posterior_resource_36745404_AC-ALG1_ALLOC-POSTERIOR_seed443__AC-ALG1_s443.json,d46641f06aa359cce25e54c19041a3371d4c32d469e86dc93bf873ac1aeda006,research_repository/ResultsArchive/incoming/posterior-resource-pilots__36745404/artifacts/complete_gsm8k__q3_l2r_posterior_resource_36745404_AC-ALG1_ALLOC-POSTERIOR_seed443__AC-ALG1_s443.json,82e007838c614d936947e9f0d913a520e54bfdf42757c3e69bfebe53c8a36250
q3_l2r_posterior_resource_36745404_AC-ALG1_ALLOC-POSTERIOR_seed449,36745404,qwen3-1.7b-base,AC-ALG1,449,gsm8k,2354.5,1,NVIDIA H100 80GB HBM3,0.6540277777777778,ac486e361c90586fa3c42bff68f8703fca05c789a825a6945345942096ea1e85,research_repository/ResultsArchive/incoming/posterior-resource-pilots__36745404/artifacts/cell_result_gsm8k__q3_l2r_posterior_resource_36745404_AC-ALG1_ALLOC-POSTERIOR_seed449__AC-ALG1_s449.json,f8daab64434a5b14cca2ce26c2c35c1aecd94a0a741ac728609ee5c75745faa9,research_repository/ResultsArchive/incoming/posterior-resource-pilots__36745404/artifacts/complete_gsm8k__q3_l2r_posterior_resource_36745404_AC-ALG1_ALLOC-POSTERIOR_seed449__AC-ALG1_s449.json,e2c8caa6bbb14b812f9490d3a2a5dd98ac3327a0ecf7f8812ed5ab27ab4a686d
q3_l2r_posterior_resource_36745404_AC-ALG1_ALLOC-POSTERIOR_seed457,36745404,qwen3-1.7b-base,AC-ALG1,457,gsm8k,2482.9,1,NVIDIA H100 80GB HBM3,0.6896944444444445,ff367f7e67cf26828ff85c5c56a2d1234cb46f7bce1859d4eaf361570f24749d,research_repository/ResultsArchive/incoming/posterior-resource-pilots__36745404/artifacts/cell_result_gsm8k__q3_l2r_posterior_resource_36745404_AC-ALG1_ALLOC-POSTERIOR_seed457__AC-ALG1_s457.json,a0c8355ca79e43d4800c8a1341ca3dc701fdf4657819ce5ffb1d1b0bdff3ae54,research_repository/ResultsArchive/incoming/posterior-resource-pilots__36745404/artifacts/complete_gsm8k__q3_l2r_posterior_resource_36745404_AC-ALG1_ALLOC-POSTERIOR_seed457__AC-ALG1_s457.json,e605ac6c8f0d95b0140ac2a3ea7bdb24397312ba299d1263cc5c72855737bd0a
q3_l2r_posterior_resource_36745404_AC-ALG1_ALLOC-SHIFTED_seed389,36745404,qwen3-1.7b-base,AC-ALG1,389,gsm8k,2481.7,1,NVIDIA H100 80GB HBM3,0.6893611111111111,d0312a4d8e736e9c1304987cca7297e3bd2c66f7fed7f6e8085c601f2b804715,research_repository/ResultsArchive/incoming/posterior-resource-pilots__36745404/artifacts/cell_result_gsm8k__q3_l2r_posterior_resource_36745404_AC-ALG1_ALLOC-SHIFTED_seed389__AC-ALG1_s389.json,9373b5fc08c9eaa42591aba64c45cdddc3453c44f93447c82c58c69d09b9354c,research_repository/ResultsArchive/incoming/posterior-resource-pilots__36745404/artifacts/complete_gsm8k__q3_l2r_posterior_resource_36745404_AC-ALG1_ALLOC-SHIFTED_seed389__AC-ALG1_s389.json,7d0b962393e36da8c7ce865e1cc0c79869a4299368662da38bb0ccb14a968ebe
q3_l2r_posterior_resource_36745404_AC-ALG1_ALLOC-SHIFTED_seed397,36745404,qwen3-1.7b-base,AC-ALG1,397,gsm8k,2238.7,1,NVIDIA H100 80GB HBM3,0.6218611111111111,e851407871d1f0f6a5bd069274cddb32b89ff028b99472b3c733daf1ddcefd05,research_repository/ResultsArchive/incoming/posterior-resource-pilots__36745404/artifacts/cell_result_gsm8k__q3_l2r_posterior_resource_36745404_AC-ALG1_ALLOC-SHIFTED_seed397__AC-ALG1_s397.json,46ee3744873f710c67b3816dbd14a5d0bf4d9146dd86443187178b214a6f8f8e,research_repository/ResultsArchive/incoming/posterior-resource-pilots__36745404/artifacts/complete_gsm8k__q3_l2r_posterior_resource_36745404_AC-ALG1_ALLOC-SHIFTED_seed397__AC-ALG1_s397.json,655502de466ae0544563db7a2cb9444c258f021f94a0bf201c01563e1531e835
q3_l2r_posterior_resource_36745404_AC-ALG1_ALLOC-SHIFTED_seed433,36745404,qwen3-1.7b-base,AC-ALG1,433,gsm8k,2332.3,1,NVIDIA H100 80GB HBM3,0.6478611111111111,2e09df412ec66a000975385b21ad4c0df85281521f1d1769efc6eae11c7f643e,research_repository/ResultsArchive/incoming/posterior-resource-pilots__36745404/artifacts/cell_result_gsm8k__q3_l2r_posterior_resource_36745404_AC-ALG1_ALLOC-SHIFTED_seed433__AC-ALG1_s433.json,a504c13cb970184317a51430b6482c5243ed4b70221f6c50dec2aef6ebd33f9a,research_repository/ResultsArchive/incoming/posterior-resource-pilots__36745404/artifacts/complete_gsm8k__q3_l2r_posterior_resource_36745404_AC-ALG1_ALLOC-SHIFTED_seed433__AC-ALG1_s433.json,5bebaa5a0030d45f3148ae323dc1b5d0b16e6b4a7004d6b310e2b9e4f3ede388
q3_l2r_posterior_resource_36745404_AC-ALG1_ALLOC-SHIFTED_seed439,36745404,qwen3-1.7b-base,AC-ALG1,439,gsm8k,2365.0,1,NVIDIA H100 80GB HBM3,0.6569444444444444,10dc3538854e75ce539d71fa38eaa08028b883798fdf4bc83825e94d75d7a713,research_repository/ResultsArchive/incoming/posterior-resource-pilots__36745404/artifacts/cell_result_gsm8k__q3_l2r_posterior_resource_36745404_AC-ALG1_ALLOC-SHIFTED_seed439__AC-ALG1_s439.json,52bac3a6a007f055c0f5c1347bf5249d51ef94fab95c9ed8da2c56e9697b944f,research_repository/ResultsArchive/incoming/posterior-resource-pilots__36745404/artifacts/complete_gsm8k__q3_l2r_posterior_resource_36745404_AC-ALG1_ALLOC-SHIFTED_seed439__AC-ALG1_s439.json,1468ff41186f6730f68a34f5d2869d7357e5df614db01bf2a51056a7adfcc700
q3_l2r_posterior_resource_36745404_AC-ALG1_ALLOC-SHIFTED_seed443,36745404,qwen3-1.7b-base,AC-ALG1,443,gsm8k,2180.0,1,NVIDIA H100 80GB HBM3,0.6055555555555555,4945b2aea8e1b31d7fa9c19dbd8d103b50839e6c9851dbea16287fb27a4876f4,research_repository/ResultsArchive/incoming/posterior-resource-pilots__36745404/artifacts/cell_result_gsm8k__q3_l2r_posterior_resource_36745404_AC-ALG1_ALLOC-SHIFTED_seed443__AC-ALG1_s443.json,a54733bbc926d260403e8f3f26803b91f0c6a9d3ab72cafc2fdc9a9364698371,research_repository/ResultsArchive/incoming/posterior-resource-pilots__36745404/artifacts/complete_gsm8k__q3_l2r_posterior_resource_36745404_AC-ALG1_ALLOC-SHIFTED_seed443__AC-ALG1_s443.json,03001b4f989a078f48fdb7b69462e850f5c7c30dbdf26aab274c1d93a7ccde0d
q3_l2r_posterior_resource_36745404_AC-ALG1_ALLOC-SHIFTED_seed449,36745404,qwen3-1.7b-base,AC-ALG1,449,gsm8k,2530.6,1,NVIDIA H100 80GB HBM3,0.7029444444444444,d3bcb2975de1c303048fbcb6fc2672911d910dba0019e2f06e3d0d70544a5d42,research_repository/ResultsArchive/incoming/posterior-resource-pilots__36745404/artifacts/cell_result_gsm8k__q3_l2r_posterior_resource_36745404_AC-ALG1_ALLOC-SHIFTED_seed449__AC-ALG1_s449.json,afb29ffcd67c0c56f5a33f31386789173f3225881f8ca6a9743062ae0d5bee68,research_repository/ResultsArchive/incoming/posterior-resource-pilots__36745404/artifacts/complete_gsm8k__q3_l2r_posterior_resource_36745404_AC-ALG1_ALLOC-SHIFTED_seed449__AC-ALG1_s449.json,438826ab96ec226a8bcddc2fdb6f3d50fc0bd6f1fb8d93121085a3b55034fe9b
q3_l2r_posterior_resource_36745404_AC-ALG1_ALLOC-SHIFTED_seed457,36745404,qwen3-1.7b-base,AC-ALG1,457,gsm8k,2202.0,1,NVIDIA H100 80GB HBM3,0.6116666666666667,09fabe5e490e6e6feee0bb8b8080d75797db0818ccc0375c0f0c5e861eb0c6a1,research_repository/ResultsArchive/incoming/posterior-resource-pilots__36745404/artifacts/cell_result_gsm8k__q3_l2r_posterior_resource_36745404_AC-ALG1_ALLOC-SHIFTED_seed457__AC-ALG1_s457.json,66bf45f4aaa310e8e42e7a71a0df91d7af21f5c5a55366cf88e56fe04ad1be14,research_repository/ResultsArchive/incoming/posterior-resource-pilots__36745404/artifacts/complete_gsm8k__q3_l2r_posterior_resource_36745404_AC-ALG1_ALLOC-SHIFTED_seed457__AC-ALG1_s457.json,23333fe4f7b3f78299a003b574b6547ab14aa897ad190379655f74aaf469d17a
q3_l2r_posterior_resource_36745404_AC-ALG1_BANK-AGE1_seed389,36745404,qwen3-1.7b-base,AC-ALG1,389,gsm8k,2300.3,1,NVIDIA H100 80GB HBM3,0.6389722222222223,f3d1ac6dee0949c03b5af57f33f222bbee3a3d4bcba7f5afeef5bb9605f8a591,research_repository/ResultsArchive/incoming/posterior-resource-pilots__36745404/artifacts/cell_result_gsm8k__q3_l2r_posterior_resource_36745404_AC-ALG1_BANK-AGE1_seed389__AC-ALG1_s389.json,95dea7a647526ffa958c7521024f69441aaf6ef84c7a2d475612521a73b437a9,research_repository/ResultsArchive/incoming/posterior-resource-pilots__36745404/artifacts/complete_gsm8k__q3_l2r_posterior_resource_36745404_AC-ALG1_BANK-AGE1_seed389__AC-ALG1_s389.json,c08931fc1db003f225965e8383cc763ad8b64efd33678dfa588f96a8fd627197
q3_l2r_posterior_resource_36745404_AC-ALG1_BANK-AGE1_seed397,36745404,qwen3-1.7b-base,AC-ALG1,397,gsm8k,2310.1,1,NVIDIA H100 80GB HBM3,0.6416944444444445,5f3c1d0cb011820a93486891bc6aa321787a17e3d297b1267893eb86fd6bb816,research_repository/ResultsArchive/incoming/posterior-resource-age1-correction__36745404/artifacts/cell_result_gsm8k__q3_l2r_posterior_resource_36745404_AC-ALG1_BANK-AGE1_seed397__AC-ALG1_s397.json,dc2a4643843f79f0f5a0b8231535e8c9a992be82c54a199ab3a978a3e1191ea4,research_repository/ResultsArchive/incoming/posterior-resource-age1-correction__36745404/artifacts/complete_gsm8k__q3_l2r_posterior_resource_36745404_AC-ALG1_BANK-AGE1_seed397__AC-ALG1_s397.json,9b3f186448c101aa250b03b592fa38075f35b7c4350f05c41071cacaf9fa4347
q3_l2r_posterior_resource_36745404_AC-ALG1_BANK-AGE1_seed433,36745404,qwen3-1.7b-base,AC-ALG1,433,gsm8k,2235.5,1,NVIDIA H100 80GB HBM3,0.6209722222222223,2043a278d47a229ed0c21fbfe6bcf5a3d2cc343f35f35ce3409c4b872816f0d5,research_repository/ResultsArchive/incoming/posterior-resource-age1-correction__36745404/artifacts/cell_result_gsm8k__q3_l2r_posterior_resource_36745404_AC-ALG1_BANK-AGE1_seed433__AC-ALG1_s433.json,316addebb3f823a1986cb554533cc4073c0f7e5455b8978e47ceb7ec63957376,research_repository/ResultsArchive/incoming/posterior-resource-age1-correction__36745404/artifacts/complete_gsm8k__q3_l2r_posterior_resource_36745404_AC-ALG1_BANK-AGE1_seed433__AC-ALG1_s433.json,10485011ff6ef8608808cf188296ba9a6a14acdfee461c97d910c430645efb3b
q3_l2r_posterior_resource_36745404_AC-ALG1_BANK-AGE1_seed439,36745404,qwen3-1.7b-base,AC-ALG1,439,gsm8k,2407.6,1,NVIDIA H100 80GB HBM3,0.6687777777777778,5028ef0678649931da0ec7f593b0f1647f1f0597a820c27d858273fef89b4e12,research_repository/ResultsArchive/incoming/posterior-resource-pilots__36745404/artifacts/cell_result_gsm8k__q3_l2r_posterior_resource_36745404_AC-ALG1_BANK-AGE1_seed439__AC-ALG1_s439.json,e4ec6421ad2bcb13ee56d470db15e092f904dab1d3f76a66bca4703ad3ac8e61,research_repository/ResultsArchive/incoming/posterior-resource-pilots__36745404/artifacts/complete_gsm8k__q3_l2r_posterior_resource_36745404_AC-ALG1_BANK-AGE1_seed439__AC-ALG1_s439.json,95d2e4a6d14bcbca4f9452a3566f332f7e8b84d0edaf1a7c34169bb6c33d02b7
q3_l2r_posterior_resource_36745404_AC-ALG1_BANK-AGE1_seed443,36745404,qwen3-1.7b-base,AC-ALG1,443,gsm8k,2211.9,1,NVIDIA H100 80GB HBM3,0.6144166666666667,114a768fed07153401cd4d0c51053dc36f2014545bbff92b9f83bbc8f9b16bb8,research_repository/ResultsArchive/incoming/posterior-resource-pilots__36745404/artifacts/cell_result_gsm8k__q3_l2r_posterior_resource_36745404_AC-ALG1_BANK-AGE1_seed443__AC-ALG1_s443.json,84d6c41292767e940b100781dd46d8eaeae2813cff6786c0b21192d5266e5eb8,research_repository/ResultsArchive/incoming/posterior-resource-pilots__36745404/artifacts/complete_gsm8k__q3_l2r_posterior_resource_36745404_AC-ALG1_BANK-AGE1_seed443__AC-ALG1_s443.json,a306f284cba8eb77c814ff68f976b3e9326816b4b28cec53c2bbe3d444962039
q3_l2r_posterior_resource_36745404_AC-ALG1_BANK-AGE1_seed449,36745404,qwen3-1.7b-base,AC-ALG1,449,gsm8k,2454.8,1,NVIDIA H100 80GB HBM3,0.681888888888889,4444807b2ee6120b2d1b798f4155f4f730a1252e88ccf333ef132aaabce44069,research_repository/ResultsArchive/incoming/posterior-resource-age1-correction__36745404/artifacts/cell_result_gsm8k__q3_l2r_posterior_resource_36745404_AC-ALG1_BANK-AGE1_seed449__AC-ALG1_s449.json,293be32de81acd3ab9d79b958e1ec108d2988d991a9d634a0bf21a2e922984ee,research_repository/ResultsArchive/incoming/posterior-resource-age1-correction__36745404/artifacts/complete_gsm8k__q3_l2r_posterior_resource_36745404_AC-ALG1_BANK-AGE1_seed449__AC-ALG1_s449.json,1423d429aceda694072bb246819d564f32ba2bc01eb7dffb01ba745f0e7ad16e
q3_l2r_posterior_resource_36745404_AC-ALG1_BANK-AGE1_seed457,36745404,qwen3-1.7b-base,AC-ALG1,457,gsm8k,2353.9,1,NVIDIA H100 80GB HBM3,0.6538611111111111,45cc498c0be4cd1311eab74ed85962cfb7ed393a1d53b075b409eff7b8959128,research_repository/ResultsArchive/incoming/posterior-resource-pilots__36745404/artifacts/cell_result_gsm8k__q3_l2r_posterior_resource_36745404_AC-ALG1_BANK-AGE1_seed457__AC-ALG1_s457.json,5b6da7d6d63b5b858b904783434e2cbe88eb0455efc5936664adb1305ee530c6,research_repository/ResultsArchive/incoming/posterior-resource-pilots__36745404/artifacts/complete_gsm8k__q3_l2r_posterior_resource_36745404_AC-ALG1_BANK-AGE1_seed457__AC-ALG1_s457.json,22d1ec66528075852b8d0c8cfc658959c05014733a52fb3fa3956726abb51731
q3_l2r_reader_ess_closure_d2d17e2a_AC-ALG1_FROZEN-ESS0_seed257,d2d17e2a,qwen3-1.7b-base,AC-ALG1,257,gsm8k,1857.2,1,NVIDIA H100 80GB HBM3,0.515888888888889,40f69b8363174994a29cabdd43cd87b29a6836338960ac5ea94137ff2f59291c,research_repository/ResultsArchive/incoming/reader-ess-closure__d2d17e2a/cell_result_gsm8k__q3_l2r_reader_ess_closure_d2d17e2a_AC-ALG1_FROZEN-ESS0_seed257__AC-ALG1_s257.json,35131b8558eedd445dd4f030a81ec262040bf361b0d765ef4ed08dba37def9ed,research_repository/ResultsArchive/incoming/reader-ess-closure__d2d17e2a/complete_gsm8k__q3_l2r_reader_ess_closure_d2d17e2a_AC-ALG1_FROZEN-ESS0_seed257__AC-ALG1_s257.json,91fdb3d105c05dcd5c1d716f22298edf2e5384a9dd8fa7920d7aa9c2c98782b1
q3_l2r_reader_ess_closure_d2d17e2a_AC-ALG1_FROZEN-ESS0_seed263,d2d17e2a,qwen3-1.7b-base,AC-ALG1,263,gsm8k,2329.2,1,NVIDIA H100 80GB HBM3,0.6469999999999999,67c2c103ed65a66493dd79561e0acf6f34c3454988ba591702eda4713dd6e4b7,research_repository/ResultsArchive/incoming/reader-ess-closure__d2d17e2a/cell_result_gsm8k__q3_l2r_reader_ess_closure_d2d17e2a_AC-ALG1_FROZEN-ESS0_seed263__AC-ALG1_s263.json,b1fcab18d30b06c31035b5b5122ac454abda74abeab0ef990d51a22966c11c8d,research_repository/ResultsArchive/incoming/reader-ess-closure__d2d17e2a/complete_gsm8k__q3_l2r_reader_ess_closure_d2d17e2a_AC-ALG1_FROZEN-ESS0_seed263__AC-ALG1_s263.json,41098747580a54fc8da0342159a12c7bb5802534eff12cd67695075157593aed
q3_l2r_reader_ess_closure_d2d17e2a_AC-ALG1_FROZEN-ESS0_seed271,d2d17e2a,qwen3-1.7b-base,AC-ALG1,271,gsm8k,2283.7,1,NVIDIA H100 80GB HBM3,0.634361111111111,e6db6ee8d5d60a931fe68075557c4238f290298e90a815106f079041806cbc5a,research_repository/ResultsArchive/incoming/reader-ess-closure__d2d17e2a/cell_result_gsm8k__q3_l2r_reader_ess_closure_d2d17e2a_AC-ALG1_FROZEN-ESS0_seed271__AC-ALG1_s271.json,f95b5c88ee72ad86e75aa2d6eb1850881ae82560ed8f1b6531e7f3898a3837ac,research_repository/ResultsArchive/incoming/reader-ess-closure__d2d17e2a/complete_gsm8k__q3_l2r_reader_ess_closure_d2d17e2a_AC-ALG1_FROZEN-ESS0_seed271__AC-ALG1_s271.json,e4e49c898e8d486f5f90649042b3ed77b0b35c4e842639ed54584d6b8be5fecb
q3_l2r_reader_ess_closure_d2d17e2a_AC-ALG1_FROZEN-ESS0_seed277,d2d17e2a,qwen3-1.7b-base,AC-ALG1,277,gsm8k,2223.4,1,NVIDIA H100 80GB HBM3,0.6176111111111111,d9611fe0e2627223b00bd9c76671ddaf0d007a20081ce0441c08c7733aa8d370,research_repository/ResultsArchive/incoming/reader-ess-closure__d2d17e2a/cell_result_gsm8k__q3_l2r_reader_ess_closure_d2d17e2a_AC-ALG1_FROZEN-ESS0_seed277__AC-ALG1_s277.json,98806b42fbb5ccab5dbb505561f374e7ce9680ca369f59ec4bc8c4f1a5f3760b,research_repository/ResultsArchive/incoming/reader-ess-closure__d2d17e2a/complete_gsm8k__q3_l2r_reader_ess_closure_d2d17e2a_AC-ALG1_FROZEN-ESS0_seed277__AC-ALG1_s277.json,b5e7043a17056c85fae1664ae750b17d963df30d07208ea5e47fe0cc4285fcc2
q3_l2r_reader_ess_closure_d2d17e2a_AC-ALG1_FROZEN-ESS0_seed293,d2d17e2a,qwen3-1.7b-base,AC-ALG1,293,gsm8k,2038.6,1,NVIDIA H100 80GB HBM3,0.5662777777777778,4616bf4d765740f59f226aca1886075c047f87ad62c82ac74f0c379125c48f6f,research_repository/ResultsArchive/incoming/reader-ess-closure__d2d17e2a/cell_result_gsm8k__q3_l2r_reader_ess_closure_d2d17e2a_AC-ALG1_FROZEN-ESS0_seed293__AC-ALG1_s293.json,3c06c62f4daf31b07b2a256f03c90d7833bd6e999f30de3946fa752e02321384,research_repository/ResultsArchive/incoming/reader-ess-closure__d2d17e2a/complete_gsm8k__q3_l2r_reader_ess_closure_d2d17e2a_AC-ALG1_FROZEN-ESS0_seed293__AC-ALG1_s293.json,d25b117b7d27a5def3591c40fc004586679baeaa5251597fdfe7bffa0f7c7d07
q3_l2r_reader_ess_closure_d2d17e2a_AC-ALG1_FROZEN-ESS0_seed307,d2d17e2a,qwen3-1.7b-base,AC-ALG1,307,gsm8k,2048.7,1,NVIDIA H100 80GB HBM3,0.5690833333333333,f4d78b6865f7e5ab1e8b8408390b3178836ed00fb85f92a41ec9751e895eeb8e,research_repository/ResultsArchive/incoming/reader-ess-closure__d2d17e2a/cell_result_gsm8k__q3_l2r_reader_ess_closure_d2d17e2a_AC-ALG1_FROZEN-ESS0_seed307__AC-ALG1_s307.json,5cebfa1b782fa800e290b0901c01bc7d8dc938b3a0d110f2a6ca0c80ee87f99c,research_repository/ResultsArchive/incoming/reader-ess-closure__d2d17e2a/complete_gsm8k__q3_l2r_reader_ess_closure_d2d17e2a_AC-ALG1_FROZEN-ESS0_seed307__AC-ALG1_s307.json,f3beef6b43a699a4c980f73e6688d1047a3da8dbc41f40fc5bec536b86a7c226
q3_l2r_reader_ess_closure_d2d17e2a_AC-ALG1_FROZEN-ESS0_seed311,d2d17e2a,qwen3-1.7b-base,AC-ALG1,311,gsm8k,1856.2,1,NVIDIA H100 80GB HBM3,0.5156111111111111,ca313aea6487ea6d9dd7b12bf7b8cb6d8c8accc5d39b91510a8240364e5218ac,research_repository/ResultsArchive/incoming/reader-ess-closure__d2d17e2a/cell_result_gsm8k__q3_l2r_reader_ess_closure_d2d17e2a_AC-ALG1_FROZEN-ESS0_seed311__AC-ALG1_s311.json,6ef24b9ac3368e417397ae91e31f1f13216bf19cf8cd31142a50537eae5a3c36,research_repository/ResultsArchive/incoming/reader-ess-closure__d2d17e2a/complete_gsm8k__q3_l2r_reader_ess_closure_d2d17e2a_AC-ALG1_FROZEN-ESS0_seed311__AC-ALG1_s311.json,82d45a20bf8094c0366e8f6d9f8fd8ac6ef998dc9544cd36622312a5d4e1f7b2
q3_l2r_reader_ess_closure_d2d17e2a_AC-ALG1_FROZEN-ESS50_seed257,d2d17e2a,qwen3-1.7b-base,AC-ALG1,257,gsm8k,1866.3,1,NVIDIA H100 80GB HBM3,0.5184166666666666,dd4bf2688c1b5b0030450c6ddc0f2c8e97c0614b030cfc5da96b82dd6696e1ab,research_repository/ResultsArchive/incoming/reader-ess-closure__d2d17e2a/cell_result_gsm8k__q3_l2r_reader_ess_closure_d2d17e2a_AC-ALG1_FROZEN-ESS50_seed257__AC-ALG1_s257.json,d55c32967d71c8328d960ce8c799ba33769a81ace3057fb9927a3ef0e4b765b0,research_repository/ResultsArchive/incoming/reader-ess-closure__d2d17e2a/complete_gsm8k__q3_l2r_reader_ess_closure_d2d17e2a_AC-ALG1_FROZEN-ESS50_seed257__AC-ALG1_s257.json,7e6b6d7b127ff76184941514daaa1043bc709b678a8340c91de8ffbdec7163c8
q3_l2r_reader_ess_closure_d2d17e2a_AC-ALG1_FROZEN-ESS50_seed263,d2d17e2a,qwen3-1.7b-base,AC-ALG1,263,gsm8k,2353.7,1,NVIDIA H100 80GB HBM3,0.6538055555555555,1d42afed1c478c67e08bb380c19b1f72b41be796b85d43fbfdbf3318cd033727,research_repository/ResultsArchive/incoming/reader-ess-closure__d2d17e2a/cell_result_gsm8k__q3_l2r_reader_ess_closure_d2d17e2a_AC-ALG1_FROZEN-ESS50_seed263__AC-ALG1_s263.json,546c612751356ef577b27c1464a45c806116612bd266a56fada0840e00687d6f,research_repository/ResultsArchive/incoming/reader-ess-closure__d2d17e2a/complete_gsm8k__q3_l2r_reader_ess_closure_d2d17e2a_AC-ALG1_FROZEN-ESS50_seed263__AC-ALG1_s263.json,f29406f9b73ac349b33a6e4eb7677c25c817ce85c1b0fb1654c42e213c0f50d8
q3_l2r_reader_ess_closure_d2d17e2a_AC-ALG1_FROZEN-ESS50_seed271,d2d17e2a,qwen3-1.7b-base,AC-ALG1,271,gsm8k,2296.6,1,NVIDIA H100 80GB HBM3,0.6379444444444444,447473ef2b8d052205a8b01980875b846868fbcfc4c90ea915c93baf8049b37d,research_repository/ResultsArchive/incoming/reader-ess-closure__d2d17e2a/cell_result_gsm8k__q3_l2r_reader_ess_closure_d2d17e2a_AC-ALG1_FROZEN-ESS50_seed271__AC-ALG1_s271.json,33b6a6f609beb3adcc99eff527da9f8f06ea95a69592c842b9535e40c39a5553,research_repository/ResultsArchive/incoming/reader-ess-closure__d2d17e2a/complete_gsm8k__q3_l2r_reader_ess_closure_d2d17e2a_AC-ALG1_FROZEN-ESS50_seed271__AC-ALG1_s271.json,da01ca6b5e68caeb74b4f5917585988626a5bf6b13e1099fbc996155da709925
q3_l2r_reader_ess_closure_d2d17e2a_AC-ALG1_FROZEN-ESS50_seed277,d2d17e2a,qwen3-1.7b-base,AC-ALG1,277,gsm8k,2120.7,1,NVIDIA H100 80GB HBM3,0.5890833333333333,c71766a59ae1f7a478bbfd58df3ddca3f52df1bcbb8aeafd6edee4cd3b346073,research_repository/ResultsArchive/incoming/reader-ess-closure__d2d17e2a/cell_result_gsm8k__q3_l2r_reader_ess_closure_d2d17e2a_AC-ALG1_FROZEN-ESS50_seed277__AC-ALG1_s277.json,21eb61955a988e7dd0272dcb3b7fd99f767c59fb64a38116f6ee0fe615ae6696,research_repository/ResultsArchive/incoming/reader-ess-closure__d2d17e2a/complete_gsm8k__q3_l2r_reader_ess_closure_d2d17e2a_AC-ALG1_FROZEN-ESS50_seed277__AC-ALG1_s277.json,3668e71b9aaa628b65ee333ef5da78e6125714cf6b90fc468502f2f196efca73
q3_l2r_reader_ess_closure_d2d17e2a_AC-ALG1_FROZEN-ESS50_seed293,d2d17e2a,qwen3-1.7b-base,AC-ALG1,293,gsm8k,2279.5,1,NVIDIA H100 80GB HBM3,0.6331944444444444,70ce8f735fe50cac06c9200fb331b8d7b1c1505534c342f329d3b5ddd1e9e8bf,research_repository/ResultsArchive/incoming/reader-ess-closure__d2d17e2a/cell_result_gsm8k__q3_l2r_reader_ess_closure_d2d17e2a_AC-ALG1_FROZEN-ESS50_seed293__AC-ALG1_s293.json,ce86b64400d6e1ce79f818ed2080ea4f1fbdec9e4a208bd1f4a00daea1530a45,research_repository/ResultsArchive/incoming/reader-ess-closure__d2d17e2a/complete_gsm8k__q3_l2r_reader_ess_closure_d2d17e2a_AC-ALG1_FROZEN-ESS50_seed293__AC-ALG1_s293.json,c44af2fd9f7b16a973bfcd378b5a8a01885b6c9115846093467644ea2b26132a
q3_l2r_reader_ess_closure_d2d17e2a_AC-ALG1_FROZEN-ESS50_seed307,d2d17e2a,qwen3-1.7b-base,AC-ALG1,307,gsm8k,2059.8,1,NVIDIA H100 80GB HBM3,0.5721666666666667,2a0aa2430d07ffbb175b60b51e1b13babe2a2ff53c325cdb34a587d17c54ad3c,research_repository/ResultsArchive/incoming/reader-ess-closure__d2d17e2a/cell_result_gsm8k__q3_l2r_reader_ess_closure_d2d17e2a_AC-ALG1_FROZEN-ESS50_seed307__AC-ALG1_s307.json,22d7290c7380a6e6a65f066b9ec013cba9fdc439d58a8f4d9ade22f001d2e393,research_repository/ResultsArchive/incoming/reader-ess-closure__d2d17e2a/complete_gsm8k__q3_l2r_reader_ess_closure_d2d17e2a_AC-ALG1_FROZEN-ESS50_seed307__AC-ALG1_s307.json,83777c17ffa3811d3aacf8b32160618680502c7d9177584e07b013f78d824d52
q3_l2r_reader_ess_closure_d2d17e2a_AC-ALG1_FROZEN-ESS50_seed311,d2d17e2a,qwen3-1.7b-base,AC-ALG1,311,gsm8k,2225.5,1,NVIDIA H100 80GB HBM3,0.6181944444444445,eabcd94b49d52280effce9017d08645b51c6339bdeaddc79da22d3b191206fe4,research_repository/ResultsArchive/incoming/reader-ess-closure__d2d17e2a/cell_result_gsm8k__q3_l2r_reader_ess_closure_d2d17e2a_AC-ALG1_FROZEN-ESS50_seed311__AC-ALG1_s311.json,7ea2623df9adde4cf6e4be082d1993aafef3e6514356025a97b0a4257838b288,research_repository/ResultsArchive/incoming/reader-ess-closure__d2d17e2a/complete_gsm8k__q3_l2r_reader_ess_closure_d2d17e2a_AC-ALG1_FROZEN-ESS50_seed311__AC-ALG1_s311.json,cec351765e4446c70110bb852ccdb76641de37afba842cdc1bde652215a59bef
q3_l2r_reader_ess_closure_d2d17e2a_AC-ALG1_MOVING-ESS0_seed257,d2d17e2a,qwen3-1.7b-base,AC-ALG1,257,gsm8k,2082.6,1,NVIDIA H100 80GB HBM3,0.5785,e3c20d891994948a144a7c6c82e069bc796eaf4e6c4a93f17e922216c7d2363a,research_repository/ResultsArchive/incoming/reader-ess-closure__d2d17e2a/cell_result_gsm8k__q3_l2r_reader_ess_closure_d2d17e2a_AC-ALG1_MOVING-ESS0_seed257__AC-ALG1_s257.json,6cf8b5a5ba92c219b9796e1f675d6aea3ac7a5a6caaf183557b4e04594eb02f6,research_repository/ResultsArchive/incoming/reader-ess-closure__d2d17e2a/complete_gsm8k__q3_l2r_reader_ess_closure_d2d17e2a_AC-ALG1_MOVING-ESS0_seed257__AC-ALG1_s257.json,8a225e7598a4f4b6f9e255a6f4cedb18daa1799d87cfa723f92a2dfe8174d00b
q3_l2r_reader_ess_closure_d2d17e2a_AC-ALG1_MOVING-ESS0_seed263,d2d17e2a,qwen3-1.7b-base,AC-ALG1,263,gsm8k,2266.0,1,NVIDIA H100 80GB HBM3,0.6294444444444445,cf54dd6d3415c821aedcede4962af4595e409d6159693510fc1c5193a7d15b23,research_repository/ResultsArchive/incoming/reader-ess-closure__d2d17e2a/cell_result_gsm8k__q3_l2r_reader_ess_closure_d2d17e2a_AC-ALG1_MOVING-ESS0_seed263__AC-ALG1_s263.json,0db3f71c2e6bd80764a2fe8163a2082e43dc9d3a3556a6d91d2deb22ea0898c9,research_repository/ResultsArchive/incoming/reader-ess-closure__d2d17e2a/complete_gsm8k__q3_l2r_reader_ess_closure_d2d17e2a_AC-ALG1_MOVING-ESS0_seed263__AC-ALG1_s263.json,05938dcf2c6852bdcaee8039941cabf21e508b8c5ea1d17c6a0635516346f6f4
q3_l2r_reader_ess_closure_d2d17e2a_AC-ALG1_MOVING-ESS0_seed271,d2d17e2a,qwen3-1.7b-base,AC-ALG1,271,gsm8k,2156.8,1,NVIDIA H100 80GB HBM3,0.5991111111111111,55cd85999cca7df61f073ec55f2a413c1048f3d57862b7f27a171d8964704f40,research_repository/ResultsArchive/incoming/reader-ess-closure__d2d17e2a/cell_result_gsm8k__q3_l2r_reader_ess_closure_d2d17e2a_AC-ALG1_MOVING-ESS0_seed271__AC-ALG1_s271.json,e763f577803b5f43a6ba9dded8d093784e718722b817e26e5a2b71633fc532c1,research_repository/ResultsArchive/incoming/reader-ess-closure__d2d17e2a/complete_gsm8k__q3_l2r_reader_ess_closure_d2d17e2a_AC-ALG1_MOVING-ESS0_seed271__AC-ALG1_s271.json,2f5319b2e8ea057bd544d02955290aa31c42272fbf3770503017e4179833e36a
q3_l2r_reader_ess_closure_d2d17e2a_AC-ALG1_MOVING-ESS0_seed277,d2d17e2a,qwen3-1.7b-base,AC-ALG1,277,gsm8k,2154.7,1,NVIDIA H100 80GB HBM3,0.5985277777777778,18487e1260260206225a10264211c419a34aeb8b23c349b52b4dc7fb9c5823f5,research_repository/ResultsArchive/incoming/reader-ess-closure__d2d17e2a/cell_result_gsm8k__q3_l2r_reader_ess_closure_d2d17e2a_AC-ALG1_MOVING-ESS0_seed277__AC-ALG1_s277.json,da4e72c04319f5465500ee56bed252c66e62e74b5da0aeba1dfed2437c0b5f66,research_repository/ResultsArchive/incoming/reader-ess-closure__d2d17e2a/complete_gsm8k__q3_l2r_reader_ess_closure_d2d17e2a_AC-ALG1_MOVING-ESS0_seed277__AC-ALG1_s277.json,5f9d42c71cbcaf96821bfe85b41fde08814eb1c051e52d84c5a0690ef797b8bb
q3_l2r_reader_ess_closure_d2d17e2a_AC-ALG1_MOVING-ESS0_seed293,d2d17e2a,qwen3-1.7b-base,AC-ALG1,293,gsm8k,2118.9,1,NVIDIA H100 80GB HBM3,0.5885833333333333,665c3653612dd3fc8d56cd0851b586d65cff5787b96b21f53896dd3bd4b105a2,research_repository/ResultsArchive/incoming/reader-ess-closure__d2d17e2a/cell_result_gsm8k__q3_l2r_reader_ess_closure_d2d17e2a_AC-ALG1_MOVING-ESS0_seed293__AC-ALG1_s293.json,cfff5f6cc4caea2f8f39eee41bfacc5e271e30e6c97669fac025827bef41630e,research_repository/ResultsArchive/incoming/reader-ess-closure__d2d17e2a/complete_gsm8k__q3_l2r_reader_ess_closure_d2d17e2a_AC-ALG1_MOVING-ESS0_seed293__AC-ALG1_s293.json,ac6cea6daf2e868e7e77d04f188530fd2e5c0c81e796e7fadf1b3bb7c98e0d9f
q3_l2r_reader_ess_closure_d2d17e2a_AC-ALG1_MOVING-ESS0_seed307,d2d17e2a,qwen3-1.7b-base,AC-ALG1,307,gsm8k,2186.2,1,NVIDIA H100 80GB HBM3,0.6072777777777777,33746e613d604162b0f21c27ab88a5df232eb98303b3b2955f7cd2691b99dfea,research_repository/ResultsArchive/incoming/reader-ess-closure__d2d17e2a/cell_result_gsm8k__q3_l2r_reader_ess_closure_d2d17e2a_AC-ALG1_MOVING-ESS0_seed307__AC-ALG1_s307.json,83156c085389c5c4e5b15a8f2a80997e1401ccb0d434da49f7beb38c4c1a8b6b,research_repository/ResultsArchive/incoming/reader-ess-closure__d2d17e2a/complete_gsm8k__q3_l2r_reader_ess_closure_d2d17e2a_AC-ALG1_MOVING-ESS0_seed307__AC-ALG1_s307.json,911de336fac79eefde0b416b2e4dc9388358601b898dba90e89a56710207a9c5
q3_l2r_reader_ess_closure_d2d17e2a_AC-ALG1_MOVING-ESS0_seed311,d2d17e2a,qwen3-1.7b-base,AC-ALG1,311,gsm8k,1956.0,1,NVIDIA H100 80GB HBM3,0.5433333333333333,9cef101d16ae947b3cf9e7360728c9aabe8ea6615319825fa6f0f797d59cb7a4,research_repository/ResultsArchive/incoming/reader-ess-closure__d2d17e2a/cell_result_gsm8k__q3_l2r_reader_ess_closure_d2d17e2a_AC-ALG1_MOVING-ESS0_seed311__AC-ALG1_s311.json,271af6f26d19e86e442c16b6591e260302b028f14e8e36673424a79d6050544e,research_repository/ResultsArchive/incoming/reader-ess-closure__d2d17e2a/complete_gsm8k__q3_l2r_reader_ess_closure_d2d17e2a_AC-ALG1_MOVING-ESS0_seed311__AC-ALG1_s311.json,1b211ef9c6451b210f585b9ee296020dd932d3e824fe6a62c5c47cc5b8551900
q3_l2r_reader_ess_closure_d2d17e2a_AC-ALG1_MOVING-ESS50_seed257,d2d17e2a,qwen3-1.7b-base,AC-ALG1,257,gsm8k,1987.0,1,NVIDIA H100 80GB HBM3,0.5519444444444445,85600da0eaccfed9cd034cb7e9cf205e217b207126bb4b42510f94deb4dc6bf7,research_repository/ResultsArchive/incoming/reader-ess-closure__d2d17e2a/cell_result_gsm8k__q3_l2r_reader_ess_closure_d2d17e2a_AC-ALG1_MOVING-ESS50_seed257__AC-ALG1_s257.json,c02aae88297999b9753e79a9da4d0bc0e9036b6eb80cb4c477e4bfab2cda4781,research_repository/ResultsArchive/incoming/reader-ess-closure__d2d17e2a/complete_gsm8k__q3_l2r_reader_ess_closure_d2d17e2a_AC-ALG1_MOVING-ESS50_seed257__AC-ALG1_s257.json,4b570ab75e2d236804f78fac994a78f3599afcf5ae9be2dccfa1137ec42de68a
q3_l2r_reader_ess_closure_d2d17e2a_AC-ALG1_MOVING-ESS50_seed263,d2d17e2a,qwen3-1.7b-base,AC-ALG1,263,gsm8k,2694.7,1,NVIDIA H100 80GB HBM3,0.7485277777777777,102527b06ca99a070b5ddba9232f42ab647017cdc49f1a667858619b49e55677,research_repository/ResultsArchive/incoming/reader-ess-closure__d2d17e2a/cell_result_gsm8k__q3_l2r_reader_ess_closure_d2d17e2a_AC-ALG1_MOVING-ESS50_seed263__AC-ALG1_s263.json,9750ffdbc0c77eadcb21e71bfd6a7c1075aae3ecadcbf0b8f6fd2f151748d57f,research_repository/ResultsArchive/incoming/reader-ess-closure__d2d17e2a/complete_gsm8k__q3_l2r_reader_ess_closure_d2d17e2a_AC-ALG1_MOVING-ESS50_seed263__AC-ALG1_s263.json,c895ac3b225498cc78b367633567bcbef7a414be155edecf41d4fcf21d7f00b5
q3_l2r_reader_ess_closure_d2d17e2a_AC-ALG1_MOVING-ESS50_seed271,d2d17e2a,qwen3-1.7b-base,AC-ALG1,271,gsm8k,2664.6,1,NVIDIA H100 80GB HBM3,0.7401666666666666,be6a3ffa72d76638c24578b2be833046a3c32522ec61b62ac3b5841b7d6a8108,research_repository/ResultsArchive/incoming/reader-ess-closure__d2d17e2a/cell_result_gsm8k__q3_l2r_reader_ess_closure_d2d17e2a_AC-ALG1_MOVING-ESS50_seed271__AC-ALG1_s271.json,e8bbec7a1f3b0dd83dcceee6842f148d5b9580fab92b04fc007ebfbeb37ac62d,research_repository/ResultsArchive/incoming/reader-ess-closure__d2d17e2a/complete_gsm8k__q3_l2r_reader_ess_closure_d2d17e2a_AC-ALG1_MOVING-ESS50_seed271__AC-ALG1_s271.json,127066598691d552712c1409d8a654f24feec28354979612b82de75360e3cbf4
q3_l2r_reader_ess_closure_d2d17e2a_AC-ALG1_MOVING-ESS50_seed277,d2d17e2a,qwen3-1.7b-base,AC-ALG1,277,gsm8k,2838.6,1,NVIDIA H100 80GB HBM3,0.7885,7b343c05207dda8044b94c3f9ef1d5e4fbe1b17807a8794ce621b9f12b072b6f,research_repository/ResultsArchive/incoming/reader-ess-closure__d2d17e2a/cell_result_gsm8k__q3_l2r_reader_ess_closure_d2d17e2a_AC-ALG1_MOVING-ESS50_seed277__AC-ALG1_s277.json,770cbc2cfc3aaa8f658a427d80ce6efe54d122b6059c68191d4ff7a8e42e6102,research_repository/ResultsArchive/incoming/reader-ess-closure__d2d17e2a/complete_gsm8k__q3_l2r_reader_ess_closure_d2d17e2a_AC-ALG1_MOVING-ESS50_seed277__AC-ALG1_s277.json,5c14dc2078b73346ebaf8e1b1678c4bb3c4bb1752ee78ee725958ec502baf4ed
q3_l2r_reader_ess_closure_d2d17e2a_AC-ALG1_MOVING-ESS50_seed293,d2d17e2a,qwen3-1.7b-base,AC-ALG1,293,gsm8k,2539.2,1,NVIDIA H100 80GB HBM3,0.7053333333333333,053cd9b29fecc071381d6f25173878f99758b876002518f0deb379c9f3c68ba5,research_repository/ResultsArchive/incoming/reader-ess-closure__d2d17e2a/cell_result_gsm8k__q3_l2r_reader_ess_closure_d2d17e2a_AC-ALG1_MOVING-ESS50_seed293__AC-ALG1_s293.json,f952369bcfed85e19fad65f910ae8c743267b068b53c800fbb65d2db56207cc8,research_repository/ResultsArchive/incoming/reader-ess-closure__d2d17e2a/complete_gsm8k__q3_l2r_reader_ess_closure_d2d17e2a_AC-ALG1_MOVING-ESS50_seed293__AC-ALG1_s293.json,5e1a4446b7ce5b34c8e0962a4bd3dc3e2dba40b8547c66d6eff32f3ac0ffd140
q3_l2r_reader_ess_closure_d2d17e2a_AC-ALG1_MOVING-ESS50_seed307,d2d17e2a,qwen3-1.7b-base,AC-ALG1,307,gsm8k,2548.4,1,NVIDIA H100 80GB HBM3,0.7078888888888889,8b76a4d1bbdef62ba05e31bb88f720bf6ac9fec5dab2d2c59dee128b352a99b3,research_repository/ResultsArchive/incoming/reader-ess-closure__d2d17e2a/cell_result_gsm8k__q3_l2r_reader_ess_closure_d2d17e2a_AC-ALG1_MOVING-ESS50_seed307__AC-ALG1_s307.json,307ae9f46f35200738b7d04e00dfdc59c2945970e5c321e8736ec5a827938ba6,research_repository/ResultsArchive/incoming/reader-ess-closure__d2d17e2a/complete_gsm8k__q3_l2r_reader_ess_closure_d2d17e2a_AC-ALG1_MOVING-ESS50_seed307__AC-ALG1_s307.json,b6deb36f22886592b4031fcb7fa3d8286732fea997cfd5450654ec3fc963c52b
q3_l2r_reader_ess_closure_d2d17e2a_AC-ALG1_MOVING-ESS50_seed311,d2d17e2a,qwen3-1.7b-base,AC-ALG1,311,gsm8k,1945.6,1,NVIDIA H100 80GB HBM3,0.5404444444444444,f0a574461354833f903ecaff7541c7de9fc48014af827b438804daccdb3001ed,research_repository/ResultsArchive/incoming/reader-ess-closure__d2d17e2a/cell_result_gsm8k__q3_l2r_reader_ess_closure_d2d17e2a_AC-ALG1_MOVING-ESS50_seed311__AC-ALG1_s311.json,3237e2a93ff59674cf97888f9032ced2045bf8f4be7f35ca6caa260210b817ea,research_repository/ResultsArchive/incoming/reader-ess-closure__d2d17e2a/complete_gsm8k__q3_l2r_reader_ess_closure_d2d17e2a_AC-ALG1_MOVING-ESS50_seed311__AC-ALG1_s311.json,080e7544bc0dd79fb04f3678b79b8eeec7414b577b55b00ae8eb4182c48e998e
q3_l2r_reader_ess_closure_d2d17e2a_base_CTRL-base_seed257,d2d17e2a,qwen3-1.7b-base,base,257,gsm8k,319.3,1,NVIDIA H100 80GB HBM3,0.08869444444444445,08114d9bf270694ae3b2a0a69bc875b976839b57e8c4a7ee2309f14c9f120bb8,research_repository/ResultsArchive/incoming/reader-ess-closure__d2d17e2a/cell_result_gsm8k__q3_l2r_reader_ess_closure_d2d17e2a_base_CTRL-base_seed257__base_s257.json,50f463b1a3f608cde4ac93a3fc25c8f1bc704bf02b276be4fcebacc1a822e4f8,research_repository/ResultsArchive/incoming/reader-ess-closure__d2d17e2a/complete_gsm8k__q3_l2r_reader_ess_closure_d2d17e2a_base_CTRL-base_seed257__base_s257.json,2c673570645921a1908d7ebbe34e8b0bb682a30f591bcb1fc4cb914878a9456c
q3_l2r_reader_ess_closure_d2d17e2a_base_CTRL-base_seed263,d2d17e2a,qwen3-1.7b-base,base,263,gsm8k,357.8,1,NVIDIA H100 80GB HBM3,0.09938888888888889,db23942ae4fd372bf42fea7f18af8c421be3fea418c088973c17e5da71a08a55,research_repository/ResultsArchive/incoming/reader-ess-closure__d2d17e2a/cell_result_gsm8k__q3_l2r_reader_ess_closure_d2d17e2a_base_CTRL-base_seed263__base_s263.json,28cbaa0628094e5e4fe58bc074363b803406ee6ce74e7945ad775c00b9234461,research_repository/ResultsArchive/incoming/reader-ess-closure__d2d17e2a/complete_gsm8k__q3_l2r_reader_ess_closure_d2d17e2a_base_CTRL-base_seed263__base_s263.json,ec8649dafa7b47459dc7297414bc6518ff02198b1038929c53e3d7c83767600e
q3_l2r_reader_ess_closure_d2d17e2a_base_CTRL-base_seed271,d2d17e2a,qwen3-1.7b-base,base,271,gsm8k,330.0,1,NVIDIA H100 80GB HBM3,0.09166666666666666,aa6cf9c2a314ec0771cbb21a8bc80af44c8c6a246a2f9b42b04f3f7424b03425,research_repository/ResultsArchive/incoming/reader-ess-closure__d2d17e2a/cell_result_gsm8k__q3_l2r_reader_ess_closure_d2d17e2a_base_CTRL-base_seed271__base_s271.json,1d44f12af483b9e091551fcf3e733abff767fa664c5b37b9c2f97805dabc00f2,research_repository/ResultsArchive/incoming/reader-ess-closure__d2d17e2a/complete_gsm8k__q3_l2r_reader_ess_closure_d2d17e2a_base_CTRL-base_seed271__base_s271.json,64ff2e15e2426e106979467ee7af448dd4e5d5266c5e91a8898ffce44eea5e0a
q3_l2r_reader_ess_closure_d2d17e2a_base_CTRL-base_seed277,d2d17e2a,qwen3-1.7b-base,base,277,gsm8k,336.3,1,NVIDIA H100 80GB HBM3,0.09341666666666668,907f0373eb5bdc50529094f0570c8213d7bcc6c778812e5bc3d1962afe109175,research_repository/ResultsArchive/incoming/reader-ess-closure__d2d17e2a/cell_result_gsm8k__q3_l2r_reader_ess_closure_d2d17e2a_base_CTRL-base_seed277__base_s277.json,21112e72720f2afe07abeb8f4e1a084a147847a5eef8eaa6a50097532f00c3eb,research_repository/ResultsArchive/incoming/reader-ess-closure__d2d17e2a/complete_gsm8k__q3_l2r_reader_ess_closure_d2d17e2a_base_CTRL-base_seed277__base_s277.json,985998fe471c31326cd63d9611186cac2b5c15027e2142623673a46de7442a8b
q3_l2r_reader_ess_closure_d2d17e2a_base_CTRL-base_seed293,d2d17e2a,qwen3-1.7b-base,base,293,gsm8k,333.7,1,NVIDIA H100 80GB HBM3,0.09269444444444444,40fb7715e8058ec01ca76ab1951ffd03aa0e73c2921513bd59e53d24c11a38ef,research_repository/ResultsArchive/incoming/reader-ess-closure__d2d17e2a/cell_result_gsm8k__q3_l2r_reader_ess_closure_d2d17e2a_base_CTRL-base_seed293__base_s293.json,4a91ac930f21470a6b14c6a58d5388fbc7f8f67224ea4a5008d121b21256dad8,research_repository/ResultsArchive/incoming/reader-ess-closure__d2d17e2a/complete_gsm8k__q3_l2r_reader_ess_closure_d2d17e2a_base_CTRL-base_seed293__base_s293.json,67fd3f5b5f621a211730032364d6bf1a8434f8a7eac261af3a892e3fda564e0a
q3_l2r_reader_ess_closure_d2d17e2a_base_CTRL-base_seed307,d2d17e2a,qwen3-1.7b-base,base,307,gsm8k,324.7,1,NVIDIA H100 80GB HBM3,0.09019444444444444,bf221b8129753cb4422fe1b1d35aeb8a3bf665fbd393f28219def7c2111c58aa,research_repository/ResultsArchive/incoming/reader-ess-closure__d2d17e2a/cell_result_gsm8k__q3_l2r_reader_ess_closure_d2d17e2a_base_CTRL-base_seed307__base_s307.json,438e2220cc444d49241593a531e66aeac7573883149c2bdd209e55ebfeb3d5be,research_repository/ResultsArchive/incoming/reader-ess-closure__d2d17e2a/complete_gsm8k__q3_l2r_reader_ess_closure_d2d17e2a_base_CTRL-base_seed307__base_s307.json,f5adc70c6dc1a36baeb1aabc9616f809d6924100572bd6b7216803bdb3eacbbf
q3_l2r_reader_ess_closure_d2d17e2a_base_CTRL-base_seed311,d2d17e2a,qwen3-1.7b-base,base,311,gsm8k,318.2,1,NVIDIA H100 80GB HBM3,0.08838888888888889,f84185fcae729efcec6945a76995a9b19107046cb9b2565c832ad901587f959a,research_repository/ResultsArchive/incoming/reader-ess-closure__d2d17e2a/cell_result_gsm8k__q3_l2r_reader_ess_closure_d2d17e2a_base_CTRL-base_seed311__base_s311.json,2d5adff0144b22fcdfd9c4fabcab33532a2dd3348e1f147b49f342847793dbaf,research_repository/ResultsArchive/incoming/reader-ess-closure__d2d17e2a/complete_gsm8k__q3_l2r_reader_ess_closure_d2d17e2a_base_CTRL-base_seed311__base_s311.json,546a46664e87dfeb870712820d7e4398baa11416263433c90fb049556d8670da
q3_l2r_small_group_replay_f4b1c82d_AC-ALG1_PIS-FRESH-G4_seed479,f4b1c82d,qwen3-1.7b-base,AC-ALG1,479,gsm8k,2179.3,1,NVIDIA H100 80GB HBM3,0.6053611111111111,6cc4448f25c178e2f7693af28d506b1add40ae3cb32d900ee60802db21113696,research_repository/ResultsArchive/incoming/small-group-replay-pilot__f4b1c82d/artifacts/cell_result_gsm8k__q3_l2r_small_group_replay_f4b1c82d_AC-ALG1_PIS-FRESH-G4_seed479__AC-ALG1_s479.json,c9f7b697bf4f9d5ab5512e69d7b1288f8884c4f4c0de30aefc1a1e6def90db3c,research_repository/ResultsArchive/incoming/small-group-replay-pilot__f4b1c82d/artifacts/complete_gsm8k__q3_l2r_small_group_replay_f4b1c82d_AC-ALG1_PIS-FRESH-G4_seed479__AC-ALG1_s479.json,fc3937a2680b841c294a29558195b1552b6e4dd4ca2d3609e295ea218b4d5b11
q3_l2r_small_group_replay_f4b1c82d_AC-ALG1_PIS-FRESH-G4_seed487,f4b1c82d,qwen3-1.7b-base,AC-ALG1,487,gsm8k,2448.0,1,NVIDIA H100 80GB HBM3,0.68,9d8694b4133c35bd123b8086d5e1890c4cb123d5a181e5b3816fee9e5835506d,research_repository/ResultsArchive/incoming/small-group-replay-pilot__f4b1c82d/artifacts/cell_result_gsm8k__q3_l2r_small_group_replay_f4b1c82d_AC-ALG1_PIS-FRESH-G4_seed487__AC-ALG1_s487.json,58811dfa1abe180572061cebd2d8fff9be62921aa25d1b330bd87b82e010678f,research_repository/ResultsArchive/incoming/small-group-replay-pilot__f4b1c82d/artifacts/complete_gsm8k__q3_l2r_small_group_replay_f4b1c82d_AC-ALG1_PIS-FRESH-G4_seed487__AC-ALG1_s487.json,414ff513507cc260408d0988c9cb94e05e966773fd43681e20012aebf6e0dcd2
q3_l2r_small_group_replay_f4b1c82d_AC-ALG1_PIS-FRESH-G4_seed499,f4b1c82d,qwen3-1.7b-base,AC-ALG1,499,gsm8k,2303.2,1,NVIDIA H100 80GB HBM3,0.6397777777777778,4c3ccb23cd02632af96b6ce9c6f3b0afcdd5016c7dc8d871a867ba339651d7ff,research_repository/ResultsArchive/incoming/small-group-replay-pilot__f4b1c82d/artifacts/cell_result_gsm8k__q3_l2r_small_group_replay_f4b1c82d_AC-ALG1_PIS-FRESH-G4_seed499__AC-ALG1_s499.json,63c77dda643c397178ec15911cd7151e434679b69553ff05d1d1009de0cc2e0b,research_repository/ResultsArchive/incoming/small-group-replay-pilot__f4b1c82d/artifacts/complete_gsm8k__q3_l2r_small_group_replay_f4b1c82d_AC-ALG1_PIS-FRESH-G4_seed499__AC-ALG1_s499.json,653276ef55570aa7233032dab29fdd6aa1b69371078ee923f1a0ce7897e934fc
q3_l2r_small_group_replay_f4b1c82d_AC-ALG1_PIS-REPLAY-G4_seed479,f4b1c82d,qwen3-1.7b-base,AC-ALG1,479,gsm8k,3177.3,1,NVIDIA H100 80GB HBM3,0.8825833333333334,c4cc839866a3427e708d57a8d551688c20fe231deb9c09b247d086460a16f903,research_repository/ResultsArchive/incoming/small-group-replay-age-one-correction__f4b1c82d/artifacts/cell_result_gsm8k__q3_l2r_small_group_replay_f4b1c82d_AC-ALG1_PIS-REPLAY-G4_seed479__AC-ALG1_s479.json,67320033d8a9227f45603f30b36eeea549f1bbbf9262e265a02ef6fdadb46428,research_repository/ResultsArchive/incoming/small-group-replay-age-one-correction__f4b1c82d/artifacts/complete_gsm8k__q3_l2r_small_group_replay_f4b1c82d_AC-ALG1_PIS-REPLAY-G4_seed479__AC-ALG1_s479.json,3c8be29e8bdfc4f2c27f6bee3cd3d2dfc5e32d3350a4411b4ce1c23d24a31670
q3_l2r_small_group_replay_f4b1c82d_AC-ALG1_PIS-REPLAY-G4_seed487,f4b1c82d,qwen3-1.7b-base,AC-ALG1,487,gsm8k,3003.9,1,NVIDIA H100 80GB HBM3,0.8344166666666667,705b985257f06ad1ce0c60e8e31009bff9ab9be3f3d978c9345fd700e5bcd868,research_repository/ResultsArchive/incoming/small-group-replay-pilot__f4b1c82d/artifacts/cell_result_gsm8k__q3_l2r_small_group_replay_f4b1c82d_AC-ALG1_PIS-REPLAY-G4_seed487__AC-ALG1_s487.json,7ad7507379830d974096a643e3d1de76125025dd135a7fe5c263f353a7ac557a,research_repository/ResultsArchive/incoming/small-group-replay-pilot__f4b1c82d/artifacts/complete_gsm8k__q3_l2r_small_group_replay_f4b1c82d_AC-ALG1_PIS-REPLAY-G4_seed487__AC-ALG1_s487.json,4a9749178e5e755702428853a60f3466394951703747fa7a840f6a8e5512f871
q3_l2r_small_group_replay_f4b1c82d_AC-ALG1_PIS-REPLAY-G4_seed499,f4b1c82d,qwen3-1.7b-base,AC-ALG1,499,gsm8k,3280.8,1,NVIDIA H100 80GB HBM3,0.9113333333333333,76f55ebb6a503639393c3e0b41f7b1d6c972e9d843fe73ebf625d20ed45ea6ca,research_repository/ResultsArchive/incoming/small-group-replay-age-one-correction__f4b1c82d/artifacts/cell_result_gsm8k__q3_l2r_small_group_replay_f4b1c82d_AC-ALG1_PIS-REPLAY-G4_seed499__AC-ALG1_s499.json,ba5519ccb4b609c60b323dff142339eae2213e3bfc211739caa568882ef71ab4,research_repository/ResultsArchive/incoming/small-group-replay-age-one-correction__f4b1c82d/artifacts/complete_gsm8k__q3_l2r_small_group_replay_f4b1c82d_AC-ALG1_PIS-REPLAY-G4_seed499__AC-ALG1_s499.json,6b29532796fd4d989d92bd0b83aeae7d49d2055926f910f9bb98743dcd2afa3e
q3_l2r_small_group_replay_f4b1c82d_GRPO_GRPO-G4_seed479,f4b1c82d,qwen3-1.7b-base,GRPO,479,gsm8k,2298.2,1,NVIDIA H100 80GB HBM3,0.6383888888888888,156359e4b2ef5ec01461e71cde3613976574118c12c9b6cab4a60e2213f41521,research_repository/ResultsArchive/incoming/small-group-replay-pilot__f4b1c82d/artifacts/cell_result_gsm8k__q3_l2r_small_group_replay_f4b1c82d_GRPO_GRPO-G4_seed479__GRPO_s479.json,7a5e91e8830d78fd36db8ef39473bd41bf3b130b1d3d79f33cb375c6912b892d,research_repository/ResultsArchive/incoming/small-group-replay-pilot__f4b1c82d/artifacts/complete_gsm8k__q3_l2r_small_group_replay_f4b1c82d_GRPO_GRPO-G4_seed479__GRPO_s479.json,b83a3d269bc7aaf258dee66549e84ec39ed4b3438a3c10aa4b22628e82327c46
q3_l2r_small_group_replay_f4b1c82d_GRPO_GRPO-G4_seed487,f4b1c82d,qwen3-1.7b-base,GRPO,487,gsm8k,2366.4,1,NVIDIA H100 80GB HBM3,0.6573333333333333,33b6f782b78a6fdb2c87e226f404df1fe1a3f8e22c27fcf81262fc2d2db91b91,research_repository/ResultsArchive/incoming/small-group-replay-pilot__f4b1c82d/artifacts/cell_result_gsm8k__q3_l2r_small_group_replay_f4b1c82d_GRPO_GRPO-G4_seed487__GRPO_s487.json,a269376d2fe61acc27715acc4a154b7d3e452787f51364a484f951830d36ecce,research_repository/ResultsArchive/incoming/small-group-replay-pilot__f4b1c82d/artifacts/complete_gsm8k__q3_l2r_small_group_replay_f4b1c82d_GRPO_GRPO-G4_seed487__GRPO_s487.json,606b2b95443bfa7ebe8320e19d9aada0419ba0450a43ce64a58ebe07efe5a14e
q3_l2r_small_group_replay_f4b1c82d_GRPO_GRPO-G4_seed499,f4b1c82d,qwen3-1.7b-base,GRPO,499,gsm8k,2594.3,1,NVIDIA H100 80GB HBM3,0.7206388888888889,6943a7fccfe1951e538765c8e190561977dcb4007006e26ac813d57e63a79f6e,research_repository/ResultsArchive/incoming/small-group-replay-pilot__f4b1c82d/artifacts/cell_result_gsm8k__q3_l2r_small_group_replay_f4b1c82d_GRPO_GRPO-G4_seed499__GRPO_s499.json,a6f0ba9d0c571b2699c79cb1be569976e93d70ee42b008c7158d536a7504fa6f,research_repository/ResultsArchive/incoming/small-group-replay-pilot__f4b1c82d/artifacts/complete_gsm8k__q3_l2r_small_group_replay_f4b1c82d_GRPO_GRPO-G4_seed499__GRPO_s499.json,28016b3c3dfd5ad5ad67afa0bd7bdd88c4af91fc99d2a11e5167712aa1a6a156
q3_l2r_small_group_replay_f4b1c82d_RLOO_RLOO-G4_seed479,f4b1c82d,qwen3-1.7b-base,RLOO,479,gsm8k,2294.2,1,NVIDIA H100 80GB HBM3,0.6372777777777777,83aac777e28b9dfbf63f9b738231641dfb3a1da2494a7a3482044a5c3ed7b276,research_repository/ResultsArchive/incoming/small-group-replay-pilot__f4b1c82d/artifacts/cell_result_gsm8k__q3_l2r_small_group_replay_f4b1c82d_RLOO_RLOO-G4_seed479__RLOO_s479.json,074cbce390211d365d82a6a8db6a75220af19cccfb26ecb58cc5c6fd4ebc9e68,research_repository/ResultsArchive/incoming/small-group-replay-pilot__f4b1c82d/artifacts/complete_gsm8k__q3_l2r_small_group_replay_f4b1c82d_RLOO_RLOO-G4_seed479__RLOO_s479.json,19f55b1415facccd46642e4d553f7224edccd6b551ded0b97923f25ce05e9587
q3_l2r_small_group_replay_f4b1c82d_RLOO_RLOO-G4_seed487,f4b1c82d,qwen3-1.7b-base,RLOO,487,gsm8k,2365.5,1,NVIDIA H100 80GB HBM3,0.6570833333333334,4370a9773806dc4faba93cc323399c2b796cdc8d37ecd2ad520ce69453474ce2,research_repository/ResultsArchive/incoming/small-group-replay-pilot__f4b1c82d/artifacts/cell_result_gsm8k__q3_l2r_small_group_replay_f4b1c82d_RLOO_RLOO-G4_seed487__RLOO_s487.json,5ae4db7b995c00c58bffc936fee5bb60cbe53d75d5b74ebb8d53b5e7e6ff339c,research_repository/ResultsArchive/incoming/small-group-replay-pilot__f4b1c82d/artifacts/complete_gsm8k__q3_l2r_small_group_replay_f4b1c82d_RLOO_RLOO-G4_seed487__RLOO_s487.json,fea28299f7e956c40d3a8dc7aa709cf9e54770a12877fba467660a37cbc48311
q3_l2r_small_group_replay_f4b1c82d_RLOO_RLOO-G4_seed499,f4b1c82d,qwen3-1.7b-base,RLOO,499,gsm8k,2491.2,1,NVIDIA H100 80GB HBM3,0.692,07764614b2ba316a5c97bcc181bc11c93c5f7674f25c6a264973b59161398be8,research_repository/ResultsArchive/incoming/small-group-replay-pilot__f4b1c82d/artifacts/cell_result_gsm8k__q3_l2r_small_group_replay_f4b1c82d_RLOO_RLOO-G4_seed499__RLOO_s499.json,7478200aa4f9f3b9c3617876aeed02f554f87434856ef149416991aff4365ea0,research_repository/ResultsArchive/incoming/small-group-replay-pilot__f4b1c82d/artifacts/complete_gsm8k__q3_l2r_small_group_replay_f4b1c82d_RLOO_RLOO-G4_seed499__RLOO_s499.json,2a9615cfc061ba32953b67047895c1b7e3234112d1d6b6df22e37f30f7d4d891
q3_l2r_small_group_replay_f4b1c82d_base_CTRL-base_seed479,f4b1c82d,qwen3-1.7b-base,base,479,gsm8k,352.8,1,NVIDIA H100 80GB HBM3,0.098,f1a117a4bd26968958d27c9f5dffec9546b041b7000424a40e31a4e2ba889684,research_repository/ResultsArchive/incoming/small-group-replay-pilot__f4b1c82d/artifacts/cell_result_gsm8k__q3_l2r_small_group_replay_f4b1c82d_base_CTRL-base_seed479__base_s479.json,a37ad22f4612a9f7c17a66597095abfc425ed11713821bbcc333f9e23a0e821f,research_repository/ResultsArchive/incoming/small-group-replay-pilot__f4b1c82d/artifacts/complete_gsm8k__q3_l2r_small_group_replay_f4b1c82d_base_CTRL-base_seed479__base_s479.json,1a0d835a868a2af715c993820137e8324bee4abe47dad9fda65f34829f309449
q3_l2r_small_group_replay_f4b1c82d_base_CTRL-base_seed487,f4b1c82d,qwen3-1.7b-base,base,487,gsm8k,358.7,1,NVIDIA H100 80GB HBM3,0.09963888888888889,6b8db5226c25b99a317b488838cc63e2848bbe7801aa1b0c80dcc54282bc028e,research_repository/ResultsArchive/incoming/small-group-replay-pilot__f4b1c82d/artifacts/cell_result_gsm8k__q3_l2r_small_group_replay_f4b1c82d_base_CTRL-base_seed487__base_s487.json,2b69949f1db712bd0bc5c908a9c9bf59551d210083ab7d4a98f883393f250e9c,research_repository/ResultsArchive/incoming/small-group-replay-pilot__f4b1c82d/artifacts/complete_gsm8k__q3_l2r_small_group_replay_f4b1c82d_base_CTRL-base_seed487__base_s487.json,c7d8523f672d6e93e1d70174b4e5bee92b93d53c6150aba4e3dbefeca4e25482
q3_l2r_small_group_replay_f4b1c82d_base_CTRL-base_seed499,f4b1c82d,qwen3-1.7b-base,base,499,gsm8k,368.5,1,NVIDIA H100 80GB HBM3,0.10236111111111111,768a258bc5cc324b6a0f83c03b387db402334a080eb76afc3abdec5686293c36,research_repository/ResultsArchive/incoming/small-group-replay-pilot__f4b1c82d/artifacts/cell_result_gsm8k__q3_l2r_small_group_replay_f4b1c82d_base_CTRL-base_seed499__base_s499.json,593f52187a7d6d5942966fca18848bf28277dbdcd5eeee6d3de6b8da7878021c,research_repository/ResultsArchive/incoming/small-group-replay-pilot__f4b1c82d/artifacts/complete_gsm8k__q3_l2r_small_group_replay_f4b1c82d_base_CTRL-base_seed499__base_s499.json,13a850477dfdac78604b1326a3dc43473fe0945d73822f0e913e8cf3c4390768
q3_l2r_svamp_transfer_64d9bc2a_AC-ALG1_PIS-S8-B8-U4_seed401,64d9bc2a,qwen3-1.7b-base,AC-ALG1,401,gsm8k,2332.3,1,NVIDIA H100 80GB HBM3,0.6478611111111111,8f82340c2df99004e1ea94b32a8c52f80ad0b861076152d92c3f61f998bd4668,research_repository/ResultsArchive/incoming/svamp-transfer__64d9bc2a/artifacts/cell_result_gsm8k__q3_l2r_svamp_transfer_64d9bc2a_AC-ALG1_PIS-S8-B8-U4_seed401__AC-ALG1_s401.json,d2cf63e0cf4d94e50dbff5be1c44b11ac739c3f26ccaa980895d0f9eafdd3a67,research_repository/ResultsArchive/incoming/svamp-transfer__64d9bc2a/artifacts/complete_gsm8k__q3_l2r_svamp_transfer_64d9bc2a_AC-ALG1_PIS-S8-B8-U4_seed401__AC-ALG1_s401.json,5bddc262069bbf09bebe9de3b23215e67e47fd430c01b4beca2e6d15f6814eaa
q3_l2r_svamp_transfer_64d9bc2a_AC-ALG1_PIS-S8-B8-U4_seed409,64d9bc2a,qwen3-1.7b-base,AC-ALG1,409,gsm8k,2255.3,1,NVIDIA H100 80GB HBM3,0.6264722222222223,f6a18257e763ef5bfc7499e78488f1858168defc9934bd58454d5c345a6cfcd3,research_repository/ResultsArchive/incoming/svamp-transfer__64d9bc2a/artifacts/cell_result_gsm8k__q3_l2r_svamp_transfer_64d9bc2a_AC-ALG1_PIS-S8-B8-U4_seed409__AC-ALG1_s409.json,c058116eed2c0c83b17b2245dca557bbf2831dac689cdac56b97989787f678d1,research_repository/ResultsArchive/incoming/svamp-transfer__64d9bc2a/artifacts/complete_gsm8k__q3_l2r_svamp_transfer_64d9bc2a_AC-ALG1_PIS-S8-B8-U4_seed409__AC-ALG1_s409.json,44c3fc4d8618ebdba269609eef32d2ed2ab99f8d49ed6b2a57d2a2c86c7fb9ef
q3_l2r_svamp_transfer_64d9bc2a_AC-ALG1_PIS-S8-B8-U4_seed419,64d9bc2a,qwen3-1.7b-base,AC-ALG1,419,gsm8k,2314.9,1,NVIDIA H100 80GB HBM3,0.6430277777777778,698bfe9e3d8f5b67f1cc2114d88a5157aa8f59126daf0406f97135a718245d6a,research_repository/ResultsArchive/incoming/svamp-transfer__64d9bc2a/artifacts/cell_result_gsm8k__q3_l2r_svamp_transfer_64d9bc2a_AC-ALG1_PIS-S8-B8-U4_seed419__AC-ALG1_s419.json,7b334f17d31692deb83587c15a038e3e849b43023c2544c35120d4f269192574,research_repository/ResultsArchive/incoming/svamp-transfer__64d9bc2a/artifacts/complete_gsm8k__q3_l2r_svamp_transfer_64d9bc2a_AC-ALG1_PIS-S8-B8-U4_seed419__AC-ALG1_s419.json,21c075415c12753a7feb3f6edd300dc9f93d2df3d11d011293990c62c2eee6a4
q3_l2r_svamp_transfer_64d9bc2a_AC-ALG1_PIS-S8-B8-U4_seed421,64d9bc2a,qwen3-1.7b-base,AC-ALG1,421,gsm8k,2292.5,1,NVIDIA H100 80GB HBM3,0.6368055555555555,cf3d44531a45c4e8bc896147491d7baa96f464408753adeff175f122865fd6f5,research_repository/ResultsArchive/incoming/svamp-transfer__64d9bc2a/artifacts/cell_result_gsm8k__q3_l2r_svamp_transfer_64d9bc2a_AC-ALG1_PIS-S8-B8-U4_seed421__AC-ALG1_s421.json,9e10a998354c1dcc47f54182ef0df0547679612e8649f47e963cc0bf12908c9e,research_repository/ResultsArchive/incoming/svamp-transfer__64d9bc2a/artifacts/complete_gsm8k__q3_l2r_svamp_transfer_64d9bc2a_AC-ALG1_PIS-S8-B8-U4_seed421__AC-ALG1_s421.json,d765ecbeae6a8384a4c121c161f08b6fb3f6978e3c56b0b5b225a4a62283d992
q3_l2r_svamp_transfer_64d9bc2a_AC-ALG1_PIS-S8-B8-U4_seed431,64d9bc2a,qwen3-1.7b-base,AC-ALG1,431,gsm8k,2405.6,1,NVIDIA H100 80GB HBM3,0.6682222222222222,b07990893a357ee5039eb81264c4ea600b973a63ced6426da7f7aa40001ed368,research_repository/ResultsArchive/incoming/svamp-transfer__64d9bc2a/artifacts/cell_result_gsm8k__q3_l2r_svamp_transfer_64d9bc2a_AC-ALG1_PIS-S8-B8-U4_seed431__AC-ALG1_s431.json,81016af35aeba501c4c09ba91500239dcd6a34572b522681181ec834ff1ebcea,research_repository/ResultsArchive/incoming/svamp-transfer__64d9bc2a/artifacts/complete_gsm8k__q3_l2r_svamp_transfer_64d9bc2a_AC-ALG1_PIS-S8-B8-U4_seed431__AC-ALG1_s431.json,b0178420aa416ce146e53751f22c93a529ff45e259d117ac3b3b9c4a246b7722
q3_l2r_svamp_transfer_64d9bc2a_GRPO_GRPO-S16-B4-U4_seed401,64d9bc2a,qwen3-1.7b-base,GRPO,401,gsm8k,2831.3,1,NVIDIA H100 80GB HBM3,0.7864722222222222,447bd84c35e95b0b56eedf864e3a49bc9116e3935d2387925ce61e676ca2939b,research_repository/ResultsArchive/incoming/svamp-transfer__64d9bc2a/artifacts/cell_result_gsm8k__q3_l2r_svamp_transfer_64d9bc2a_GRPO_GRPO-S16-B4-U4_seed401__GRPO_s401.json,1b0583367f24b5f24b0f175b0f7275e7bea2bbe04600a2aefa8bfa4dc9ae34d1,research_repository/ResultsArchive/incoming/svamp-transfer__64d9bc2a/artifacts/complete_gsm8k__q3_l2r_svamp_transfer_64d9bc2a_GRPO_GRPO-S16-B4-U4_seed401__GRPO_s401.json,b715320ce0a484ad70e7bd0925fc74a7db0ceeadc9ac033ea89ca624d3641497
q3_l2r_svamp_transfer_64d9bc2a_GRPO_GRPO-S16-B4-U4_seed409,64d9bc2a,qwen3-1.7b-base,GRPO,409,gsm8k,2662.0,1,NVIDIA H100 80GB HBM3,0.7394444444444445,2fb770f8183ca846088aed0170ff105a1ebe4a6d884289038b1e8eb64818182a,research_repository/ResultsArchive/incoming/svamp-transfer__64d9bc2a/artifacts/cell_result_gsm8k__q3_l2r_svamp_transfer_64d9bc2a_GRPO_GRPO-S16-B4-U4_seed409__GRPO_s409.json,a21cd75263e7eaac87294a1a7a731a00678b8d471cf84c175ce88fad39c6766f,research_repository/ResultsArchive/incoming/svamp-transfer__64d9bc2a/artifacts/complete_gsm8k__q3_l2r_svamp_transfer_64d9bc2a_GRPO_GRPO-S16-B4-U4_seed409__GRPO_s409.json,27b190776c7eb289897651f112a3ecdf063ff27d142a0b0d013c228ebcb11ad2
q3_l2r_svamp_transfer_64d9bc2a_GRPO_GRPO-S16-B4-U4_seed419,64d9bc2a,qwen3-1.7b-base,GRPO,419,gsm8k,2296.7,1,NVIDIA H100 80GB HBM3,0.6379722222222222,e912f7ce4dfcfda6e91df39ff614f3889b3210ff280a969e1f3d784f6331f985,research_repository/ResultsArchive/incoming/svamp-transfer__64d9bc2a/artifacts/cell_result_gsm8k__q3_l2r_svamp_transfer_64d9bc2a_GRPO_GRPO-S16-B4-U4_seed419__GRPO_s419.json,009707cf97753c21460c7d9683dce6d76b6a3ad37f8c86b906744796d0528ad3,research_repository/ResultsArchive/incoming/svamp-transfer__64d9bc2a/artifacts/complete_gsm8k__q3_l2r_svamp_transfer_64d9bc2a_GRPO_GRPO-S16-B4-U4_seed419__GRPO_s419.json,ee1e66576557ddda1f508c69b401876d1eaa25994eb43a0dba225de04851aed9
q3_l2r_svamp_transfer_64d9bc2a_GRPO_GRPO-S16-B4-U4_seed421,64d9bc2a,qwen3-1.7b-base,GRPO,421,gsm8k,2489.1,1,NVIDIA H100 80GB HBM3,0.6914166666666667,4c3c9190ffd970d521f03e9102b400622370ba48541b244a8d1cfc3dbd141bfe,research_repository/ResultsArchive/incoming/svamp-transfer__64d9bc2a/artifacts/cell_result_gsm8k__q3_l2r_svamp_transfer_64d9bc2a_GRPO_GRPO-S16-B4-U4_seed421__GRPO_s421.json,9cf2f1f0cfd42e7dfa42b370550fab3850575e69120286e1cda230ce16a87548,research_repository/ResultsArchive/incoming/svamp-transfer__64d9bc2a/artifacts/complete_gsm8k__q3_l2r_svamp_transfer_64d9bc2a_GRPO_GRPO-S16-B4-U4_seed421__GRPO_s421.json,51957b5b36b3b504145ce32a211e9ec7cd23eede00f606a62288b3f08b10b801
q3_l2r_svamp_transfer_64d9bc2a_GRPO_GRPO-S16-B4-U4_seed431,64d9bc2a,qwen3-1.7b-base,GRPO,431,gsm8k,2861.1,1,NVIDIA H100 80GB HBM3,0.79475,f33d0955f67596044dd56a72609d45b923a8880806998ac34c223500b1926f56,research_repository/ResultsArchive/incoming/svamp-transfer__64d9bc2a/artifacts/cell_result_gsm8k__q3_l2r_svamp_transfer_64d9bc2a_GRPO_GRPO-S16-B4-U4_seed431__GRPO_s431.json,54e8b8bb2240009e86bbe3f315b79ef90c40d89f7e45dbcb8b63b9eea9c572c8,research_repository/ResultsArchive/incoming/svamp-transfer__64d9bc2a/artifacts/complete_gsm8k__q3_l2r_svamp_transfer_64d9bc2a_GRPO_GRPO-S16-B4-U4_seed431__GRPO_s431.json,8e51cf905aedf886cdd14f07cefa6f15ba26725622795c8628ff49c9fbea17da
q3_l2r_svamp_transfer_64d9bc2a_GRPO_GRPO-S8-B8-U4_seed401,64d9bc2a,qwen3-1.7b-base,GRPO,401,gsm8k,2907.4,1,NVIDIA H100 80GB HBM3,0.8076111111111112,7c0280ee3030c75aabfd9ad5b3a11b5cdbdd5b07d1a052c7e965eab624f62b7b,research_repository/ResultsArchive/incoming/svamp-transfer__64d9bc2a/artifacts/cell_result_gsm8k__q3_l2r_svamp_transfer_64d9bc2a_GRPO_GRPO-S8-B8-U4_seed401__GRPO_s401.json,4cf4b7ea773a2321a027021771ef68f45574d0fbf7e941ec64e527e6a48e5f7e,research_repository/ResultsArchive/incoming/svamp-transfer__64d9bc2a/artifacts/complete_gsm8k__q3_l2r_svamp_transfer_64d9bc2a_GRPO_GRPO-S8-B8-U4_seed401__GRPO_s401.json,8e58333eb8a1079f8c7def212e30be19a3b94cc9cd27875a0d5670a5e8705c72
q3_l2r_svamp_transfer_64d9bc2a_GRPO_GRPO-S8-B8-U4_seed409,64d9bc2a,qwen3-1.7b-base,GRPO,409,gsm8k,2471.7,1,NVIDIA H100 80GB HBM3,0.6865833333333333,ba8377b4ea7c8acf539cc8cd03197b03ca35c5ce30af9de49b186b4a77ec1069,research_repository/ResultsArchive/incoming/svamp-transfer__64d9bc2a/artifacts/cell_result_gsm8k__q3_l2r_svamp_transfer_64d9bc2a_GRPO_GRPO-S8-B8-U4_seed409__GRPO_s409.json,35314ab1694ba1d46b59f504aa5d56c34edd65c487253623f75d94cf046e7a91,research_repository/ResultsArchive/incoming/svamp-transfer__64d9bc2a/artifacts/complete_gsm8k__q3_l2r_svamp_transfer_64d9bc2a_GRPO_GRPO-S8-B8-U4_seed409__GRPO_s409.json,a0dae050b4e6cc916f96dcf74f5de541dda112aa1238430e6d957092c2d04d90
q3_l2r_svamp_transfer_64d9bc2a_GRPO_GRPO-S8-B8-U4_seed419,64d9bc2a,qwen3-1.7b-base,GRPO,419,gsm8k,2339.7,1,NVIDIA H100 80GB HBM3,0.6499166666666666,ba3dc9080e9d0d0c6a8fc8218278badc9bd58660beddfff925c8d7f256cbad04,research_repository/ResultsArchive/incoming/svamp-transfer__64d9bc2a/artifacts/cell_result_gsm8k__q3_l2r_svamp_transfer_64d9bc2a_GRPO_GRPO-S8-B8-U4_seed419__GRPO_s419.json,b660e3dfadfa68027eaa8130cc2a3b4c51a7711c549b943f2443f9bd07ac8e02,research_repository/ResultsArchive/incoming/svamp-transfer__64d9bc2a/artifacts/complete_gsm8k__q3_l2r_svamp_transfer_64d9bc2a_GRPO_GRPO-S8-B8-U4_seed419__GRPO_s419.json,1a54cfa33c8b3020766983a9ba7f604c6e72a393c25a5ec826cc38eb9422db92
q3_l2r_svamp_transfer_64d9bc2a_GRPO_GRPO-S8-B8-U4_seed421,64d9bc2a,qwen3-1.7b-base,GRPO,421,gsm8k,2512.6,1,NVIDIA H100 80GB HBM3,0.6979444444444444,e810ab1762d929f1a3f7bd18a0c67812eab0287c80ccedbdbdbdd1b4f3adcdbd,research_repository/ResultsArchive/incoming/svamp-transfer__64d9bc2a/artifacts/cell_result_gsm8k__q3_l2r_svamp_transfer_64d9bc2a_GRPO_GRPO-S8-B8-U4_seed421__GRPO_s421.json,e9261532b77f6092c556669acd4494c7f16ab8d55e10e58ef39552ef696e8d56,research_repository/ResultsArchive/incoming/svamp-transfer__64d9bc2a/artifacts/complete_gsm8k__q3_l2r_svamp_transfer_64d9bc2a_GRPO_GRPO-S8-B8-U4_seed421__GRPO_s421.json,7e91f0bc8fa7b4ea9e290001007d97d556d2d9e26aa035f01183f5887755afbd
q3_l2r_svamp_transfer_64d9bc2a_GRPO_GRPO-S8-B8-U4_seed431,64d9bc2a,qwen3-1.7b-base,GRPO,431,gsm8k,2648.7,1,NVIDIA H100 80GB HBM3,0.7357499999999999,b141614d2ca90b3b6bf39acb90dbaf49557f173cad791156c7353eade3aa0178,research_repository/ResultsArchive/incoming/svamp-transfer__64d9bc2a/artifacts/cell_result_gsm8k__q3_l2r_svamp_transfer_64d9bc2a_GRPO_GRPO-S8-B8-U4_seed431__GRPO_s431.json,7675465aad0e802ccadd121f24cdbbade6fd10c122b0536fd109e4e984eea267,research_repository/ResultsArchive/incoming/svamp-transfer__64d9bc2a/artifacts/complete_gsm8k__q3_l2r_svamp_transfer_64d9bc2a_GRPO_GRPO-S8-B8-U4_seed431__GRPO_s431.json,e5ba239bd0b084532754b2bc2fd3373a66aea8f559513d77f25ff56367b461a1
q3_l2r_svamp_transfer_64d9bc2a_RLOO_RLOO-S16-B8-U4_seed401,64d9bc2a,qwen3-1.7b-base,RLOO,401,gsm8k,4093.8,1,NVIDIA H100 80GB HBM3,1.1371666666666667,38aa8169de7a758d658f289f527efc027e2bdb1f92ee70c4ff2b8dd4b79b6893,research_repository/ResultsArchive/incoming/svamp-transfer__64d9bc2a/artifacts/cell_result_gsm8k__q3_l2r_svamp_transfer_64d9bc2a_RLOO_RLOO-S16-B8-U4_seed401__RLOO_s401.json,d276a491e4eadf0171350e2d2d4de0ac134ded4bf71c8868f33298c2b135d1c7,research_repository/ResultsArchive/incoming/svamp-transfer__64d9bc2a/artifacts/complete_gsm8k__q3_l2r_svamp_transfer_64d9bc2a_RLOO_RLOO-S16-B8-U4_seed401__RLOO_s401.json,9578e391297ec124b32ee4da84232d645675f55fa7c775eb68c795b08429a9e6
q3_l2r_svamp_transfer_64d9bc2a_RLOO_RLOO-S16-B8-U4_seed409,64d9bc2a,qwen3-1.7b-base,RLOO,409,gsm8k,3583.2,1,NVIDIA H100 80GB HBM3,0.9953333333333333,94e5f2137edffa0a032a8e57ad72d9fe910840d81dafe78b01ea1137b3dd6a2d,research_repository/ResultsArchive/incoming/svamp-transfer__64d9bc2a/artifacts/cell_result_gsm8k__q3_l2r_svamp_transfer_64d9bc2a_RLOO_RLOO-S16-B8-U4_seed409__RLOO_s409.json,c13ff28f45bd0e8af2e4f3666862abde0b03179cf482878255cafb0e29beef0c,research_repository/ResultsArchive/incoming/svamp-transfer__64d9bc2a/artifacts/complete_gsm8k__q3_l2r_svamp_transfer_64d9bc2a_RLOO_RLOO-S16-B8-U4_seed409__RLOO_s409.json,6b854af9932b52b903d528e6145a66590d4d2a20dc779d7fde56b424d92844dc
q3_l2r_svamp_transfer_64d9bc2a_RLOO_RLOO-S16-B8-U4_seed419,64d9bc2a,qwen3-1.7b-base,RLOO,419,gsm8k,3360.1,1,NVIDIA H100 80GB HBM3,0.9333611111111111,1934b37166fd66efb4c0d7b9a1d58194ec4d9261c2191383d22bf2ac29cdff36,research_repository/ResultsArchive/incoming/svamp-transfer__64d9bc2a/artifacts/cell_result_gsm8k__q3_l2r_svamp_transfer_64d9bc2a_RLOO_RLOO-S16-B8-U4_seed419__RLOO_s419.json,f666bef6ebda241cf1567e341bdab00711971c8714e73ac725918084625693a6,research_repository/ResultsArchive/incoming/svamp-transfer__64d9bc2a/artifacts/complete_gsm8k__q3_l2r_svamp_transfer_64d9bc2a_RLOO_RLOO-S16-B8-U4_seed419__RLOO_s419.json,eaaeb7bc9eaee09c895837a5a411251af48c3696a974c4b8d1d553ebf7671de2
q3_l2r_svamp_transfer_64d9bc2a_RLOO_RLOO-S16-B8-U4_seed421,64d9bc2a,qwen3-1.7b-base,RLOO,421,gsm8k,3662.9,1,NVIDIA H100 80GB HBM3,1.0174722222222223,af4fef983cba6716d0446b2a46c8f627d87e0b4f3da343d6ba9f8f28ef9f5863,research_repository/ResultsArchive/incoming/svamp-transfer__64d9bc2a/artifacts/cell_result_gsm8k__q3_l2r_svamp_transfer_64d9bc2a_RLOO_RLOO-S16-B8-U4_seed421__RLOO_s421.json,8a8627de47ca0a75b2035bb5330fac741c4cb010d296f9ee95caf2069b1aa83e,research_repository/ResultsArchive/incoming/svamp-transfer__64d9bc2a/artifacts/complete_gsm8k__q3_l2r_svamp_transfer_64d9bc2a_RLOO_RLOO-S16-B8-U4_seed421__RLOO_s421.json,d74064d73b0f4d6d1493e7055cc72917a826c40ddcf674cdbbcb5e4c6d8dcbf9
q3_l2r_svamp_transfer_64d9bc2a_RLOO_RLOO-S16-B8-U4_seed431,64d9bc2a,qwen3-1.7b-base,RLOO,431,gsm8k,3950.6,1,NVIDIA H100 80GB HBM3,1.097388888888889,f5072fbf65de74192aa6dda2a9f764f31ea666c1fe9c4ca399b8ce371ee82d47,research_repository/ResultsArchive/incoming/svamp-transfer__64d9bc2a/artifacts/cell_result_gsm8k__q3_l2r_svamp_transfer_64d9bc2a_RLOO_RLOO-S16-B8-U4_seed431__RLOO_s431.json,89d68ae69ff70752d2f502c034027f592983316795f7ac1822af8265ddab09a1,research_repository/ResultsArchive/incoming/svamp-transfer__64d9bc2a/artifacts/complete_gsm8k__q3_l2r_svamp_transfer_64d9bc2a_RLOO_RLOO-S16-B8-U4_seed431__RLOO_s431.json,f2ddfede3363ca57d2b84e6e34952a523c39b53bb94d3c275b060b2aa1c95bfb
q3_l2r_svamp_transfer_64d9bc2a_RLOO_RLOO-S8-B8-U4_seed401,64d9bc2a,qwen3-1.7b-base,RLOO,401,gsm8k,2655.4,1,NVIDIA H100 80GB HBM3,0.7376111111111111,bc60d9e4efa39942aceef2d63aae47f2077095b1acac208f51c46c3f5c97fd4b,research_repository/ResultsArchive/incoming/svamp-transfer__64d9bc2a/artifacts/cell_result_gsm8k__q3_l2r_svamp_transfer_64d9bc2a_RLOO_RLOO-S8-B8-U4_seed401__RLOO_s401.json,0642840c26508567f4b83291984bbc821a8c313ce33dd925a7aa16d211a5559a,research_repository/ResultsArchive/incoming/svamp-transfer__64d9bc2a/artifacts/complete_gsm8k__q3_l2r_svamp_transfer_64d9bc2a_RLOO_RLOO-S8-B8-U4_seed401__RLOO_s401.json,b8eeb30caaff5ed89a207e43eddfb5d7be4b0eb4a5bd752b95d93f6ea225f52b
q3_l2r_svamp_transfer_64d9bc2a_RLOO_RLOO-S8-B8-U4_seed409,64d9bc2a,qwen3-1.7b-base,RLOO,409,gsm8k,2350.9,1,NVIDIA H100 80GB HBM3,0.6530277777777778,81423d6fada8810f85c64528ae232d5717d36da9f03c2d3331093cecfbc1f786,research_repository/ResultsArchive/incoming/svamp-transfer__64d9bc2a/artifacts/cell_result_gsm8k__q3_l2r_svamp_transfer_64d9bc2a_RLOO_RLOO-S8-B8-U4_seed409__RLOO_s409.json,836bdd5baaa15c488da39df0646eeef1d2cbbc206952bba72db4027f79b01511,research_repository/ResultsArchive/incoming/svamp-transfer__64d9bc2a/artifacts/complete_gsm8k__q3_l2r_svamp_transfer_64d9bc2a_RLOO_RLOO-S8-B8-U4_seed409__RLOO_s409.json,5ff573b310f395f1c62666aff13f51efca4a2eca9e9b47c2c36f60b9a04ab2a6
q3_l2r_svamp_transfer_64d9bc2a_RLOO_RLOO-S8-B8-U4_seed419,64d9bc2a,qwen3-1.7b-base,RLOO,419,gsm8k,2108.0,1,NVIDIA H100 80GB HBM3,0.5855555555555556,fe87a06bd849cb3ad3707a265b0fa4bee2eff8b780d4bf7c8091ae7dff2fc0f8,research_repository/ResultsArchive/incoming/svamp-transfer__64d9bc2a/artifacts/cell_result_gsm8k__q3_l2r_svamp_transfer_64d9bc2a_RLOO_RLOO-S8-B8-U4_seed419__RLOO_s419.json,71452365f2540ea5ddfa6a190bc506df1bf775642125335ccbf784fef1e53752,research_repository/ResultsArchive/incoming/svamp-transfer__64d9bc2a/artifacts/complete_gsm8k__q3_l2r_svamp_transfer_64d9bc2a_RLOO_RLOO-S8-B8-U4_seed419__RLOO_s419.json,67325bfae76ad54cbbbb9c509dd11aad91dca2c95286079d9d8bfc082c8a17e6
q3_l2r_svamp_transfer_64d9bc2a_RLOO_RLOO-S8-B8-U4_seed421,64d9bc2a,qwen3-1.7b-base,RLOO,421,gsm8k,2241.9,1,NVIDIA H100 80GB HBM3,0.62275,0cb40f4ef9c317ad3fc81a198d31c26355913c62b66654429eb224f318e68d40,research_repository/ResultsArchive/incoming/svamp-transfer__64d9bc2a/artifacts/cell_result_gsm8k__q3_l2r_svamp_transfer_64d9bc2a_RLOO_RLOO-S8-B8-U4_seed421__RLOO_s421.json,af0ba85378e9e612928d2ab4e3c74d3dede3aa3d12d6cd9b94fa7e7ebf3168cd,research_repository/ResultsArchive/incoming/svamp-transfer__64d9bc2a/artifacts/complete_gsm8k__q3_l2r_svamp_transfer_64d9bc2a_RLOO_RLOO-S8-B8-U4_seed421__RLOO_s421.json,aefa1a7e523e895be07a54aed184c6096f91545055be6ac1e30bb3f3ed9a1ab7
q3_l2r_svamp_transfer_64d9bc2a_RLOO_RLOO-S8-B8-U4_seed431,64d9bc2a,qwen3-1.7b-base,RLOO,431,gsm8k,2468.1,1,NVIDIA H100 80GB HBM3,0.6855833333333333,e2065894deefc9c933de363675faadbb96455ddb4811737a7f5b500d82d8b110,research_repository/ResultsArchive/incoming/svamp-transfer__64d9bc2a/artifacts/cell_result_gsm8k__q3_l2r_svamp_transfer_64d9bc2a_RLOO_RLOO-S8-B8-U4_seed431__RLOO_s431.json,4dfbcfb0ce4b39b19a7aa6efffebaf19300d1e5513c505b8e0f0ebc58b4479fb,research_repository/ResultsArchive/incoming/svamp-transfer__64d9bc2a/artifacts/complete_gsm8k__q3_l2r_svamp_transfer_64d9bc2a_RLOO_RLOO-S8-B8-U4_seed431__RLOO_s431.json,5e96cc846cd2e86838dcaea421aa48fa6202db8b89f2b6953c81a38c99e45a9c
q3_l2r_svamp_transfer_64d9bc2a_base_CTRL-base_seed401,64d9bc2a,qwen3-1.7b-base,base,401,gsm8k,396.6,1,NVIDIA H100 80GB HBM3,0.11016666666666668,1255a259ec62dba6aace43c39174b0cfcdabc61e41c8a7581da6e5cb58e0c0e7,research_repository/ResultsArchive/incoming/svamp-transfer__64d9bc2a/artifacts/cell_result_gsm8k__q3_l2r_svamp_transfer_64d9bc2a_base_CTRL-base_seed401__base_s401.json,2f2b7e86a85ffc1f5fb17f3abff35ab812138945e2c9bf186c3ba4f3e0d49c93,research_repository/ResultsArchive/incoming/svamp-transfer__64d9bc2a/artifacts/complete_gsm8k__q3_l2r_svamp_transfer_64d9bc2a_base_CTRL-base_seed401__base_s401.json,cc766b88571f05daceb35725103e92824b61a94e2ed7a8ffb23c93a3c7df4d32
q3_l2r_svamp_transfer_64d9bc2a_base_CTRL-base_seed409,64d9bc2a,qwen3-1.7b-base,base,409,gsm8k,328.6,1,NVIDIA H100 80GB HBM3,0.09127777777777779,49bad2bb263702e48ca8fc0a2b08b96ada44d7d702af9ba02609b00d98443405,research_repository/ResultsArchive/incoming/svamp-transfer__64d9bc2a/artifacts/cell_result_gsm8k__q3_l2r_svamp_transfer_64d9bc2a_base_CTRL-base_seed409__base_s409.json,1dacbbf6da2be865e7d212181af9d98d64047ca0cf205e2093e539bf74bcf966,research_repository/ResultsArchive/incoming/svamp-transfer__64d9bc2a/artifacts/complete_gsm8k__q3_l2r_svamp_transfer_64d9bc2a_base_CTRL-base_seed409__base_s409.json,53959ae3c74b9981f87ed92847281f58a9a8d238d4f3b5f6390e20134a7456bc
q3_l2r_svamp_transfer_64d9bc2a_base_CTRL-base_seed419,64d9bc2a,qwen3-1.7b-base,base,419,gsm8k,253.1,1,NVIDIA H100 80GB HBM3,0.07030555555555555,ed718ac0c8139f013cb04d17b627585a417e87e71b17000eeffb5dc68d0b3153,research_repository/ResultsArchive/incoming/svamp-transfer__64d9bc2a/artifacts/cell_result_gsm8k__q3_l2r_svamp_transfer_64d9bc2a_base_CTRL-base_seed419__base_s419.json,108395b71b2900303bf6e1a51b51789bc9c822ff651d7cce72aa249ccd65e87a,research_repository/ResultsArchive/incoming/svamp-transfer__64d9bc2a/artifacts/complete_gsm8k__q3_l2r_svamp_transfer_64d9bc2a_base_CTRL-base_seed419__base_s419.json,76b38d0c79d2c29e6fc4d72dfe2bd8c8acd7a6a1cdf6f592bacb60f074061630
q3_l2r_svamp_transfer_64d9bc2a_base_CTRL-base_seed421,64d9bc2a,qwen3-1.7b-base,base,421,gsm8k,310.8,1,NVIDIA H100 80GB HBM3,0.08633333333333333,5d4bfe4fb45c51b941f866481b3a9ca7dcd0004197fa63d8850ac3f31ec4c76b,research_repository/ResultsArchive/incoming/svamp-transfer__64d9bc2a/artifacts/cell_result_gsm8k__q3_l2r_svamp_transfer_64d9bc2a_base_CTRL-base_seed421__base_s421.json,9af49b5772204cb212b8da757865eca689788427c9f52aa75dc5e291e9850d73,research_repository/ResultsArchive/incoming/svamp-transfer__64d9bc2a/artifacts/complete_gsm8k__q3_l2r_svamp_transfer_64d9bc2a_base_CTRL-base_seed421__base_s421.json,abf93693e5528b8b74041a0eb83df889093e0ed61c396e1f5a5dd72f1b0091d0
q3_l2r_svamp_transfer_64d9bc2a_base_CTRL-base_seed431,64d9bc2a,qwen3-1.7b-base,base,431,gsm8k,328.5,1,NVIDIA H100 80GB HBM3,0.09125,0bbd99ffc0eeef1d3603311855c9fbaff65213eab0323052f23bb0b097736dcd,research_repository/ResultsArchive/incoming/svamp-transfer__64d9bc2a/artifacts/cell_result_gsm8k__q3_l2r_svamp_transfer_64d9bc2a_base_CTRL-base_seed431__base_s431.json,727bb1afa1974254c4f962f54e4304a07936d8c8ab2bee169355329900b10514,research_repository/ResultsArchive/incoming/svamp-transfer__64d9bc2a/artifacts/complete_gsm8k__q3_l2r_svamp_transfer_64d9bc2a_base_CTRL-base_seed431__base_s431.json,29d658e13f7a44b71bf8ef6bf360dbb3dd88c3a94b96e4082c1b5ae8bebeb409
q3_l2r_temperature_mixture_5c7a10e2_L2R_PIS-T1_seed1481,5c7a10e2,qwen3-1.7b-base,L2R,1481,gsm8k,2629.6,1,NVIDIA H100 80GB HBM3,0.7304444444444445,3ff2da58c293973a86faf6fb4188904cd86cb371ce3459108ab5ee85eb5dfb08,research_repository/ResultsArchive/incoming/temperature-mixture__5c7a10e2/result/cell_result_gsm8k__q3_l2r_temperature_mixture_5c7a10e2_L2R_PIS-T1_seed1481__L2R_s1481.json,909b0377083e001880e886bb3ff0e77b34f2900760afae67f992ff6d3262d236,research_repository/ResultsArchive/incoming/temperature-mixture__5c7a10e2/result/complete_gsm8k__q3_l2r_temperature_mixture_5c7a10e2_L2R_PIS-T1_seed1481__L2R_s1481.json,cc8666597018cab7ac5eff95352e4b53416caa8493dad4bb1e336b3873ac3324
q3_l2r_temperature_mixture_5c7a10e2_L2R_PIS-T1_seed1483,5c7a10e2,qwen3-1.7b-base,L2R,1483,gsm8k,3325.5,1,NVIDIA H100 80GB HBM3,0.92375,0dcc9cd3ca0d707bafa8672c0108029ee8c678fbc3f3f45f410d6c6e9dc663fc,research_repository/ResultsArchive/incoming/temperature-mixture__5c7a10e2/result/cell_result_gsm8k__q3_l2r_temperature_mixture_5c7a10e2_L2R_PIS-T1_seed1483__L2R_s1483.json,1ec3d58198ba20148422ead617bc6af165eeb7175ce10aa01c66fa5a355b2c36,research_repository/ResultsArchive/incoming/temperature-mixture__5c7a10e2/result/complete_gsm8k__q3_l2r_temperature_mixture_5c7a10e2_L2R_PIS-T1_seed1483__L2R_s1483.json,95349738b66a38cb152f287b0350efdf3ff0171ad32668ac5a7f6859a3d7bbc2
q3_l2r_temperature_mixture_5c7a10e2_L2R_PIS-T1_seed1487,5c7a10e2,qwen3-1.7b-base,L2R,1487,gsm8k,2595.0,1,NVIDIA H100 80GB HBM3,0.7208333333333333,7c6b31a5edb2aa89d5f7e7f04a8af53dd8e01dd57eb009cf29cce02dc48dfa72,research_repository/ResultsArchive/incoming/temperature-mixture__5c7a10e2/result/cell_result_gsm8k__q3_l2r_temperature_mixture_5c7a10e2_L2R_PIS-T1_seed1487__L2R_s1487.json,3167943dfcac5d0c0ea2d802bc2b653b8c720103ca8ce6dd56dd8f7474fe1927,research_repository/ResultsArchive/incoming/temperature-mixture__5c7a10e2/result/complete_gsm8k__q3_l2r_temperature_mixture_5c7a10e2_L2R_PIS-T1_seed1487__L2R_s1487.json,0d42725ea9b0f4860933e31ae3b02db937fab963c5511d04d98a2d6930f543e3
q3_l2r_temperature_mixture_5c7a10e2_L2R_PIS-T1_seed1489,5c7a10e2,qwen3-1.7b-base,L2R,1489,gsm8k,3107.8,1,NVIDIA H100 80GB HBM3,0.8632777777777778,8d4df6a1840326559e764cef93909c2e4b61c3e6416350942f9e5ce840024221,research_repository/ResultsArchive/incoming/temperature-mixture__5c7a10e2/result/cell_result_gsm8k__q3_l2r_temperature_mixture_5c7a10e2_L2R_PIS-T1_seed1489__L2R_s1489.json,b788c1ce59b777d965aa9328201e08b7b373b923626d6cc34340ce19e5c982f3,research_repository/ResultsArchive/incoming/temperature-mixture__5c7a10e2/result/complete_gsm8k__q3_l2r_temperature_mixture_5c7a10e2_L2R_PIS-T1_seed1489__L2R_s1489.json,7c2248849754e8b6d71af74555ca50f0c3ba2a1213a59e677925d4999c3522bc
q3_l2r_temperature_mixture_5c7a10e2_L2R_PIS-T1_seed1499,5c7a10e2,qwen3-1.7b-base,L2R,1499,gsm8k,3125.8,1,NVIDIA H100 80GB HBM3,0.8682777777777778,631c43f1b221d58145642f219af8c42dea4b3f3dd12026e2386ea4112d78cd9e,research_repository/ResultsArchive/incoming/temperature-mixture__5c7a10e2/result/cell_result_gsm8k__q3_l2r_temperature_mixture_5c7a10e2_L2R_PIS-T1_seed1499__L2R_s1499.json,cf7eaee06bf842d674184c5be29823ad540239fc658239e2947c32adfc94c07a,research_repository/ResultsArchive/incoming/temperature-mixture__5c7a10e2/result/complete_gsm8k__q3_l2r_temperature_mixture_5c7a10e2_L2R_PIS-T1_seed1499__L2R_s1499.json,a1c6c7fb023794672b36481332caaa4c9d4e6fbda0221aca28740df018dd62d5
q3_l2r_temperature_mixture_5c7a10e2_L2R_PIS-T1_seed1511,5c7a10e2,qwen3-1.7b-base,L2R,1511,gsm8k,2862.2,1,NVIDIA H100 80GB HBM3,0.7950555555555555,fe5068dfd20dcbc0552c92046510343824414007c7f3bbba9311f8b6a1899940,research_repository/ResultsArchive/incoming/temperature-mixture__5c7a10e2/result/cell_result_gsm8k__q3_l2r_temperature_mixture_5c7a10e2_L2R_PIS-T1_seed1511__L2R_s1511.json,8209e171ef2ae13becaaacc021f611adee7900b6a39d28cf8d77e1a373db4b0f,research_repository/ResultsArchive/incoming/temperature-mixture__5c7a10e2/result/complete_gsm8k__q3_l2r_temperature_mixture_5c7a10e2_L2R_PIS-T1_seed1511__L2R_s1511.json,119cbfc76e158f8dd844abbf436d7f6e5d768fee6fa38fe9e122d15523ae692e
q3_l2r_temperature_mixture_5c7a10e2_L2R_PIS-T1_seed1523,5c7a10e2,qwen3-1.7b-base,L2R,1523,gsm8k,2685.3,1,NVIDIA H100 80GB HBM3,0.7459166666666667,361704d4f47875478c907ef5159ce5cacee7fe1b760779ee269686eb7fa86c79,research_repository/ResultsArchive/incoming/temperature-mixture__5c7a10e2/result/cell_result_gsm8k__q3_l2r_temperature_mixture_5c7a10e2_L2R_PIS-T1_seed1523__L2R_s1523.json,b12c2fd3ea30ed2e6078b3d045abe6a03e7c48f20feb3e1231d37d3b9e5f1f2b,research_repository/ResultsArchive/incoming/temperature-mixture__5c7a10e2/result/complete_gsm8k__q3_l2r_temperature_mixture_5c7a10e2_L2R_PIS-T1_seed1523__L2R_s1523.json,c8044d89d0e68eacf2494c13e078646d0ef2e2f6bc3d3600491735f31502ac6b
q3_l2r_temperature_mixture_5c7a10e2_L2R_PIS-TMIX1.2_seed1481,5c7a10e2,qwen3-1.7b-base,L2R,1481,gsm8k,2548.4,1,NVIDIA H100 80GB HBM3,0.7078888888888889,c84b3231be65d80b50772af22d019521833a866df9ba673147c5e9308bd3e37e,research_repository/ResultsArchive/incoming/temperature-mixture__5c7a10e2/result/cell_result_gsm8k__q3_l2r_temperature_mixture_5c7a10e2_L2R_PIS-TMIX1.2_seed1481__L2R_s1481.json,5e6410bcc50fa11cbc75f9a96b9f66c63d6ff569a90c37100207d3b866f1fe54,research_repository/ResultsArchive/incoming/temperature-mixture__5c7a10e2/result/complete_gsm8k__q3_l2r_temperature_mixture_5c7a10e2_L2R_PIS-TMIX1.2_seed1481__L2R_s1481.json,928d10c448f0cc0dcd8d032ba8416fce22b2705b9b5836f530e79f8d47e38b87
q3_l2r_temperature_mixture_5c7a10e2_L2R_PIS-TMIX1.2_seed1483,5c7a10e2,qwen3-1.7b-base,L2R,1483,gsm8k,2905.8,1,NVIDIA H100 80GB HBM3,0.8071666666666667,5dad8213c3e74f395b17786f15f384275b4dc0c304cbe78a693405f73ee32939,research_repository/ResultsArchive/incoming/temperature-mixture__5c7a10e2/result/cell_result_gsm8k__q3_l2r_temperature_mixture_5c7a10e2_L2R_PIS-TMIX1.2_seed1483__L2R_s1483.json,40d16b6a031a6b3947f62366c9ecc209d167d95ba6be415f91530da0d8af5af7,research_repository/ResultsArchive/incoming/temperature-mixture__5c7a10e2/result/complete_gsm8k__q3_l2r_temperature_mixture_5c7a10e2_L2R_PIS-TMIX1.2_seed1483__L2R_s1483.json,69f8623c652f4b1edbdae3a9b45649390d714669163b760d1ff686da2687ffaf
q3_l2r_temperature_mixture_5c7a10e2_L2R_PIS-TMIX1.2_seed1487,5c7a10e2,qwen3-1.7b-base,L2R,1487,gsm8k,2711.4,1,NVIDIA H100 80GB HBM3,0.7531666666666667,d9de392f876cb3eae2ae7572ae5c6bc20de342238ef9ff5f77c8cb6772424f23,research_repository/ResultsArchive/incoming/temperature-mixture__5c7a10e2/result/cell_result_gsm8k__q3_l2r_temperature_mixture_5c7a10e2_L2R_PIS-TMIX1.2_seed1487__L2R_s1487.json,e8a9fe72d10bf056499a3b3af013850e661e02e43db4745bd0a3844d32812e6d,research_repository/ResultsArchive/incoming/temperature-mixture__5c7a10e2/result/complete_gsm8k__q3_l2r_temperature_mixture_5c7a10e2_L2R_PIS-TMIX1.2_seed1487__L2R_s1487.json,96e70a1fcd9c5fb7182980fac243a43185f0bbb2dca7726d8c056a2db0cd7527
q3_l2r_temperature_mixture_5c7a10e2_L2R_PIS-TMIX1.2_seed1489,5c7a10e2,qwen3-1.7b-base,L2R,1489,gsm8k,2639.9,1,NVIDIA H100 80GB HBM3,0.7333055555555555,fd59e5a9de0f82fe7699332203f0935883276f40e6b74ca0f964fc07fbe051f7,research_repository/ResultsArchive/incoming/temperature-mixture__5c7a10e2/result/cell_result_gsm8k__q3_l2r_temperature_mixture_5c7a10e2_L2R_PIS-TMIX1.2_seed1489__L2R_s1489.json,2896a154bc7a64e94d305e2132073de9d491af4b713b4e824bfd9ed890a64ae6,research_repository/ResultsArchive/incoming/temperature-mixture__5c7a10e2/result/complete_gsm8k__q3_l2r_temperature_mixture_5c7a10e2_L2R_PIS-TMIX1.2_seed1489__L2R_s1489.json,892b1d1a94c78baca2b67b11f6af65ff927e4c6fedb4b094766a40d1e00f588e
q3_l2r_temperature_mixture_5c7a10e2_L2R_PIS-TMIX1.2_seed1499,5c7a10e2,qwen3-1.7b-base,L2R,1499,gsm8k,2345.1,1,NVIDIA H100 80GB HBM3,0.6514166666666666,8ff11001b92958ddb834facbca8d93c53efbdfdea2d8441bae8938dad62080b5,research_repository/ResultsArchive/incoming/temperature-mixture__5c7a10e2/result/cell_result_gsm8k__q3_l2r_temperature_mixture_5c7a10e2_L2R_PIS-TMIX1.2_seed1499__L2R_s1499.json,0f3cf04be33bec63866e45ae8b4a2adc1203677f5b714c003d8072347dee98ca,research_repository/ResultsArchive/incoming/temperature-mixture__5c7a10e2/result/complete_gsm8k__q3_l2r_temperature_mixture_5c7a10e2_L2R_PIS-TMIX1.2_seed1499__L2R_s1499.json,b84d290435d4b52ce4e2b21ccb91134dcaf614316ce6635ab264ea3b3b90eee1
q3_l2r_temperature_mixture_5c7a10e2_L2R_PIS-TMIX1.2_seed1511,5c7a10e2,qwen3-1.7b-base,L2R,1511,gsm8k,2363.0,1,NVIDIA H100 80GB HBM3,0.6563888888888889,d6d99274187461bece28fe0edc831441f139afe353d3ea7d19926c3ff79e1031,research_repository/ResultsArchive/incoming/temperature-mixture__5c7a10e2/result/cell_result_gsm8k__q3_l2r_temperature_mixture_5c7a10e2_L2R_PIS-TMIX1.2_seed1511__L2R_s1511.json,d8ef079f1ec9f9b7670cfa8b2acd2d4d141332555a48aeb53a8034a6ae851273,research_repository/ResultsArchive/incoming/temperature-mixture__5c7a10e2/result/complete_gsm8k__q3_l2r_temperature_mixture_5c7a10e2_L2R_PIS-TMIX1.2_seed1511__L2R_s1511.json,333646b646c5258837301f0d1c2f6d58464505d7b848477f55d060686f737810
q3_l2r_temperature_mixture_5c7a10e2_L2R_PIS-TMIX1.2_seed1523,5c7a10e2,qwen3-1.7b-base,L2R,1523,gsm8k,2420.4,1,NVIDIA H100 80GB HBM3,0.6723333333333333,d5615c66025fa8e938bb0ca5da97bd3cbae81537952f0f07caf12a87998247e0,research_repository/ResultsArchive/incoming/temperature-mixture__5c7a10e2/result/cell_result_gsm8k__q3_l2r_temperature_mixture_5c7a10e2_L2R_PIS-TMIX1.2_seed1523__L2R_s1523.json,ed4881e89f1a82ac623f85b9c60a9cd332aa1edecfbc65382a5b14c804d86e91,research_repository/ResultsArchive/incoming/temperature-mixture__5c7a10e2/result/complete_gsm8k__q3_l2r_temperature_mixture_5c7a10e2_L2R_PIS-TMIX1.2_seed1523__L2R_s1523.json,d31ff1febc8d8edfe13db755ff5a0e0d9b2f2ac11579b5bc6712f0aa02e1d0a9
q3_l2r_two_witness_c6e2b5a4_AC-ALG1_PIS-U2_seed353,c6e2b5a4,qwen3-1.7b-base,AC-ALG1,353,gsm8k,1981.0,1,NVIDIA H100 80GB HBM3,0.5502777777777778,e7882f7fe557e1b61773e12182b425174403232b9a6df6eb3f997f3c3f581abd,research_repository/ResultsArchive/incoming/two-witness-pilot__c6e2b5a4/artifacts/cell_result_gsm8k__q3_l2r_two_witness_c6e2b5a4_AC-ALG1_PIS-U2_seed353__AC-ALG1_s353.json,2ae58fc0f66b718966e8f9bbbf8fe4910fd6ef6a3532318dd9544e1d3784efb7,research_repository/ResultsArchive/incoming/two-witness-pilot__c6e2b5a4/artifacts/complete_gsm8k__q3_l2r_two_witness_c6e2b5a4_AC-ALG1_PIS-U2_seed353__AC-ALG1_s353.json,6f6e436f9b6eeb4d6593d5cfd779758f8db1ff8dddcd1d5efda13946bf9a683f
q3_l2r_two_witness_c6e2b5a4_AC-ALG1_PIS-U2_seed359,c6e2b5a4,qwen3-1.7b-base,AC-ALG1,359,gsm8k,2070.0,1,NVIDIA H100 80GB HBM3,0.575,b26207c59a996a220d9ae3be5a9c81f6684dc6f2830adbeb2970358638906356,research_repository/ResultsArchive/incoming/two-witness-pilot__c6e2b5a4/artifacts/cell_result_gsm8k__q3_l2r_two_witness_c6e2b5a4_AC-ALG1_PIS-U2_seed359__AC-ALG1_s359.json,b6beb896fef3fac22cff96ceeb32e4ad37a1a8f66a25ed81c35bc1f33a6ca900,research_repository/ResultsArchive/incoming/two-witness-pilot__c6e2b5a4/artifacts/complete_gsm8k__q3_l2r_two_witness_c6e2b5a4_AC-ALG1_PIS-U2_seed359__AC-ALG1_s359.json,34c485b678dae7539eec8b74a700a36793059178e257bbe7c7e31341ec1c011c
q3_l2r_two_witness_c6e2b5a4_AC-ALG1_PIS-U2_seed367,c6e2b5a4,qwen3-1.7b-base,AC-ALG1,367,gsm8k,2462.4,1,NVIDIA H100 80GB HBM3,0.684,21590f3386695b1e2f78c0ca5e8d1e4db9480e823cc16a304e640ef5119eede0,research_repository/ResultsArchive/incoming/two-witness-pilot__c6e2b5a4/artifacts/cell_result_gsm8k__q3_l2r_two_witness_c6e2b5a4_AC-ALG1_PIS-U2_seed367__AC-ALG1_s367.json,acce2fc86555346bda895981cd09ff61f19b2aaca174d4e4c79ea7b8a8b942d7,research_repository/ResultsArchive/incoming/two-witness-pilot__c6e2b5a4/artifacts/complete_gsm8k__q3_l2r_two_witness_c6e2b5a4_AC-ALG1_PIS-U2_seed367__AC-ALG1_s367.json,f72c920a7eeb583cfacdddd76d61e97d0702c41d4c964dcd707aec1772bab71f
q3_l2r_two_witness_c6e2b5a4_AC-ALG1_PIS-U4_seed353,c6e2b5a4,qwen3-1.7b-base,AC-ALG1,353,gsm8k,2199.1,1,NVIDIA H100 80GB HBM3,0.6108611111111111,9df961f99e17700a5f5510e0dd18c1dcf48b967e87edfd90c547ca453f0b0d62,research_repository/ResultsArchive/incoming/two-witness-pilot__c6e2b5a4/artifacts/cell_result_gsm8k__q3_l2r_two_witness_c6e2b5a4_AC-ALG1_PIS-U4_seed353__AC-ALG1_s353.json,a2553c45854d720eb6af53479881634a530cb8be2bcb66589b386229f1cfa599,research_repository/ResultsArchive/incoming/two-witness-pilot__c6e2b5a4/artifacts/complete_gsm8k__q3_l2r_two_witness_c6e2b5a4_AC-ALG1_PIS-U4_seed353__AC-ALG1_s353.json,b5ee9580ce729dcde7f9cc02df4fe9b691d9ed1a95ca382363912a3ea06b2612
q3_l2r_two_witness_c6e2b5a4_AC-ALG1_PIS-U4_seed359,c6e2b5a4,qwen3-1.7b-base,AC-ALG1,359,gsm8k,2356.8,1,NVIDIA H100 80GB HBM3,0.6546666666666667,6284c2bedb3b715e85676e719b19b5bee3a3ac9988540e618901a19e5307d872,research_repository/ResultsArchive/incoming/two-witness-pilot__c6e2b5a4/artifacts/cell_result_gsm8k__q3_l2r_two_witness_c6e2b5a4_AC-ALG1_PIS-U4_seed359__AC-ALG1_s359.json,fff97123f72512c912c907eaffcd2169d2060159750b4c2d9b7e710980d77e36,research_repository/ResultsArchive/incoming/two-witness-pilot__c6e2b5a4/artifacts/complete_gsm8k__q3_l2r_two_witness_c6e2b5a4_AC-ALG1_PIS-U4_seed359__AC-ALG1_s359.json,a5704926a1f2dbb10443ee2a84bd0c7afc8853524631dcb5af85574ecfb29f3e
q3_l2r_two_witness_c6e2b5a4_AC-ALG1_PIS-U4_seed367,c6e2b5a4,qwen3-1.7b-base,AC-ALG1,367,gsm8k,2459.7,1,NVIDIA H100 80GB HBM3,0.6832499999999999,f8971dc5312d7c33ed64fe0075772be062a18d1e0120d98ae39f710a538919d2,research_repository/ResultsArchive/incoming/two-witness-pilot__c6e2b5a4/artifacts/cell_result_gsm8k__q3_l2r_two_witness_c6e2b5a4_AC-ALG1_PIS-U4_seed367__AC-ALG1_s367.json,80574519f51e3a90ee5d2affaa10b8f54a6b52c6fa2f29abe6020acd0aa4db3d,research_repository/ResultsArchive/incoming/two-witness-pilot__c6e2b5a4/artifacts/complete_gsm8k__q3_l2r_two_witness_c6e2b5a4_AC-ALG1_PIS-U4_seed367__AC-ALG1_s367.json,e5d10955bd6e3543f3f9ced0585eed222c48d062cbfa5d6c71d1dfe6907ede1c
q3_l2r_two_witness_c6e2b5a4_AC-ALG1_WITNESS-U2_seed353,c6e2b5a4,qwen3-1.7b-base,AC-ALG1,353,gsm8k,2013.3,1,NVIDIA H100 80GB HBM3,0.55925,cd6562d995727d473d65d85af306ab934518e1f13ac3596abfb94fb6272fc31e,research_repository/ResultsArchive/incoming/two-witness-pilot__c6e2b5a4/artifacts/cell_result_gsm8k__q3_l2r_two_witness_c6e2b5a4_AC-ALG1_WITNESS-U2_seed353__AC-ALG1_s353.json,22d5de049a8d08355d76f581f928aea51537b8b5b040280ef4149775b20b0df0,research_repository/ResultsArchive/incoming/two-witness-pilot__c6e2b5a4/artifacts/complete_gsm8k__q3_l2r_two_witness_c6e2b5a4_AC-ALG1_WITNESS-U2_seed353__AC-ALG1_s353.json,a6456da172f208f53659c9693ad1bd839901cbc01091beda251a6a308c40f05d
q3_l2r_two_witness_c6e2b5a4_AC-ALG1_WITNESS-U2_seed359,c6e2b5a4,qwen3-1.7b-base,AC-ALG1,359,gsm8k,1933.0,1,NVIDIA H100 80GB HBM3,0.5369444444444444,61593c82ac39fd7364878e7827689681d50f8f2589a60eb180d46144af55f14d,research_repository/ResultsArchive/incoming/two-witness-pilot__c6e2b5a4/artifacts/cell_result_gsm8k__q3_l2r_two_witness_c6e2b5a4_AC-ALG1_WITNESS-U2_seed359__AC-ALG1_s359.json,1c88c2d61c6845273d103eebda194f10bca32d18b134801039eee64708ead7c3,research_repository/ResultsArchive/incoming/two-witness-pilot__c6e2b5a4/artifacts/complete_gsm8k__q3_l2r_two_witness_c6e2b5a4_AC-ALG1_WITNESS-U2_seed359__AC-ALG1_s359.json,0a916cdb4eb00a43da84b4face865d1dffbae766988d7675d417c75b46d7db21
q3_l2r_two_witness_c6e2b5a4_AC-ALG1_WITNESS-U2_seed367,c6e2b5a4,qwen3-1.7b-base,AC-ALG1,367,gsm8k,2370.3,1,NVIDIA H100 80GB HBM3,0.6584166666666668,4d04c1f3dc9f4da0eae0f432d17bc1300234f882aa5d04f3eb4c98826f62e435,research_repository/ResultsArchive/incoming/two-witness-pilot__c6e2b5a4/artifacts/cell_result_gsm8k__q3_l2r_two_witness_c6e2b5a4_AC-ALG1_WITNESS-U2_seed367__AC-ALG1_s367.json,7fd0d688827293437d60ebd8168baf4afb940b857bd38edf20dfe9fefdf4866b,research_repository/ResultsArchive/incoming/two-witness-pilot__c6e2b5a4/artifacts/complete_gsm8k__q3_l2r_two_witness_c6e2b5a4_AC-ALG1_WITNESS-U2_seed367__AC-ALG1_s367.json,0aad1386bae99b17f952c2769cce5666a8f567fcf877b6d4cdcc9c490ce9075b
q3_l2r_two_witness_c6e2b5a4_AC-ALG1_WITNESS-U4_seed353,c6e2b5a4,qwen3-1.7b-base,AC-ALG1,353,gsm8k,2451.2,1,NVIDIA H100 80GB HBM3,0.6808888888888889,e02041d2cd4ebba55d4de2ee0e37d6e828f1d15399ddfe5fec6a35ec87fa4b33,research_repository/ResultsArchive/incoming/two-witness-pilot__c6e2b5a4/artifacts/cell_result_gsm8k__q3_l2r_two_witness_c6e2b5a4_AC-ALG1_WITNESS-U4_seed353__AC-ALG1_s353.json,16058aed74f0e37a958c4cde15418eafbf03cd3f22e68156f9a0c7ae6a67acfa,research_repository/ResultsArchive/incoming/two-witness-pilot__c6e2b5a4/artifacts/complete_gsm8k__q3_l2r_two_witness_c6e2b5a4_AC-ALG1_WITNESS-U4_seed353__AC-ALG1_s353.json,2f577bc032e094c595536c82f37add3e2f3a241184455514848d3bc1834fe882
q3_l2r_two_witness_c6e2b5a4_AC-ALG1_WITNESS-U4_seed359,c6e2b5a4,qwen3-1.7b-base,AC-ALG1,359,gsm8k,2091.3,1,NVIDIA H100 80GB HBM3,0.5809166666666667,0a473aafb79f2ce441fa00a2ec51fb2464dd973b8ec75fd5bc6eb44478e68b2c,research_repository/ResultsArchive/incoming/two-witness-pilot__c6e2b5a4/artifacts/cell_result_gsm8k__q3_l2r_two_witness_c6e2b5a4_AC-ALG1_WITNESS-U4_seed359__AC-ALG1_s359.json,5b534fc4e8637065a21131b1945c83b37efeb4c3df27c69772edc3bc2ffc9422,research_repository/ResultsArchive/incoming/two-witness-pilot__c6e2b5a4/artifacts/complete_gsm8k__q3_l2r_two_witness_c6e2b5a4_AC-ALG1_WITNESS-U4_seed359__AC-ALG1_s359.json,9916bc053e92da656d2dfcff30b12d714edfb41bebe264bcfd9c3737c9cbff15
q3_l2r_two_witness_c6e2b5a4_AC-ALG1_WITNESS-U4_seed367,c6e2b5a4,qwen3-1.7b-base,AC-ALG1,367,gsm8k,2361.6,1,NVIDIA H100 80GB HBM3,0.656,802b0e66ec14aa4250c73f89c7470ad17259db6c6a1d3b2db47836a24bba47e4,research_repository/ResultsArchive/incoming/two-witness-pilot__c6e2b5a4/artifacts/cell_result_gsm8k__q3_l2r_two_witness_c6e2b5a4_AC-ALG1_WITNESS-U4_seed367__AC-ALG1_s367.json,184ca0c34b919abb379a255aa9f7f36800483c2756c6758bd60a8a1ebc08ce12,research_repository/ResultsArchive/incoming/two-witness-pilot__c6e2b5a4/artifacts/complete_gsm8k__q3_l2r_two_witness_c6e2b5a4_AC-ALG1_WITNESS-U4_seed367__AC-ALG1_s367.json,bb689e0eb9af275cf3740e31b32adf17dd4d485869a940e599c3787ed689afa6
q3_l2r_two_witness_c6e2b5a4_base_CTRL-base_seed353,c6e2b5a4,qwen3-1.7b-base,base,353,gsm8k,365.8,1,NVIDIA H100 80GB HBM3,0.10161111111111111,3051293fdcc8037a32c2e1d0b3fc3ddfcea6d40d4aa267b71357373c19caeb01,research_repository/ResultsArchive/incoming/two-witness-pilot__c6e2b5a4/artifacts/cell_result_gsm8k__q3_l2r_two_witness_c6e2b5a4_base_CTRL-base_seed353__base_s353.json,0104c76af14b8ea529535676bc34f2193b8b898fdfca99d62943f1c133db2ef0,research_repository/ResultsArchive/incoming/two-witness-pilot__c6e2b5a4/artifacts/complete_gsm8k__q3_l2r_two_witness_c6e2b5a4_base_CTRL-base_seed353__base_s353.json,8881ca9308f45355861e24b2d2dac9648fac21d9ba2ff7db8815564fe09ae764
q3_l2r_two_witness_c6e2b5a4_base_CTRL-base_seed359,c6e2b5a4,qwen3-1.7b-base,base,359,gsm8k,318.2,1,NVIDIA H100 80GB HBM3,0.08838888888888889,53851972da3282df086e034e06791ae73ecd6e33b48ad7dcaffe268a9344070b,research_repository/ResultsArchive/incoming/two-witness-pilot__c6e2b5a4/artifacts/cell_result_gsm8k__q3_l2r_two_witness_c6e2b5a4_base_CTRL-base_seed359__base_s359.json,bc81a95a9cbdb8e022c41d042c82e4cd6e7daf64c9967f1b794dfe996bab01a7,research_repository/ResultsArchive/incoming/two-witness-pilot__c6e2b5a4/artifacts/complete_gsm8k__q3_l2r_two_witness_c6e2b5a4_base_CTRL-base_seed359__base_s359.json,36e7ef22234694077711a8d92a55805206e8f69f99cecb0cb10179894bea5db7
q3_l2r_two_witness_c6e2b5a4_base_CTRL-base_seed367,c6e2b5a4,qwen3-1.7b-base,base,367,gsm8k,386.5,1,NVIDIA H100 80GB HBM3,0.10736111111111112,c4b13a60a28dc14fb1cec2b6f7f3ebe04eb0a9d7c8be1ede807d54065e7355bb,research_repository/ResultsArchive/incoming/two-witness-pilot__c6e2b5a4/artifacts/cell_result_gsm8k__q3_l2r_two_witness_c6e2b5a4_base_CTRL-base_seed367__base_s367.json,4b31544aed7b99948a94248ba145f43f04bcab3b118f54708b885baebde02846,research_repository/ResultsArchive/incoming/two-witness-pilot__c6e2b5a4/artifacts/complete_gsm8k__q3_l2r_two_witness_c6e2b5a4_base_CTRL-base_seed367__base_s367.json,17ca7ab6b7853c0bd9c93de01ac4822822d224ab5d497f7df277191bdb1e7063
q3_prompt_paths_5ad4dd9d_GRPO_GRPO-AD_seed31,5ad4dd9d,qwen3-1.7b-base,GRPO,31,gsm8k,3218.3,1,NVIDIA H100 80GB HBM3,0.8939722222222223,4fe4fed695d515ca5c253624fdb756ea110e664924fa6d92cfad92483d323dfe,saved_archive/20260803T_beaker_reconciliation/qwen3-prompt-information-paths__5ad4dd9d/cell_result_gsm8k__q3_prompt_paths_5ad4dd9d_GRPO_GRPO-AD_seed31__GRPO_s31.json,7bfb7b4f148ffc2b471671082f42e7654bfaa6a23b8773dddc8f4c443843d4fb,saved_archive/20260803T_beaker_reconciliation/qwen3-prompt-information-paths__5ad4dd9d/complete_gsm8k__q3_prompt_paths_5ad4dd9d_GRPO_GRPO-AD_seed31__GRPO_s31.json,24b2d87982429fcd3a3ce229a5e96ebd1f3170ac4c820e204c1358eb31ccdb62
q3_prompt_paths_5ad4dd9d_GRPO_GRPO-AD_seed47,5ad4dd9d,qwen3-1.7b-base,GRPO,47,gsm8k,3446.8,1,NVIDIA H100 80GB HBM3,0.9574444444444445,0681a8ccd1579de8cfc8c8d6c5c3c634cd12cf0f008bd7ebc07c0542f0b702cf,saved_archive/20260803T_beaker_reconciliation/qwen3-prompt-information-paths__5ad4dd9d/cell_result_gsm8k__q3_prompt_paths_5ad4dd9d_GRPO_GRPO-AD_seed47__GRPO_s47.json,0b650a2fd3fc02ef57e0bb6d68ef579d0c740faa359ef89e2881075313d7db48,saved_archive/20260803T_beaker_reconciliation/qwen3-prompt-information-paths__5ad4dd9d/complete_gsm8k__q3_prompt_paths_5ad4dd9d_GRPO_GRPO-AD_seed47__GRPO_s47.json,5ae1284c38b26905e0228581fa4ac95864b439fb94a4532d404648a39217cf5e
q3_prompt_paths_5ad4dd9d_GRPO_GRPO-AD_seed73,5ad4dd9d,qwen3-1.7b-base,GRPO,73,gsm8k,3185.1,1,NVIDIA H100 80GB HBM3,0.8847499999999999,d5cd6ae7a588a8ac67eacc10fba108dd4c32be258be88827e3c2df56bd595de5,saved_archive/20260803T_beaker_reconciliation/qwen3-prompt-information-paths__5ad4dd9d/cell_result_gsm8k__q3_prompt_paths_5ad4dd9d_GRPO_GRPO-AD_seed73__GRPO_s73.json,44b19e6c89a16d8cbc2d1a0ed157647c0d34462786da4f6a7ac12fc46f63484e,saved_archive/20260803T_beaker_reconciliation/qwen3-prompt-information-paths__5ad4dd9d/complete_gsm8k__q3_prompt_paths_5ad4dd9d_GRPO_GRPO-AD_seed73__GRPO_s73.json,489e7216f084f64ed43b8894ee67bdf3722ffa0b9334edb768660dda10e3cc43
q3_prompt_paths_5ad4dd9d_RLOO_RLOO-AD_seed31,5ad4dd9d,qwen3-1.7b-base,RLOO,31,gsm8k,3012.4,1,NVIDIA H100 80GB HBM3,0.8367777777777778,a6a4b177ca80fc321c49830332599a050dd3d8fa9effbe118f2b4c6569c64ff2,saved_archive/20260803T_beaker_reconciliation/qwen3-prompt-information-paths__5ad4dd9d/cell_result_gsm8k__q3_prompt_paths_5ad4dd9d_RLOO_RLOO-AD_seed31__RLOO_s31.json,4200237adac2da0f6a65e5746aacdf7b04cf42b64c2fbbba22a0c06678dd1b09,saved_archive/20260803T_beaker_reconciliation/qwen3-prompt-information-paths__5ad4dd9d/complete_gsm8k__q3_prompt_paths_5ad4dd9d_RLOO_RLOO-AD_seed31__RLOO_s31.json,021c78809ca8ccf46df7149abe934d53c9267c524e8670c88be03b74213cd111
q3_prompt_paths_5ad4dd9d_RLOO_RLOO-AD_seed47,5ad4dd9d,qwen3-1.7b-base,RLOO,47,gsm8k,3078.4,1,NVIDIA H100 80GB HBM3,0.8551111111111112,ce6e9910cfa8d5e599fe6858c80d11c9b95325fee8fe9308ab60ceb701a833f2,saved_archive/20260803T_beaker_reconciliation/qwen3-prompt-information-paths__5ad4dd9d/cell_result_gsm8k__q3_prompt_paths_5ad4dd9d_RLOO_RLOO-AD_seed47__RLOO_s47.json,0cdfc75ae484166ff6fb42e89944e66238fa5457a97cd4a29150ded30119ec52,saved_archive/20260803T_beaker_reconciliation/qwen3-prompt-information-paths__5ad4dd9d/complete_gsm8k__q3_prompt_paths_5ad4dd9d_RLOO_RLOO-AD_seed47__RLOO_s47.json,74bdc9ccb2af847ff794da61598d2eb88277147f18b7473c20f2427c38a874fc
q3_prompt_paths_5ad4dd9d_RLOO_RLOO-AD_seed73,5ad4dd9d,qwen3-1.7b-base,RLOO,73,gsm8k,3106.6,1,NVIDIA H100 80GB HBM3,0.8629444444444444,666dcdca065824855cc295dfff72861d05c430c2c6a5e358010e05ace7fc3ecb,saved_archive/20260803T_beaker_reconciliation/qwen3-prompt-information-paths__5ad4dd9d/cell_result_gsm8k__q3_prompt_paths_5ad4dd9d_RLOO_RLOO-AD_seed73__RLOO_s73.json,0faf8ac378045f823740a23036f2ddab46198c6f5b3d0ff7b7b83fd3160d535f,saved_archive/20260803T_beaker_reconciliation/qwen3-prompt-information-paths__5ad4dd9d/complete_gsm8k__q3_prompt_paths_5ad4dd9d_RLOO_RLOO-AD_seed73__RLOO_s73.json,cb0840af1768e84ba4256406905041e4745eada388543659d0e35b89a4befd81
q3_prompt_paths_5ad4dd9d_base_BASE-AD_seed31,5ad4dd9d,qwen3-1.7b-base,base,31,gsm8k,122.3,1,NVIDIA H100 80GB HBM3,0.03397222222222222,3d3d60537714ef78623798b633d42e01ec1bd6ae6803f69e36c8d0d2294dd24f,saved_archive/20260803T_beaker_reconciliation/qwen3-prompt-information-paths__5ad4dd9d/cell_result_gsm8k__q3_prompt_paths_5ad4dd9d_base_BASE-AD_seed31__base_s31.json,436722ff2c5c75cf84c91c6224f79b117048aa1e311174e148a628f6265fd005,saved_archive/20260803T_beaker_reconciliation/qwen3-prompt-information-paths__5ad4dd9d/complete_gsm8k__q3_prompt_paths_5ad4dd9d_base_BASE-AD_seed31__base_s31.json,7191b904ff00667eb3328abd40d6ce833e926edba6c52831d772a581105d61a9
q3_prompt_paths_5ad4dd9d_base_BASE-AD_seed47,5ad4dd9d,qwen3-1.7b-base,base,47,gsm8k,131.4,1,NVIDIA H100 80GB HBM3,0.036500000000000005,d08efb12765083b133654dbab8293abd45ffc609c5ce8a7b1a22599029d313fe,saved_archive/20260803T_beaker_reconciliation/qwen3-prompt-information-paths__5ad4dd9d/cell_result_gsm8k__q3_prompt_paths_5ad4dd9d_base_BASE-AD_seed47__base_s47.json,fbd78280f7d716ee9bac9e65337c07178313fc1c35b24f95e73dec30d62c9e2a,saved_archive/20260803T_beaker_reconciliation/qwen3-prompt-information-paths__5ad4dd9d/complete_gsm8k__q3_prompt_paths_5ad4dd9d_base_BASE-AD_seed47__base_s47.json,4b7f6faf2e0cbfa57cf2d406479af570b5c8799dd6ebaafcf13b8c5e866216c9
q3_prompt_paths_5ad4dd9d_base_BASE-AD_seed73,5ad4dd9d,qwen3-1.7b-base,base,73,gsm8k,138.7,1,NVIDIA H100 80GB HBM3,0.03852777777777777,284cb2810e9347c69ce88426d55598e58de05530e01921dab946167f863de01f,saved_archive/20260803T_beaker_reconciliation/qwen3-prompt-information-paths__5ad4dd9d/cell_result_gsm8k__q3_prompt_paths_5ad4dd9d_base_BASE-AD_seed73__base_s73.json,35cb2b12e760524ae7bbe27878b8371b95b377c18b3ed5250c6a61bc957ad92a,saved_archive/20260803T_beaker_reconciliation/qwen3-prompt-information-paths__5ad4dd9d/complete_gsm8k__q3_prompt_paths_5ad4dd9d_base_BASE-AD_seed73__base_s73.json,8af75497e0ea2d7d6d5b845ddc0616d7d64ebc5423f082cd1e7715eee0f70d40
q3_prompt_q5q_retry_e5754f6d_AC-ALG1_Q5-Q_seed31,e5754f6d,qwen3-1.7b-base,AC-ALG1,31,gsm8k,3446.7,1,NVIDIA H100 80GB HBM3,0.9574166666666666,79020fc605517148cd4c9d4f9895615edcbe0b8fe61fb9eaee917b18f6a5a948,saved_archive/20260803T165425Z__qwen3_prompt_q5_question_retry_e5754f6d/artifacts/cell_result_gsm8k__q3_prompt_q5q_retry_e5754f6d_AC-ALG1_Q5-Q_seed31__AC-ALG1_s31.json,6fafaf2ed0cb6fd6be9d44fb4ae6b7db2aad6a0e6b3ee37d121d1d34a0a2a419,saved_archive/20260803T165425Z__qwen3_prompt_q5_question_retry_e5754f6d/artifacts/complete_gsm8k__q3_prompt_q5q_retry_e5754f6d_AC-ALG1_Q5-Q_seed31__AC-ALG1_s31.json,356c34ab9885e5b6d731ea3b171588cf659c03bb1588dbcc12ae4db65586c75a
q3_prompt_q5q_retry_e5754f6d_AC-ALG1_Q5-Q_seed47,e5754f6d,qwen3-1.7b-base,AC-ALG1,47,gsm8k,3310.3,1,NVIDIA H100 80GB HBM3,0.9195277777777778,e61e2b08fdc59f4d73daa8f5a6ee322398be000ae31e4517f8d6fedce960130c,saved_archive/20260803T165425Z__qwen3_prompt_q5_question_retry_e5754f6d/artifacts/cell_result_gsm8k__q3_prompt_q5q_retry_e5754f6d_AC-ALG1_Q5-Q_seed47__AC-ALG1_s47.json,3c3850c191dec63bb9041f034a7b8f30f98e1dc54b864d6d41118e77c479093d,saved_archive/20260803T165425Z__qwen3_prompt_q5_question_retry_e5754f6d/artifacts/complete_gsm8k__q3_prompt_q5q_retry_e5754f6d_AC-ALG1_Q5-Q_seed47__AC-ALG1_s47.json,97c0f51e71a682ef823b056ac68949f90930946ac3153c634d1348c908543e49
q3_prompt_q5q_retry_e5754f6d_AC-ALG1_Q5-Q_seed73,e5754f6d,qwen3-1.7b-base,AC-ALG1,73,gsm8k,3087.3,1,NVIDIA H100 80GB HBM3,0.8575833333333334,dbb82ba40383dfeb32b8e142835804556a1b4fe5a0caf6a1576f17799176ec96,saved_archive/20260803T165425Z__qwen3_prompt_q5_question_retry_e5754f6d/artifacts/cell_result_gsm8k__q3_prompt_q5q_retry_e5754f6d_AC-ALG1_Q5-Q_seed73__AC-ALG1_s73.json,82829ed1e3d52f39a9b13dd907468e542dcaa21632a1ca8d674a05143247ed85,saved_archive/20260803T165425Z__qwen3_prompt_q5_question_retry_e5754f6d/artifacts/complete_gsm8k__q3_prompt_q5q_retry_e5754f6d_AC-ALG1_Q5-Q_seed73__AC-ALG1_s73.json,a77be5c72773475ee3cdb834c123269355f65a509c3b60f6e66da05bb7dc716f
q3_q5_low_lr_1c8f4b2e_AC-ALG1_Q5-LR10_seed1321,1c8f4b2e,qwen3-1.7b-base,AC-ALG1,1321,gsm8k,1969.2,1,NVIDIA H100 80GB HBM3,0.547,0ce2b692ffe9b1175ce4effe16ab7aeed03f8508b5edde14153193327db3a015,research_repository/ResultsArchive/incoming/q5-low-lr-pilot__1c8f4b2e/cell_result_gsm8k__q3_q5_low_lr_1c8f4b2e_AC-ALG1_Q5-LR10_seed1321__AC-ALG1_s1321.json,b26d50dad8a588fffd8b80e1235da440931ebffd971f29798a11228dbdb8a353,research_repository/ResultsArchive/incoming/q5-low-lr-pilot__1c8f4b2e/complete_gsm8k__q3_q5_low_lr_1c8f4b2e_AC-ALG1_Q5-LR10_seed1321__AC-ALG1_s1321.json,aa3fab2060ed3ccacbb1b7faaf60e526433f92413bc87cce85692b6608a458cf
q3_q5_low_lr_1c8f4b2e_AC-ALG1_Q5-LR10_seed1327,1c8f4b2e,qwen3-1.7b-base,AC-ALG1,1327,gsm8k,1959.3,1,NVIDIA H100 80GB HBM3,0.54425,c5f00c39797f9e087509f580e1a303119bcf8b9ba41ceb412f085c04768a3b14,research_repository/ResultsArchive/incoming/q5-low-lr-pilot__1c8f4b2e/cell_result_gsm8k__q3_q5_low_lr_1c8f4b2e_AC-ALG1_Q5-LR10_seed1327__AC-ALG1_s1327.json,d21d0e356b62c86768f0158666ee00cc26abfa6a8b80e007243d8465fde6705c,research_repository/ResultsArchive/incoming/q5-low-lr-pilot__1c8f4b2e/complete_gsm8k__q3_q5_low_lr_1c8f4b2e_AC-ALG1_Q5-LR10_seed1327__AC-ALG1_s1327.json,b13842b9254bf5c5c427ff04d59431b3572239671c8f0d10030c381587bef475
q3_q5_low_lr_1c8f4b2e_AC-ALG1_Q5-LR10_seed1361,1c8f4b2e,qwen3-1.7b-base,AC-ALG1,1361,gsm8k,2879.4,1,NVIDIA H100 80GB HBM3,0.7998333333333334,53b77f1b65d89a518bdc73ef7f2d6993f66942fc892c338af191617bc672dae0,research_repository/ResultsArchive/incoming/q5-low-lr-pilot__1c8f4b2e/cell_result_gsm8k__q3_q5_low_lr_1c8f4b2e_AC-ALG1_Q5-LR10_seed1361__AC-ALG1_s1361.json,51860c2143baad95d0810880c5bf0c99720adb6d9d17f5a44cd6c54685b83bc0,research_repository/ResultsArchive/incoming/q5-low-lr-pilot__1c8f4b2e/complete_gsm8k__q3_q5_low_lr_1c8f4b2e_AC-ALG1_Q5-LR10_seed1361__AC-ALG1_s1361.json,a76075d5de18145379e46f02f4b1d29765e10c0d7f9015ee4de0162402ba0d9f
q3_q5_low_lr_1c8f4b2e_AC-ALG1_Q5-LR10_seed1367,1c8f4b2e,qwen3-1.7b-base,AC-ALG1,1367,gsm8k,2720.6,1,NVIDIA H100 80GB HBM3,0.7557222222222222,f5c695632c1562a0fc2c1d42b60cf8b5c51f3f47a468058ff4c8bc612eefc7f3,research_repository/ResultsArchive/incoming/q5-low-lr-pilot__1c8f4b2e/cell_result_gsm8k__q3_q5_low_lr_1c8f4b2e_AC-ALG1_Q5-LR10_seed1367__AC-ALG1_s1367.json,30d756714f8693b1a24466c7ec98ba023a0e648a7de0d085132e9b68ea4bc47a,research_repository/ResultsArchive/incoming/q5-low-lr-pilot__1c8f4b2e/complete_gsm8k__q3_q5_low_lr_1c8f4b2e_AC-ALG1_Q5-LR10_seed1367__AC-ALG1_s1367.json,7985611fb2a1119b667a0b7cee7aaa96ad186c0b726c8b1779af76f137f6511b
q3_q5_low_lr_1c8f4b2e_AC-ALG1_Q5-LR10_seed1373,1c8f4b2e,qwen3-1.7b-base,AC-ALG1,1373,gsm8k,2722.4,1,NVIDIA H100 80GB HBM3,0.7562222222222222,b6ac789b119983fbde4fff0231b32f3a59f368ca56531397cecd80aa4b8e6041,research_repository/ResultsArchive/incoming/q5-low-lr-pilot__1c8f4b2e/cell_result_gsm8k__q3_q5_low_lr_1c8f4b2e_AC-ALG1_Q5-LR10_seed1373__AC-ALG1_s1373.json,7588ad78d27fdb818051883ee63f009e14bffd6922ec4bd360893a02dc9ffb07,research_repository/ResultsArchive/incoming/q5-low-lr-pilot__1c8f4b2e/complete_gsm8k__q3_q5_low_lr_1c8f4b2e_AC-ALG1_Q5-LR10_seed1373__AC-ALG1_s1373.json,0de26bebd7fc387c79cfe7868015fc015f2d57824a136e675a42a06b97a408a7
q3_q5_low_lr_1c8f4b2e_AC-ALG1_Q5-LR3_seed1321,1c8f4b2e,qwen3-1.7b-base,AC-ALG1,1321,gsm8k,1990.7,1,NVIDIA H100 80GB HBM3,0.5529722222222222,3b53e72a50aa8ba9ba0409215467ee6dee618ad8e7dd2f8e5cba6db7ce70f36b,research_repository/ResultsArchive/incoming/q5-low-lr-pilot__1c8f4b2e/cell_result_gsm8k__q3_q5_low_lr_1c8f4b2e_AC-ALG1_Q5-LR3_seed1321__AC-ALG1_s1321.json,6dd90460dcf3a0bda3307705b9de4b152dd8f6c63762d2b0d318c0a04e771d03,research_repository/ResultsArchive/incoming/q5-low-lr-pilot__1c8f4b2e/complete_gsm8k__q3_q5_low_lr_1c8f4b2e_AC-ALG1_Q5-LR3_seed1321__AC-ALG1_s1321.json,dee474e196c31998f3dbe14157d92040164cdf1be30252b77f72e16bf3670ff9
q3_q5_low_lr_1c8f4b2e_AC-ALG1_Q5-LR3_seed1327,1c8f4b2e,qwen3-1.7b-base,AC-ALG1,1327,gsm8k,1977.5,1,NVIDIA H100 80GB HBM3,0.5493055555555556,c699395a8ddb076bf8736fd0cc53860cce23b5651fa8bf80b624edf064a1dd6e,research_repository/ResultsArchive/incoming/q5-low-lr-pilot__1c8f4b2e/cell_result_gsm8k__q3_q5_low_lr_1c8f4b2e_AC-ALG1_Q5-LR3_seed1327__AC-ALG1_s1327.json,b6f2dcbe6d718db783fc861da65d3d74d86495ae0b19e3973d37d3bcb96ae87e,research_repository/ResultsArchive/incoming/q5-low-lr-pilot__1c8f4b2e/complete_gsm8k__q3_q5_low_lr_1c8f4b2e_AC-ALG1_Q5-LR3_seed1327__AC-ALG1_s1327.json,8169edec91b1fee9bbaaa5d21e9f2291e5faa0fb11573dd619b8ed552cd3d245
q3_q5_low_lr_1c8f4b2e_AC-ALG1_Q5-LR3_seed1361,1c8f4b2e,qwen3-1.7b-base,AC-ALG1,1361,gsm8k,2125.0,1,NVIDIA H100 80GB HBM3,0.5902777777777778,4e49a0964704a8a242c25861f37ebf8c71ec08fea66d517219e1cd886849ece3,research_repository/ResultsArchive/incoming/q5-low-lr-pilot__1c8f4b2e/cell_result_gsm8k__q3_q5_low_lr_1c8f4b2e_AC-ALG1_Q5-LR3_seed1361__AC-ALG1_s1361.json,9cd1b53eb39ecb3c5e00503e107f4b5fed44d96dd9b6c4f79833f76ce3cc625d,research_repository/ResultsArchive/incoming/q5-low-lr-pilot__1c8f4b2e/complete_gsm8k__q3_q5_low_lr_1c8f4b2e_AC-ALG1_Q5-LR3_seed1361__AC-ALG1_s1361.json,ef718b73f79b208720a1f2b94971ca342632cde1baecb6648c7da97eafdf6e07
q3_q5_low_lr_1c8f4b2e_AC-ALG1_Q5-LR3_seed1367,1c8f4b2e,qwen3-1.7b-base,AC-ALG1,1367,gsm8k,2104.8,1,NVIDIA H100 80GB HBM3,0.5846666666666667,e22106406f891f3ff38f43b9c344f45d725014bf2535ad77465275c8dcc337f5,research_repository/ResultsArchive/incoming/q5-low-lr-pilot__1c8f4b2e/cell_result_gsm8k__q3_q5_low_lr_1c8f4b2e_AC-ALG1_Q5-LR3_seed1367__AC-ALG1_s1367.json,3dace3275f888ae81782bdef1db9b0f29960b30981095b7c57d26f45104f4924,research_repository/ResultsArchive/incoming/q5-low-lr-pilot__1c8f4b2e/complete_gsm8k__q3_q5_low_lr_1c8f4b2e_AC-ALG1_Q5-LR3_seed1367__AC-ALG1_s1367.json,bd636885f9fa58807f5aa906f5288b018738e7a61c3dd1df2c10656309625fe4
q3_q5_low_lr_1c8f4b2e_AC-ALG1_Q5-LR3_seed1373,1c8f4b2e,qwen3-1.7b-base,AC-ALG1,1373,gsm8k,2079.7,1,NVIDIA H100 80GB HBM3,0.5776944444444444,3c6bff058ab420816bae6e86172dba38b26d655d8d07ef53ce3254b5a20e40bb,research_repository/ResultsArchive/incoming/q5-low-lr-pilot__1c8f4b2e/cell_result_gsm8k__q3_q5_low_lr_1c8f4b2e_AC-ALG1_Q5-LR3_seed1373__AC-ALG1_s1373.json,29160dcea66677879686e2d0de44e7a0216d94eff2e60b29ea27b0cf10377529,research_repository/ResultsArchive/incoming/q5-low-lr-pilot__1c8f4b2e/complete_gsm8k__q3_q5_low_lr_1c8f4b2e_AC-ALG1_Q5-LR3_seed1373__AC-ALG1_s1373.json,dd6cfef5e023c8c045083679d2680f65bd2b36bf157cbb5158525d7ad5cd33e9
q3_q5_support_reallocation_retry_08b9d6a8_AC-ALG1_Q5-BREADTH_seed1301,08b9d6a8,qwen3-1.7b-base,AC-ALG1,1301,gsm8k,2827.5,1,NVIDIA H100 80GB HBM3,0.7854166666666667,753daa55064c618ddfc61acb4e34ad5747e76cb20ba36a34cad40f86fe24bc95,research_repository/ResultsArchive/incoming/q5-support-reallocation-retry__08b9d6a8/cell_result_gsm8k__q3_q5_support_reallocation_retry_08b9d6a8_AC-ALG1_Q5-BREADTH_seed1301__AC-ALG1_s1301.json,cdd4db760043a34b534b30188c27e74fbe09bbe605ed3dde5d44f04a9aa0acb9,research_repository/ResultsArchive/incoming/q5-support-reallocation-retry__08b9d6a8/complete_gsm8k__q3_q5_support_reallocation_retry_08b9d6a8_AC-ALG1_Q5-BREADTH_seed1301__AC-ALG1_s1301.json,8be1257b2395b3ed1bed7e0a5b727d7ea1e857a0dcbec3365c44c61f8dc5099b
q3_q5_support_reallocation_retry_08b9d6a8_AC-ALG1_Q5-BREADTH_seed1303,08b9d6a8,qwen3-1.7b-base,AC-ALG1,1303,gsm8k,2853.2,1,NVIDIA H100 80GB HBM3,0.7925555555555555,49a52e3014e149417d8a74ad57fd227b2e35dfb93631937cbf4c656a2b5f55c2,research_repository/ResultsArchive/incoming/q5-support-reallocation-retry__08b9d6a8/cell_result_gsm8k__q3_q5_support_reallocation_retry_08b9d6a8_AC-ALG1_Q5-BREADTH_seed1303__AC-ALG1_s1303.json,2d40db16bf4d2b55820a697ecfa5ac65e9846e7b5e4aeee7c8b9ee139ae10442,research_repository/ResultsArchive/incoming/q5-support-reallocation-retry__08b9d6a8/complete_gsm8k__q3_q5_support_reallocation_retry_08b9d6a8_AC-ALG1_Q5-BREADTH_seed1303__AC-ALG1_s1303.json,502d80d7c22739fc545190c3d2bc1930402b5edeb9f825a183e15bf2dfcb0f5f
q3_q5_support_reallocation_retry_08b9d6a8_AC-ALG1_Q5-BREADTH_seed1307,08b9d6a8,qwen3-1.7b-base,AC-ALG1,1307,gsm8k,2977.5,1,NVIDIA H100 80GB HBM3,0.8270833333333333,6e0de716945e274c2ecfafe380301561a1713a0ee0f2552fb432ae60029297fc,research_repository/ResultsArchive/incoming/q5-support-reallocation-retry__08b9d6a8/cell_result_gsm8k__q3_q5_support_reallocation_retry_08b9d6a8_AC-ALG1_Q5-BREADTH_seed1307__AC-ALG1_s1307.json,b6134d3049c51cd8094e7581277cffdccfd10babca38778039c1a3f3ac682abf,research_repository/ResultsArchive/incoming/q5-support-reallocation-retry__08b9d6a8/complete_gsm8k__q3_q5_support_reallocation_retry_08b9d6a8_AC-ALG1_Q5-BREADTH_seed1307__AC-ALG1_s1307.json,8eae4504db2ac26ae928076e7c5de57938d3fee1b2c6d00dd78751633003c1b0
q3_q5_support_reallocation_retry_08b9d6a8_AC-ALG1_Q5-DIVERSE_seed1301,08b9d6a8,qwen3-1.7b-base,AC-ALG1,1301,gsm8k,2873.7,1,NVIDIA H100 80GB HBM3,0.7982499999999999,b1370e60f7991d9355848c12a286b66549a273d22e5775b7714a0089ecefb753,research_repository/ResultsArchive/incoming/q5-support-reallocation-retry__08b9d6a8/cell_result_gsm8k__q3_q5_support_reallocation_retry_08b9d6a8_AC-ALG1_Q5-DIVERSE_seed1301__AC-ALG1_s1301.json,ea9b539095614f86ccd723fbce40f8703cb45957da5f6e4e67c2575a7f95d892,research_repository/ResultsArchive/incoming/q5-support-reallocation-retry__08b9d6a8/complete_gsm8k__q3_q5_support_reallocation_retry_08b9d6a8_AC-ALG1_Q5-DIVERSE_seed1301__AC-ALG1_s1301.json,670c5ed08f165f58e5f8605798f202fe4a90a34cba62c61cd7a6827359e5c19d
q3_q5_support_reallocation_retry_08b9d6a8_AC-ALG1_Q5-DIVERSE_seed1303,08b9d6a8,qwen3-1.7b-base,AC-ALG1,1303,gsm8k,2592.4,1,NVIDIA H100 80GB HBM3,0.7201111111111111,6d5215601a9ea8fb6a6fe8eb0692560fa72e3b092fdc0a01be1dba32427cabec,research_repository/ResultsArchive/incoming/q5-support-reallocation-retry__08b9d6a8/cell_result_gsm8k__q3_q5_support_reallocation_retry_08b9d6a8_AC-ALG1_Q5-DIVERSE_seed1303__AC-ALG1_s1303.json,069c5f8b345b4abfd57279e9e7fd5f2ede78da13487d230380ba2f14dd915f96,research_repository/ResultsArchive/incoming/q5-support-reallocation-retry__08b9d6a8/complete_gsm8k__q3_q5_support_reallocation_retry_08b9d6a8_AC-ALG1_Q5-DIVERSE_seed1303__AC-ALG1_s1303.json,6565dc69a3ab368e57ea50cd5b0b193f4045a1cebfe94b3ecefcfa8ca86b95a6
q3_q5_support_reallocation_retry_08b9d6a8_AC-ALG1_Q5-DIVERSE_seed1307,08b9d6a8,qwen3-1.7b-base,AC-ALG1,1307,gsm8k,2611.1,1,NVIDIA H100 80GB HBM3,0.7253055555555555,5de384b0b4a1830e9cf7f4a3c3ceb7cf8f6cd8ac0c06f7019f4e382fa90655b0,research_repository/ResultsArchive/incoming/q5-support-reallocation-retry__08b9d6a8/cell_result_gsm8k__q3_q5_support_reallocation_retry_08b9d6a8_AC-ALG1_Q5-DIVERSE_seed1307__AC-ALG1_s1307.json,a9c228cdf204dce4452526ef18d400c171498b70c9b905c29339c6ffbec97c20,research_repository/ResultsArchive/incoming/q5-support-reallocation-retry__08b9d6a8/complete_gsm8k__q3_q5_support_reallocation_retry_08b9d6a8_AC-ALG1_Q5-DIVERSE_seed1307__AC-ALG1_s1307.json,db75d0995f1f8191c0ed83ff7b3c60f672003911b2323d758be4c39a4259f673
q3_q5_support_reallocation_retry_08b9d6a8_AC-ALG1_Q5-MORE_seed1301,08b9d6a8,qwen3-1.7b-base,AC-ALG1,1301,gsm8k,3073.1,1,NVIDIA H100 80GB HBM3,0.8536388888888888,c26458148006357df164997155d04916fdc18216d8d657dfef3621ffeca7775c,research_repository/ResultsArchive/incoming/q5-support-reallocation-retry__08b9d6a8/cell_result_gsm8k__q3_q5_support_reallocation_retry_08b9d6a8_AC-ALG1_Q5-MORE_seed1301__AC-ALG1_s1301.json,ef75937a17826a520aaecb8f0c511500b198ab9ba5905b7751a7ca67e1ef4109,research_repository/ResultsArchive/incoming/q5-support-reallocation-retry__08b9d6a8/complete_gsm8k__q3_q5_support_reallocation_retry_08b9d6a8_AC-ALG1_Q5-MORE_seed1301__AC-ALG1_s1301.json,66ec5cdba1919dc961bd039eeebf6775bfdf627bdb4ccbcedc5ca12c69f8dfba
q3_q5_support_reallocation_retry_08b9d6a8_AC-ALG1_Q5-MORE_seed1303,08b9d6a8,qwen3-1.7b-base,AC-ALG1,1303,gsm8k,2911.3,1,NVIDIA H100 80GB HBM3,0.8086944444444445,e0e8549abb47b5fa61fdc65d016bd3437e05b5244a03b9d471d04195b986e286,research_repository/ResultsArchive/incoming/q5-support-reallocation-retry__08b9d6a8/cell_result_gsm8k__q3_q5_support_reallocation_retry_08b9d6a8_AC-ALG1_Q5-MORE_seed1303__AC-ALG1_s1303.json,7e91d799ec069e1a86378bad2115f2ca0bd9f5705d83daa7eb8c7e093499677f,research_repository/ResultsArchive/incoming/q5-support-reallocation-retry__08b9d6a8/complete_gsm8k__q3_q5_support_reallocation_retry_08b9d6a8_AC-ALG1_Q5-MORE_seed1303__AC-ALG1_s1303.json,5aa9324ffced480eb1fd94bebc99e45e1a0be3b7fb717450f01d13130e5d099e
q3_q5_support_reallocation_retry_08b9d6a8_AC-ALG1_Q5-MORE_seed1307,08b9d6a8,qwen3-1.7b-base,AC-ALG1,1307,gsm8k,2536.4,1,NVIDIA H100 80GB HBM3,0.7045555555555556,eeb3995a60a2f47e7bbdf97eb45e8c2125b06a2d574ce9b763c7d59fc5ae91b3,research_repository/ResultsArchive/incoming/q5-support-reallocation-retry__08b9d6a8/cell_result_gsm8k__q3_q5_support_reallocation_retry_08b9d6a8_AC-ALG1_Q5-MORE_seed1307__AC-ALG1_s1307.json,172606bbe3f67209103ca9eb2d3a722e0c9a9051d5633eb81cfa8aee95a1ca0f,research_repository/ResultsArchive/incoming/q5-support-reallocation-retry__08b9d6a8/complete_gsm8k__q3_q5_support_reallocation_retry_08b9d6a8_AC-ALG1_Q5-MORE_seed1307__AC-ALG1_s1307.json,edbe62dda6129e0455b0452f12cbba7c6336976a4926d819bff07d7f9f83a42a
q3_q5_support_reallocation_retry_08b9d6a8_AC-ALG1_Q5-REF_seed1301,08b9d6a8,qwen3-1.7b-base,AC-ALG1,1301,gsm8k,2370.1,1,NVIDIA H100 80GB HBM3,0.6583611111111111,742e3eadf9d3e6418eb08bfc0e18f8e1424f9b4facc4ec9c8ca7c0d4d9abfbfb,research_repository/ResultsArchive/incoming/q5-support-reallocation-retry__08b9d6a8/cell_result_gsm8k__q3_q5_support_reallocation_retry_08b9d6a8_AC-ALG1_Q5-REF_seed1301__AC-ALG1_s1301.json,cb6128b42e855ee4a9b6144dd75083a764c122a477f7db51268737aec7aa1d9b,research_repository/ResultsArchive/incoming/q5-support-reallocation-retry__08b9d6a8/complete_gsm8k__q3_q5_support_reallocation_retry_08b9d6a8_AC-ALG1_Q5-REF_seed1301__AC-ALG1_s1301.json,bedff95ca40d92951674e7a74a05dc300f0b018bcde51ed2c594ea0ccb5c7fb4
q3_q5_support_reallocation_retry_08b9d6a8_AC-ALG1_Q5-REF_seed1303,08b9d6a8,qwen3-1.7b-base,AC-ALG1,1303,gsm8k,1915.3,1,NVIDIA H100 80GB HBM3,0.5320277777777778,ee76d1ce121fd3de532db4305675278a86f1ea29e71ebe16d1a3e8c98630b5f4,research_repository/ResultsArchive/incoming/q5-support-reallocation-retry__08b9d6a8/cell_result_gsm8k__q3_q5_support_reallocation_retry_08b9d6a8_AC-ALG1_Q5-REF_seed1303__AC-ALG1_s1303.json,32ac427226b6851e424ff1bf4c04c9a64817b1c3c6c21c48cc6e9bbecdd6a0c4,research_repository/ResultsArchive/incoming/q5-support-reallocation-retry__08b9d6a8/complete_gsm8k__q3_q5_support_reallocation_retry_08b9d6a8_AC-ALG1_Q5-REF_seed1303__AC-ALG1_s1303.json,c60d179987608570bf0e27d7a2a2a1a6ab718a1b9397b7ea2b20561c9fc585f4
q3_q5_support_reallocation_retry_08b9d6a8_AC-ALG1_Q5-REF_seed1307,08b9d6a8,qwen3-1.7b-base,AC-ALG1,1307,gsm8k,2264.8,1,NVIDIA H100 80GB HBM3,0.6291111111111112,67c3b5739b2dac4604e91d41a5edc113303f0c22ae877f8969e0c24eb2344f1d,research_repository/ResultsArchive/incoming/q5-support-reallocation-retry__08b9d6a8/cell_result_gsm8k__q3_q5_support_reallocation_retry_08b9d6a8_AC-ALG1_Q5-REF_seed1307__AC-ALG1_s1307.json,49e7c1a7bc2ad09a02761690d7cfd5753f7c08bf275f85ccd0de195153609223,research_repository/ResultsArchive/incoming/q5-support-reallocation-retry__08b9d6a8/complete_gsm8k__q3_q5_support_reallocation_retry_08b9d6a8_AC-ALG1_Q5-REF_seed1307__AC-ALG1_s1307.json,94fb2051efadf726523e8123cf868014ef725c54274f6a73c139ce20ea6349bf
q3_q5_support_reallocation_retry_08b9d6a8_AC-ALG1_Q5-VERIFY_seed1301,08b9d6a8,qwen3-1.7b-base,AC-ALG1,1301,gsm8k,2207.0,1,NVIDIA H100 80GB HBM3,0.6130555555555556,7fa31e1c942d1d578eef547c0a91bfa4af9bd21b3c5bd8c2e468bb31c9c8c9af,research_repository/ResultsArchive/incoming/q5-support-reallocation-retry__08b9d6a8/cell_result_gsm8k__q3_q5_support_reallocation_retry_08b9d6a8_AC-ALG1_Q5-VERIFY_seed1301__AC-ALG1_s1301.json,215260554c986738cd0cb6de1a760933152c71b6eb7fb2f14dda56173629c736,research_repository/ResultsArchive/incoming/q5-support-reallocation-retry__08b9d6a8/complete_gsm8k__q3_q5_support_reallocation_retry_08b9d6a8_AC-ALG1_Q5-VERIFY_seed1301__AC-ALG1_s1301.json,4dbe265b9f72050084073c8ad507e17f0aad10c1e8302005ab9d1ee35885d860
q3_q5_support_reallocation_retry_08b9d6a8_AC-ALG1_Q5-VERIFY_seed1303,08b9d6a8,qwen3-1.7b-base,AC-ALG1,1303,gsm8k,2083.0,1,NVIDIA H100 80GB HBM3,0.5786111111111111,dc7ffbd63e9e1007dd4ac6387ba9a9afa99489f747ddd1c544b23d90ff5e8418,research_repository/ResultsArchive/incoming/q5-support-reallocation-retry__08b9d6a8/cell_result_gsm8k__q3_q5_support_reallocation_retry_08b9d6a8_AC-ALG1_Q5-VERIFY_seed1303__AC-ALG1_s1303.json,94960e29b4f80099c31930e9fd406684c19fdbe578652d70bac9e434bf10a18c,research_repository/ResultsArchive/incoming/q5-support-reallocation-retry__08b9d6a8/complete_gsm8k__q3_q5_support_reallocation_retry_08b9d6a8_AC-ALG1_Q5-VERIFY_seed1303__AC-ALG1_s1303.json,6390b8cd25e0ac15370938df8a5ffa9b7df6540efc61c9fd6d9ef09c5ac34135
q3_q5_support_reallocation_retry_08b9d6a8_AC-ALG1_Q5-VERIFY_seed1307,08b9d6a8,qwen3-1.7b-base,AC-ALG1,1307,gsm8k,2507.4,1,NVIDIA H100 80GB HBM3,0.6965,5df757303496374c8e5a702d6355f9b45ebf6dcb49f2c868ce0982cbab10b091,research_repository/ResultsArchive/incoming/q5-support-reallocation-retry__08b9d6a8/cell_result_gsm8k__q3_q5_support_reallocation_retry_08b9d6a8_AC-ALG1_Q5-VERIFY_seed1307__AC-ALG1_s1307.json,6ffdf49b667c65d0e884ddfe8896d2cc511ebbfa518090bb5d3bf367f3bf29e2,research_repository/ResultsArchive/incoming/q5-support-reallocation-retry__08b9d6a8/complete_gsm8k__q3_q5_support_reallocation_retry_08b9d6a8_AC-ALG1_Q5-VERIFY_seed1307__AC-ALG1_s1307.json,e21c1c15649e4b8341bb87c270710853d5734c5cc0cfcd52206486fa465bf102
q3_q5_support_reallocation_retry_08b9d6a8_base_CTRL-base_seed1301,08b9d6a8,qwen3-1.7b-base,base,1301,gsm8k,391.3,1,NVIDIA H100 80GB HBM3,0.10869444444444444,77763f0216552524fa4dbccc411fbe04c98d6222cf15fa8c2d767146cd3e206a,research_repository/ResultsArchive/incoming/q5-support-reallocation-retry__08b9d6a8/cell_result_gsm8k__q3_q5_support_reallocation_retry_08b9d6a8_base_CTRL-base_seed1301__base_s1301.json,cdb6d46e476d455a7ac5c67ec0ee7dd266764c1dcb034ddfc5bfdb139742bf5f,research_repository/ResultsArchive/incoming/q5-support-reallocation-retry__08b9d6a8/complete_gsm8k__q3_q5_support_reallocation_retry_08b9d6a8_base_CTRL-base_seed1301__base_s1301.json,89d8c2f460bb41b6e5a4c730f5a9c6fee6d44a4a32100a4d960a922bb86dd000
q3_q5_support_reallocation_retry_08b9d6a8_base_CTRL-base_seed1303,08b9d6a8,qwen3-1.7b-base,base,1303,gsm8k,447.7,1,NVIDIA H100 80GB HBM3,0.1243611111111111,5de15f9f6195fa2277d9647d81cabaddf04f9e78340e8507b239fbfe2c36f977,research_repository/ResultsArchive/incoming/q5-support-reallocation-retry__08b9d6a8/cell_result_gsm8k__q3_q5_support_reallocation_retry_08b9d6a8_base_CTRL-base_seed1303__base_s1303.json,76d9740d8adb4234291cc6adb36d27cd9d6337ab19af1c302ae61af2afff484c,research_repository/ResultsArchive/incoming/q5-support-reallocation-retry__08b9d6a8/complete_gsm8k__q3_q5_support_reallocation_retry_08b9d6a8_base_CTRL-base_seed1303__base_s1303.json,893cb788efea6915284d3c7562165b6ad9cccea57ca3626d2b806c90f8a30132
q3_q5_support_reallocation_retry_08b9d6a8_base_CTRL-base_seed1307,08b9d6a8,qwen3-1.7b-base,base,1307,gsm8k,427.6,1,NVIDIA H100 80GB HBM3,0.11877777777777779,f9bb96b35f2f5286c6e7b354575b7fbc8dddbb65d0dd5a6ec5984135a66f636f,research_repository/ResultsArchive/incoming/q5-support-reallocation-retry__08b9d6a8/cell_result_gsm8k__q3_q5_support_reallocation_retry_08b9d6a8_base_CTRL-base_seed1307__base_s1307.json,22ed4d3b16426d3937955b6a9a3ff76da8413ac9b9e7418cbb19b924542cca00,research_repository/ResultsArchive/incoming/q5-support-reallocation-retry__08b9d6a8/complete_gsm8k__q3_q5_support_reallocation_retry_08b9d6a8_base_CTRL-base_seed1307__base_s1307.json,b5b7f92c4dfb40f8d061c5e6e943207c4262f3ac8c0e0d4d0dfee38925c58ebf
q3_q5q_lr_screen_7b5c0a3f_AC-ALG1_Q5Q-LR10_seed31,7b5c0a3f,qwen3-1.7b-base,AC-ALG1,31,gsm8k,3049.3,1,NVIDIA H100 80GB HBM3,0.8470277777777778,6ff9408f9861072ce55bf60d990b65b28ec6f8b4ce239944b596c7c5236294f7,research_repository/ResultsArchive/incoming/q5-question-lr-screen__7b5c0a3f/cell_result_gsm8k__q3_q5q_lr_screen_7b5c0a3f_AC-ALG1_Q5Q-LR10_seed31__AC-ALG1_s31.json,499f25726051f9474e59d31827ca2170ea7e632a7a4d92bf0c8d44058080c8d6,research_repository/ResultsArchive/incoming/q5-question-lr-screen__7b5c0a3f/complete_gsm8k__q3_q5q_lr_screen_7b5c0a3f_AC-ALG1_Q5Q-LR10_seed31__AC-ALG1_s31.json,d4884b650b50a7940a9982b95d9aea821d16b8d3260d2a1c37acddc769d10baa
q3_q5q_lr_screen_7b5c0a3f_AC-ALG1_Q5Q-LR10_seed47,7b5c0a3f,qwen3-1.7b-base,AC-ALG1,47,gsm8k,3318.5,1,NVIDIA H100 80GB HBM3,0.9218055555555555,97db12c3c933d03af8eca438cdc16c998b26b2b738a55d8edca237536d49d21b,research_repository/ResultsArchive/incoming/q5-question-lr-screen__7b5c0a3f/cell_result_gsm8k__q3_q5q_lr_screen_7b5c0a3f_AC-ALG1_Q5Q-LR10_seed47__AC-ALG1_s47.json,694d3ca1ef828a88751120809f2558e252083de21899c71126e6591f2d8db5e5,research_repository/ResultsArchive/incoming/q5-question-lr-screen__7b5c0a3f/complete_gsm8k__q3_q5q_lr_screen_7b5c0a3f_AC-ALG1_Q5Q-LR10_seed47__AC-ALG1_s47.json,8f990f74da48e25a8ee09589806b7e41c3d43edad2ec443f8803738bdb8a03fe
q3_q5q_lr_screen_7b5c0a3f_AC-ALG1_Q5Q-LR10_seed73,7b5c0a3f,qwen3-1.7b-base,AC-ALG1,73,gsm8k,2946.4,1,NVIDIA H100 80GB HBM3,0.8184444444444444,f47122cb12ee1a8d0a1d421608099915e4c5f789c963a23cdfbb10603f0ba3fa,research_repository/ResultsArchive/incoming/q5-question-lr-screen__7b5c0a3f/cell_result_gsm8k__q3_q5q_lr_screen_7b5c0a3f_AC-ALG1_Q5Q-LR10_seed73__AC-ALG1_s73.json,a7eb7a2be15ae56fac91fc3fd4e21e170fd4a39115358376075f6feb593b22b1,research_repository/ResultsArchive/incoming/q5-question-lr-screen__7b5c0a3f/complete_gsm8k__q3_q5q_lr_screen_7b5c0a3f_AC-ALG1_Q5Q-LR10_seed73__AC-ALG1_s73.json,866ca04b712b4d9fe7b0cbd1b889a4f1e88fbd1912fb5f6668abf60ff795c970
q3_q5q_lr_screen_7b5c0a3f_AC-ALG1_Q5Q-LR30_seed31,7b5c0a3f,qwen3-1.7b-base,AC-ALG1,31,gsm8k,2844.3,1,NVIDIA H100 80GB HBM3,0.7900833333333334,3c6a347f431b43abe348619afd5f828762961927accb49c03ce9847d8afb3241,research_repository/ResultsArchive/incoming/q5-question-lr-screen__7b5c0a3f/cell_result_gsm8k__q3_q5q_lr_screen_7b5c0a3f_AC-ALG1_Q5Q-LR30_seed31__AC-ALG1_s31.json,a1c09135b10d7a932acd40fd6e554a27e3fac7482af8b1faf80b63ce0462d048,research_repository/ResultsArchive/incoming/q5-question-lr-screen__7b5c0a3f/complete_gsm8k__q3_q5q_lr_screen_7b5c0a3f_AC-ALG1_Q5Q-LR30_seed31__AC-ALG1_s31.json,7051a3dc3a0bb05c8517d524b5644822cb5d6d3b8f8985d5ba68f8929958b10b
q3_q5q_lr_screen_7b5c0a3f_AC-ALG1_Q5Q-LR30_seed47,7b5c0a3f,qwen3-1.7b-base,AC-ALG1,47,gsm8k,2875.0,1,NVIDIA H100 80GB HBM3,0.7986111111111112,8ed157e9f491a13e79ae73ecfe575a8d580898f6ab9ed68aeba9d074d56af23e,research_repository/ResultsArchive/incoming/q5-question-lr-screen__7b5c0a3f/cell_result_gsm8k__q3_q5q_lr_screen_7b5c0a3f_AC-ALG1_Q5Q-LR30_seed47__AC-ALG1_s47.json,f517b91dc6010e0ef54db0e5e2649f47b8988a702c071a69e461263c935d3401,research_repository/ResultsArchive/incoming/q5-question-lr-screen__7b5c0a3f/complete_gsm8k__q3_q5q_lr_screen_7b5c0a3f_AC-ALG1_Q5Q-LR30_seed47__AC-ALG1_s47.json,283a281592228f54227d4eb65404ff72d165e0b801e36773c83c68b55f2de554
q3_q5q_lr_screen_7b5c0a3f_AC-ALG1_Q5Q-LR30_seed73,7b5c0a3f,qwen3-1.7b-base,AC-ALG1,73,gsm8k,2581.9,1,NVIDIA H100 80GB HBM3,0.7171944444444445,90afa646654da4afae25e129a7207fdad95437bf482b3bbe3f501bd2317ed530,research_repository/ResultsArchive/incoming/q5-question-lr-screen__7b5c0a3f/cell_result_gsm8k__q3_q5q_lr_screen_7b5c0a3f_AC-ALG1_Q5Q-LR30_seed73__AC-ALG1_s73.json,ccf27fd08c8a416961d4fa8f5cea8a9d2ef422ff6d74a08267841615e84c747d,research_repository/ResultsArchive/incoming/q5-question-lr-screen__7b5c0a3f/complete_gsm8k__q3_q5q_lr_screen_7b5c0a3f_AC-ALG1_Q5Q-LR30_seed73__AC-ALG1_s73.json,edbcdc2b37638f13143873bb71a83e5135c00d04bd6448de33ad902962072089
q3_q5q_lr_screen_7b5c0a3f_AC-ALG1_Q5Q-LR3_seed31,7b5c0a3f,qwen3-1.7b-base,AC-ALG1,31,gsm8k,3217.4,1,NVIDIA H100 80GB HBM3,0.8937222222222222,9db32c9c544eff879a95f56103391cc4c15dd582b7af4e1c5ca78decb6c60891,research_repository/ResultsArchive/incoming/q5-question-lr-screen__7b5c0a3f/cell_result_gsm8k__q3_q5q_lr_screen_7b5c0a3f_AC-ALG1_Q5Q-LR3_seed31__AC-ALG1_s31.json,976ecbf09842f774a6f0d33f1c0a6196cbd96fa71a5bace60573545f4db87052,research_repository/ResultsArchive/incoming/q5-question-lr-screen__7b5c0a3f/complete_gsm8k__q3_q5q_lr_screen_7b5c0a3f_AC-ALG1_Q5Q-LR3_seed31__AC-ALG1_s31.json,ed57c76514657cfe664e4c98bfe5681c7cd8e8be2d0529028b6d0470028e3af4
q3_q5q_lr_screen_7b5c0a3f_AC-ALG1_Q5Q-LR3_seed47,7b5c0a3f,qwen3-1.7b-base,AC-ALG1,47,gsm8k,3162.2,1,NVIDIA H100 80GB HBM3,0.8783888888888889,8e8eb0945180696a8ac36075638b75a55399bf789edd8f19c93764f0af4b18e9,research_repository/ResultsArchive/incoming/q5-question-lr-screen__7b5c0a3f/cell_result_gsm8k__q3_q5q_lr_screen_7b5c0a3f_AC-ALG1_Q5Q-LR3_seed47__AC-ALG1_s47.json,9b0c99eb69a5a4fab6f955bbc92c0a8977e5dca0fff7420ea3826424c8c2c3fb,research_repository/ResultsArchive/incoming/q5-question-lr-screen__7b5c0a3f/complete_gsm8k__q3_q5q_lr_screen_7b5c0a3f_AC-ALG1_Q5Q-LR3_seed47__AC-ALG1_s47.json,80dda55e6cd9e0775e033c1e447b0daceec74bfe31c229c4aae70ff114c43a8c
q3_q5q_lr_screen_7b5c0a3f_AC-ALG1_Q5Q-LR3_seed73,7b5c0a3f,qwen3-1.7b-base,AC-ALG1,73,gsm8k,3120.5,1,NVIDIA H100 80GB HBM3,0.8668055555555556,7ff1258c9fb7768692f80b0156b8de5802d64614c89b300ff9c98e46f910ba44,research_repository/ResultsArchive/incoming/q5-question-lr-screen__7b5c0a3f/cell_result_gsm8k__q3_q5q_lr_screen_7b5c0a3f_AC-ALG1_Q5Q-LR3_seed73__AC-ALG1_s73.json,c5052f24478063b524aeb0a16bd4d78da53c51cdd947b4fb181f82561aa19f11,research_repository/ResultsArchive/incoming/q5-question-lr-screen__7b5c0a3f/complete_gsm8k__q3_q5q_lr_screen_7b5c0a3f_AC-ALG1_Q5Q-LR3_seed73__AC-ALG1_s73.json,831aed88b201edb0078894e55b3fac5aa6c7c52c4c946424db6b68cb91fd7342
q3_q5q_lr_screen_7b5c0a3f_base_CTRL-base_seed31,7b5c0a3f,qwen3-1.7b-base,base,31,gsm8k,109.3,1,NVIDIA H100 80GB HBM3,0.03036111111111111,56a498619f3d168234c47f33ad80f2b8d547ebd628d91d6a26685afdad4b9411,research_repository/ResultsArchive/incoming/q5-question-lr-screen__7b5c0a3f/cell_result_gsm8k__q3_q5q_lr_screen_7b5c0a3f_base_CTRL-base_seed31__base_s31.json,5757e95889053b54ee7e9b1fdd6813f391a01b0be882dc2506fe80a97388abd3,research_repository/ResultsArchive/incoming/q5-question-lr-screen__7b5c0a3f/complete_gsm8k__q3_q5q_lr_screen_7b5c0a3f_base_CTRL-base_seed31__base_s31.json,63e6f892661736511a6fb66a5d81fb989b4c9c67e0c9e9838baf8b64e93bb39c
q3_q5q_lr_screen_7b5c0a3f_base_CTRL-base_seed47,7b5c0a3f,qwen3-1.7b-base,base,47,gsm8k,126.5,1,NVIDIA H100 80GB HBM3,0.035138888888888886,3422d5381185f92b6dd1d6322cc5346eeac3b6ba365d26174a25c064f957ece9,research_repository/ResultsArchive/incoming/q5-question-lr-screen__7b5c0a3f/cell_result_gsm8k__q3_q5q_lr_screen_7b5c0a3f_base_CTRL-base_seed47__base_s47.json,1fff9d4c2ebf6b5e23abbe9a009672ccd54809879e545918563f663c9c6e794b,research_repository/ResultsArchive/incoming/q5-question-lr-screen__7b5c0a3f/complete_gsm8k__q3_q5q_lr_screen_7b5c0a3f_base_CTRL-base_seed47__base_s47.json,43ef47a9b711a70caf3354f89e695ef17545a5f93618c71cb692946be4a11299
q3_q5q_lr_screen_7b5c0a3f_base_CTRL-base_seed73,7b5c0a3f,qwen3-1.7b-base,base,73,gsm8k,109.4,1,NVIDIA H100 80GB HBM3,0.03038888888888889,c432e47282e5acdf1177e1611e76d2d850d8cfe7f6931058ee4a75fde4e97787,research_repository/ResultsArchive/incoming/q5-question-lr-screen__7b5c0a3f/cell_result_gsm8k__q3_q5q_lr_screen_7b5c0a3f_base_CTRL-base_seed73__base_s73.json,5086c7971479506e763eb5d2cf8fc14adad2b2228509862b8926d9c055bd9625,research_repository/ResultsArchive/incoming/q5-question-lr-screen__7b5c0a3f/complete_gsm8k__q3_q5q_lr_screen_7b5c0a3f_base_CTRL-base_seed73__base_s73.json,a8d0678c9e6562ac3651f365397fa081d112fadefaa636b243a094eaa175a399
q3_strict_eos_base_retry_2f18c6a4_base_CTRL-base_seed31,2f18c6a4,qwen3-1.7b-base,base,31,gsm8k,554.9,1,NVIDIA H100 80GB HBM3,0.15413888888888888,92556be075ca9d46d4942b7c9bcc7a58f90209acd1839bc233ee204ffc58c992,research_repository/ResultsArchive/incoming/strict-eos-base-retry__2f18c6a4/cell_result_gsm8k__q3_strict_eos_base_retry_2f18c6a4_base_CTRL-base_seed31__base_s31.json,f1fb396f32d909d39d7fca5a92b2039bff0825d49c1a2b851f0f521def24e467,research_repository/ResultsArchive/incoming/strict-eos-base-retry__2f18c6a4/complete_gsm8k__q3_strict_eos_base_retry_2f18c6a4_base_CTRL-base_seed31__base_s31.json,dabd811bb5987454f34fd7090d6deb0ca6a6105142f0bbd860f5261ae379bdbe
q3_strict_eos_base_retry_2f18c6a4_base_CTRL-base_seed47,2f18c6a4,qwen3-1.7b-base,base,47,gsm8k,412.4,1,NVIDIA H100 80GB HBM3,0.11455555555555555,cb7caaddc8fcfb4d58acd78dfb3d10b9f4e32ee07f3535ed9925f7841daae2ec,research_repository/ResultsArchive/incoming/strict-eos-base-retry__2f18c6a4/cell_result_gsm8k__q3_strict_eos_base_retry_2f18c6a4_base_CTRL-base_seed47__base_s47.json,37e67345b988fddc62c57133c30e5f146127b531ee5a82b08a0708a39c73f210,research_repository/ResultsArchive/incoming/strict-eos-base-retry__2f18c6a4/complete_gsm8k__q3_strict_eos_base_retry_2f18c6a4_base_CTRL-base_seed47__base_s47.json,19afbf2a474604277b2916c77b83629b978cd5f3eb08850a5c10d340d30bfd3b
q3_strict_eos_base_retry_2f18c6a4_base_CTRL-base_seed73,2f18c6a4,qwen3-1.7b-base,base,73,gsm8k,310.4,1,NVIDIA H100 80GB HBM3,0.08622222222222221,ae9d938d4c3795d32a495e5e8ad7fe23f6df7d6c580553127677174e46c6586a,research_repository/ResultsArchive/incoming/strict-eos-base-retry__2f18c6a4/cell_result_gsm8k__q3_strict_eos_base_retry_2f18c6a4_base_CTRL-base_seed73__base_s73.json,1090b42fd2614fbd683a6c97442853b1ec8f5edb43e398c972610307b67e81ac,research_repository/ResultsArchive/incoming/strict-eos-base-retry__2f18c6a4/complete_gsm8k__q3_strict_eos_base_retry_2f18c6a4_base_CTRL-base_seed73__base_s73.json,177bed49b45fb414d9e4919544505c223741d1d1c003af051f6c90fcc1f20558
q3_strict_eos_comparators_c9d2f047_GRPO_GRPO-AD-nominal_seed31,c9d2f047,qwen3-1.7b-base,GRPO,31,gsm8k,2269.7,1,NVIDIA H100 80GB HBM3,0.6304722222222222,0ad2a1bc6d637dfb3af545d73c8638e0af236fc9863109cd8b3e00fc7eac7ed3,saved_archive/20260803T_beaker_reconciliation/strict-eos-calibration__c9d2f047/cell_result_gsm8k__q3_strict_eos_comparators_c9d2f047_GRPO_GRPO-AD-nominal_seed31__GRPO_s31.json,1a903dcafeedbbe0670787f18580c7bdaa9b8ceb47ccf0b8854f8e16d859ad15,saved_archive/20260803T_beaker_reconciliation/strict-eos-calibration__c9d2f047/complete_gsm8k__q3_strict_eos_comparators_c9d2f047_GRPO_GRPO-AD-nominal_seed31__GRPO_s31.json,52550cd1af948dd2e4e14224d7a8c52d858cfe622cd586482a3462f908bc6e62
q3_strict_eos_comparators_c9d2f047_GRPO_GRPO-AD-nominal_seed47,c9d2f047,qwen3-1.7b-base,GRPO,47,gsm8k,2489.7,1,NVIDIA H100 80GB HBM3,0.6915833333333333,2faaff89bae38fb7f0ff5e1f51f561dc9944c0b0e48b3406989ee12caa96e231,saved_archive/20260803T_beaker_reconciliation/strict-eos-calibration__c9d2f047/cell_result_gsm8k__q3_strict_eos_comparators_c9d2f047_GRPO_GRPO-AD-nominal_seed47__GRPO_s47.json,36ccdb7960fe6cff57859841d9414d4982bbb28a629e1c731dcc5e87f259d9d3,saved_archive/20260803T_beaker_reconciliation/strict-eos-calibration__c9d2f047/complete_gsm8k__q3_strict_eos_comparators_c9d2f047_GRPO_GRPO-AD-nominal_seed47__GRPO_s47.json,bea402455fa22c3b2c5f235a593af8415f67b9c34ef7324906217f9fdec15139
q3_strict_eos_comparators_c9d2f047_GRPO_GRPO-AD-nominal_seed73,c9d2f047,qwen3-1.7b-base,GRPO,73,gsm8k,2188.1,1,NVIDIA H100 80GB HBM3,0.6078055555555555,a6ebaa175d219a32925eb65d45231ccbdfa42acb4ee0ebc9074d0a855ea40da9,saved_archive/20260803T_beaker_reconciliation/strict-eos-calibration__c9d2f047/cell_result_gsm8k__q3_strict_eos_comparators_c9d2f047_GRPO_GRPO-AD-nominal_seed73__GRPO_s73.json,060ddcab5337e4a8da27a4708f80008f0671df7223e634e84e65c7146eed66fc,saved_archive/20260803T_beaker_reconciliation/strict-eos-calibration__c9d2f047/complete_gsm8k__q3_strict_eos_comparators_c9d2f047_GRPO_GRPO-AD-nominal_seed73__GRPO_s73.json,a181c71f0f0608e5222965d63ac84c0789976ab4c3109f7a3cef3125f9429d6d
q3_strict_eos_comparators_c9d2f047_GRPO_GRPO-Q-lr1-kl2_seed31,c9d2f047,qwen3-1.7b-base,GRPO,31,gsm8k,2141.5,1,NVIDIA H100 80GB HBM3,0.5948611111111111,fb4f0d0ebb9d2923083e4d43fec8d66115b24df9a1743b3274b1ab7357d9c3b1,saved_archive/20260803T_beaker_reconciliation/strict-eos-calibration__c9d2f047/cell_result_gsm8k__q3_strict_eos_comparators_c9d2f047_GRPO_GRPO-Q-lr1-kl2_seed31__GRPO_s31.json,ca277070bc78b696d2086e69f385198c384cad4f91a4193b2dd902491042beb9,saved_archive/20260803T_beaker_reconciliation/strict-eos-calibration__c9d2f047/complete_gsm8k__q3_strict_eos_comparators_c9d2f047_GRPO_GRPO-Q-lr1-kl2_seed31__GRPO_s31.json,4b87b7281505400f9fd21b80cb803dadb5e885798c6b2b9ebb2dde4eb4decdfa
q3_strict_eos_comparators_c9d2f047_GRPO_GRPO-Q-lr1-kl2_seed47,c9d2f047,qwen3-1.7b-base,GRPO,47,gsm8k,2272.1,1,NVIDIA H100 80GB HBM3,0.6311388888888889,1fdc177d5cc250f7bf10c524437477f5f213096fa81e55faf34bfdbf7b2dd549,saved_archive/20260803T_beaker_reconciliation/strict-eos-calibration__c9d2f047/cell_result_gsm8k__q3_strict_eos_comparators_c9d2f047_GRPO_GRPO-Q-lr1-kl2_seed47__GRPO_s47.json,f8d08f032f57c4d7ecf323edc18ee79d9b1b0984d9ec07c9114fe2a30dcaac4a,saved_archive/20260803T_beaker_reconciliation/strict-eos-calibration__c9d2f047/complete_gsm8k__q3_strict_eos_comparators_c9d2f047_GRPO_GRPO-Q-lr1-kl2_seed47__GRPO_s47.json,57c237985ff36289fe985a21cc63b33a65b718b9c7604b18fcfd6d5a035fd93d
q3_strict_eos_comparators_c9d2f047_GRPO_GRPO-Q-lr1-kl2_seed73,c9d2f047,qwen3-1.7b-base,GRPO,73,gsm8k,2471.0,1,NVIDIA H100 80GB HBM3,0.6863888888888889,b564f9433747ec2bfc3dad6298e88c211dd9369f278771536672341a5ca3837e,saved_archive/20260803T_beaker_reconciliation/strict-eos-calibration__c9d2f047/cell_result_gsm8k__q3_strict_eos_comparators_c9d2f047_GRPO_GRPO-Q-lr1-kl2_seed73__GRPO_s73.json,dae134ab957e92257bf3a49b3f8f00791f45deff44e8942a352227e9ae4f7613,saved_archive/20260803T_beaker_reconciliation/strict-eos-calibration__c9d2f047/complete_gsm8k__q3_strict_eos_comparators_c9d2f047_GRPO_GRPO-Q-lr1-kl2_seed73__GRPO_s73.json,1d2a166624a8ca3c165804f7824651f93b7938f4dbdb198d5f1ca6355985e909
q3_strict_eos_comparators_c9d2f047_GRPO_GRPO-Q-lr1-kl4_seed31,c9d2f047,qwen3-1.7b-base,GRPO,31,gsm8k,2297.3,1,NVIDIA H100 80GB HBM3,0.6381388888888889,09dfc9e931e45e3b714144ae5ad96cb35286d8e8362cb37bdb838ef7dbde6d3c,saved_archive/20260803T_beaker_reconciliation/strict-eos-calibration__c9d2f047/cell_result_gsm8k__q3_strict_eos_comparators_c9d2f047_GRPO_GRPO-Q-lr1-kl4_seed31__GRPO_s31.json,cee9faee84ba9d10a9ee35aae4ece4eea6dafac3067693bc3f09aa311b7bd5f0,saved_archive/20260803T_beaker_reconciliation/strict-eos-calibration__c9d2f047/complete_gsm8k__q3_strict_eos_comparators_c9d2f047_GRPO_GRPO-Q-lr1-kl4_seed31__GRPO_s31.json,0a2814d9199cab737f1d6dbe23c0ee351b43ef1509a5d6bc60eed8f9f81b3dd4
q3_strict_eos_comparators_c9d2f047_GRPO_GRPO-Q-lr1-kl4_seed47,c9d2f047,qwen3-1.7b-base,GRPO,47,gsm8k,2320.5,1,NVIDIA H100 80GB HBM3,0.6445833333333333,ada363c1e29946f9c8704d8b4b366e7df213a179f8effdb26d681802f6341c4c,saved_archive/20260803T_beaker_reconciliation/strict-eos-calibration__c9d2f047/cell_result_gsm8k__q3_strict_eos_comparators_c9d2f047_GRPO_GRPO-Q-lr1-kl4_seed47__GRPO_s47.json,37d0b8b6d869e50b7f14065e0e3e541386026eb5f358feaa19b8067d93dfb8dd,saved_archive/20260803T_beaker_reconciliation/strict-eos-calibration__c9d2f047/complete_gsm8k__q3_strict_eos_comparators_c9d2f047_GRPO_GRPO-Q-lr1-kl4_seed47__GRPO_s47.json,ef79d76eaedf49c1462547db163c3951619f1d68cc370c066aeee5aa67ca631a
q3_strict_eos_comparators_c9d2f047_GRPO_GRPO-Q-lr1-kl4_seed73,c9d2f047,qwen3-1.7b-base,GRPO,73,gsm8k,2351.8,1,NVIDIA H100 80GB HBM3,0.6532777777777778,d18b5bbbc16e0fe38c5b64d61010454dc01206cffed0b0c27d84fab3c6e72fd4,saved_archive/20260803T_beaker_reconciliation/strict-eos-calibration__c9d2f047/cell_result_gsm8k__q3_strict_eos_comparators_c9d2f047_GRPO_GRPO-Q-lr1-kl4_seed73__GRPO_s73.json,a9206af62b6244d7418ca5375be8593c2e3250ae6281f817c3a5901d16c30fa1,saved_archive/20260803T_beaker_reconciliation/strict-eos-calibration__c9d2f047/complete_gsm8k__q3_strict_eos_comparators_c9d2f047_GRPO_GRPO-Q-lr1-kl4_seed73__GRPO_s73.json,76c939ae8351e95c92e332094768e45960429a6e15e0ccaa208af417319a6932
q3_strict_eos_comparators_c9d2f047_GRPO_GRPO-Q-lr10-kl2_seed31,c9d2f047,qwen3-1.7b-base,GRPO,31,gsm8k,2374.6,1,NVIDIA H100 80GB HBM3,0.659611111111111,9d2af9eea5ed14a1db7c3be29923df1de292bcf671f9dbba46129a78958986df,saved_archive/20260803T_beaker_reconciliation/strict-eos-calibration__c9d2f047/cell_result_gsm8k__q3_strict_eos_comparators_c9d2f047_GRPO_GRPO-Q-lr10-kl2_seed31__GRPO_s31.json,038b2c8eb6394becdd9f28f69c84e914ae4e55ca8f646d0f0be1b51e8fb4d6ac,saved_archive/20260803T_beaker_reconciliation/strict-eos-calibration__c9d2f047/complete_gsm8k__q3_strict_eos_comparators_c9d2f047_GRPO_GRPO-Q-lr10-kl2_seed31__GRPO_s31.json,9dbc91f452fc5c51419562208e36fd2799c7f4087c4aba403b84a95a5a1aa3a6
q3_strict_eos_comparators_c9d2f047_GRPO_GRPO-Q-lr10-kl2_seed47,c9d2f047,qwen3-1.7b-base,GRPO,47,gsm8k,2469.5,1,NVIDIA H100 80GB HBM3,0.6859722222222222,82cdacb2285c6d212f6d3ec7537ea00e1c9e95c10b54f03223183c4891e39d87,saved_archive/20260803T_beaker_reconciliation/strict-eos-calibration__c9d2f047/cell_result_gsm8k__q3_strict_eos_comparators_c9d2f047_GRPO_GRPO-Q-lr10-kl2_seed47__GRPO_s47.json,676f3b0a40cebe20dfb18c69fc19b8b16a99637397cd06f25040da378351f640,saved_archive/20260803T_beaker_reconciliation/strict-eos-calibration__c9d2f047/complete_gsm8k__q3_strict_eos_comparators_c9d2f047_GRPO_GRPO-Q-lr10-kl2_seed47__GRPO_s47.json,4006fa5e06864be2f6564a7299e2f49f89cb8a07cda9707b9c27954eb338263e
q3_strict_eos_comparators_c9d2f047_GRPO_GRPO-Q-lr10-kl2_seed73,c9d2f047,qwen3-1.7b-base,GRPO,73,gsm8k,2197.4,1,NVIDIA H100 80GB HBM3,0.6103888888888889,761434da9c684844e25ee6286786488539ba7b3743a05b81772dba49d26d6f5f,saved_archive/20260803T_beaker_reconciliation/strict-eos-calibration__c9d2f047/cell_result_gsm8k__q3_strict_eos_comparators_c9d2f047_GRPO_GRPO-Q-lr10-kl2_seed73__GRPO_s73.json,87440560a07c879e6011095f369c627cabb60fffb5b1a53a658d7e0a24663e0f,saved_archive/20260803T_beaker_reconciliation/strict-eos-calibration__c9d2f047/complete_gsm8k__q3_strict_eos_comparators_c9d2f047_GRPO_GRPO-Q-lr10-kl2_seed73__GRPO_s73.json,ee66313939bab0d1635458bcb8704ec21bb4f50d0b52024697d2714fa504a43b
q3_strict_eos_comparators_c9d2f047_GRPO_GRPO-Q-lr10-kl4_seed31,c9d2f047,qwen3-1.7b-base,GRPO,31,gsm8k,2258.3,1,NVIDIA H100 80GB HBM3,0.6273055555555556,5a8b664528e57341a7289db28dd114ac797362cb84969fd6d09670dc0af721f2,saved_archive/20260803T_beaker_reconciliation/strict-eos-calibration__c9d2f047/cell_result_gsm8k__q3_strict_eos_comparators_c9d2f047_GRPO_GRPO-Q-lr10-kl4_seed31__GRPO_s31.json,f6056d1ac6258b5388d4c63caac2371962119b1c38b8b704b6bc07fffdaf5738,saved_archive/20260803T_beaker_reconciliation/strict-eos-calibration__c9d2f047/complete_gsm8k__q3_strict_eos_comparators_c9d2f047_GRPO_GRPO-Q-lr10-kl4_seed31__GRPO_s31.json,23b2440fe702cf649f0e3a3b1fd13fb1b297e45ea3397b7042c0367d1e3e5c96
q3_strict_eos_comparators_c9d2f047_GRPO_GRPO-Q-lr10-kl4_seed47,c9d2f047,qwen3-1.7b-base,GRPO,47,gsm8k,2372.6,1,NVIDIA H100 80GB HBM3,0.6590555555555555,eb9098e0dd1a4fccd5838ee8ea65144749b81c1459edd3290c677bd90c228d79,saved_archive/20260803T_beaker_reconciliation/strict-eos-calibration__c9d2f047/cell_result_gsm8k__q3_strict_eos_comparators_c9d2f047_GRPO_GRPO-Q-lr10-kl4_seed47__GRPO_s47.json,08518caaa6d896cf7853b3c3aded88a43d02c1b0e45d14cd4c4ca7334a363e5f,saved_archive/20260803T_beaker_reconciliation/strict-eos-calibration__c9d2f047/complete_gsm8k__q3_strict_eos_comparators_c9d2f047_GRPO_GRPO-Q-lr10-kl4_seed47__GRPO_s47.json,8d5eadb483b9d59b50dc13f452bf9d84547185efac6b35d917391c6903e86430
q3_strict_eos_comparators_c9d2f047_GRPO_GRPO-Q-lr10-kl4_seed73,c9d2f047,qwen3-1.7b-base,GRPO,73,gsm8k,2165.4,1,NVIDIA H100 80GB HBM3,0.6015,a7474554060d80e4168d28e576ac1ae1c55ff7237b53ec15c4c51103a810e98f,saved_archive/20260803T_beaker_reconciliation/strict-eos-calibration__c9d2f047/cell_result_gsm8k__q3_strict_eos_comparators_c9d2f047_GRPO_GRPO-Q-lr10-kl4_seed73__GRPO_s73.json,8db32387f2111f89fc84bbe19dcbe260c0f85fe9ca6cd421becc3ed89b1ec8af,saved_archive/20260803T_beaker_reconciliation/strict-eos-calibration__c9d2f047/complete_gsm8k__q3_strict_eos_comparators_c9d2f047_GRPO_GRPO-Q-lr10-kl4_seed73__GRPO_s73.json,9346c833a8f923ef3ad7de32a0b1e5cc1e0e8a18989b14e7c42f8a2536648897
q3_strict_eos_comparators_c9d2f047_GRPO_GRPO-Q-lr3-kl2_seed31,c9d2f047,qwen3-1.7b-base,GRPO,31,gsm8k,2280.8,1,NVIDIA H100 80GB HBM3,0.6335555555555556,2024367b79d9719d8e99e843be8ab12101e14d91254044e6ed444d48ac0836c0,saved_archive/20260803T_beaker_reconciliation/strict-eos-calibration__c9d2f047/cell_result_gsm8k__q3_strict_eos_comparators_c9d2f047_GRPO_GRPO-Q-lr3-kl2_seed31__GRPO_s31.json,753d59945f9451c13d920896a00a8aa778333ddc6bf51fe7e3f98a4553f4eeba,saved_archive/20260803T_beaker_reconciliation/strict-eos-calibration__c9d2f047/complete_gsm8k__q3_strict_eos_comparators_c9d2f047_GRPO_GRPO-Q-lr3-kl2_seed31__GRPO_s31.json,08147aa6cfc736ff426bdebcd410342416a47d614b8ee9505b5074532baefb69
q3_strict_eos_comparators_c9d2f047_GRPO_GRPO-Q-lr3-kl2_seed47,c9d2f047,qwen3-1.7b-base,GRPO,47,gsm8k,2332.5,1,NVIDIA H100 80GB HBM3,0.6479166666666667,ba3168b4bab082d2e7d7277946e60cc4ec22b606d110ca8f438f1c1564f675cb,saved_archive/20260803T_beaker_reconciliation/strict-eos-calibration__c9d2f047/cell_result_gsm8k__q3_strict_eos_comparators_c9d2f047_GRPO_GRPO-Q-lr3-kl2_seed47__GRPO_s47.json,ff1a0ef6b53a43ccdf67749f45142b281630b361ee6f18b9405bdb25938fa688,saved_archive/20260803T_beaker_reconciliation/strict-eos-calibration__c9d2f047/complete_gsm8k__q3_strict_eos_comparators_c9d2f047_GRPO_GRPO-Q-lr3-kl2_seed47__GRPO_s47.json,233d5f178fea5a50c69cf6700e3aeb39bdda389beca30b9af046d6a6871451a3
q3_strict_eos_comparators_c9d2f047_GRPO_GRPO-Q-lr3-kl2_seed73,c9d2f047,qwen3-1.7b-base,GRPO,73,gsm8k,2259.4,1,NVIDIA H100 80GB HBM3,0.6276111111111111,8015eb16a522ed0062ecd264c926e9f8bc256d3dc7811acb8aaa4dda8adcee06,saved_archive/20260803T_beaker_reconciliation/strict-eos-calibration__c9d2f047/cell_result_gsm8k__q3_strict_eos_comparators_c9d2f047_GRPO_GRPO-Q-lr3-kl2_seed73__GRPO_s73.json,bce6685cd708274e217f2d52d9c1f04c91c61916d69031c71f7b68e48a9b1249,saved_archive/20260803T_beaker_reconciliation/strict-eos-calibration__c9d2f047/complete_gsm8k__q3_strict_eos_comparators_c9d2f047_GRPO_GRPO-Q-lr3-kl2_seed73__GRPO_s73.json,22c59beb2051bc10e77c7b6f83bbaab31e5971a7774043d021546980b1a893c9
q3_strict_eos_comparators_c9d2f047_GRPO_GRPO-Q-lr3-kl4_seed31,c9d2f047,qwen3-1.7b-base,GRPO,31,gsm8k,2253.7,1,NVIDIA H100 80GB HBM3,0.6260277777777777,49f92f37b9b796f024587be332f2de44c5445ee9a79ad99d1bab0823ddcf06f8,saved_archive/20260803T_beaker_reconciliation/strict-eos-calibration__c9d2f047/cell_result_gsm8k__q3_strict_eos_comparators_c9d2f047_GRPO_GRPO-Q-lr3-kl4_seed31__GRPO_s31.json,dc359256a42a349848f5a61c7a08a5229c51b0478c437ee99790929237e2066a,saved_archive/20260803T_beaker_reconciliation/strict-eos-calibration__c9d2f047/complete_gsm8k__q3_strict_eos_comparators_c9d2f047_GRPO_GRPO-Q-lr3-kl4_seed31__GRPO_s31.json,f1615aaee25c66ae44ce266663757aa4bc1d320c1473c7588c063d32af10f209
q3_strict_eos_comparators_c9d2f047_GRPO_GRPO-Q-lr3-kl4_seed47,c9d2f047,qwen3-1.7b-base,GRPO,47,gsm8k,2404.0,1,NVIDIA H100 80GB HBM3,0.6677777777777778,df2cadc915910fe2cd1f8f3204e603e0c02b0b1366926ce97dd9e4fa0bbeacd9,saved_archive/20260803T_beaker_reconciliation/strict-eos-calibration__c9d2f047/cell_result_gsm8k__q3_strict_eos_comparators_c9d2f047_GRPO_GRPO-Q-lr3-kl4_seed47__GRPO_s47.json,b23b6992a5e7173ce2dbcc5f9f040a5dc715bd2130a26400e89c3b5dccebcbd4,saved_archive/20260803T_beaker_reconciliation/strict-eos-calibration__c9d2f047/complete_gsm8k__q3_strict_eos_comparators_c9d2f047_GRPO_GRPO-Q-lr3-kl4_seed47__GRPO_s47.json,49e185235f7b0d9cbaff8d05f6fa15623dc1cd0a8b7757bde31c3f334f0ac1ff
q3_strict_eos_comparators_c9d2f047_GRPO_GRPO-Q-lr3-kl4_seed73,c9d2f047,qwen3-1.7b-base,GRPO,73,gsm8k,2137.9,1,NVIDIA H100 80GB HBM3,0.5938611111111112,d76016074783c3d17efd430dd7afa6528275bbbc58e3ab17d55848a95d7097f1,saved_archive/20260803T_beaker_reconciliation/strict-eos-calibration__c9d2f047/cell_result_gsm8k__q3_strict_eos_comparators_c9d2f047_GRPO_GRPO-Q-lr3-kl4_seed73__GRPO_s73.json,647bf79791ae65bf721270b0660e0a9fc90cef059ac70c4efcdc096801c77f8e,saved_archive/20260803T_beaker_reconciliation/strict-eos-calibration__c9d2f047/complete_gsm8k__q3_strict_eos_comparators_c9d2f047_GRPO_GRPO-Q-lr3-kl4_seed73__GRPO_s73.json,8d36928d09a8a60f1cf2a43853933e032a6bb10b33cc820b04bb129879105d5b
q3_strict_eos_comparators_c9d2f047_RFT_RFT-AD-nominal_seed31,c9d2f047,qwen3-1.7b-base,RFT,31,gsm8k,2736.8,1,NVIDIA H100 80GB HBM3,0.7602222222222222,9df7776aac862273342fd19ea1c7d42f70087e4d05dba47816f536e08688403c,saved_archive/20260803T_beaker_reconciliation/strict-eos-calibration__c9d2f047/cell_result_gsm8k__q3_strict_eos_comparators_c9d2f047_RFT_RFT-AD-nominal_seed31__RFT_s31.json,7724a40b92f46153fbb17a4f853b37c69fe5bc4d14ef7a05e3e91905d3f801c1,saved_archive/20260803T_beaker_reconciliation/strict-eos-calibration__c9d2f047/complete_gsm8k__q3_strict_eos_comparators_c9d2f047_RFT_RFT-AD-nominal_seed31__RFT_s31.json,5936e10e19e3d0068cdfd46492afed8f8542b4b672cfdfb767a0f9fb38efcd4b
q3_strict_eos_comparators_c9d2f047_RFT_RFT-AD-nominal_seed47,c9d2f047,qwen3-1.7b-base,RFT,47,gsm8k,2693.3,1,NVIDIA H100 80GB HBM3,0.7481388888888889,c273bed8180a5512e6d9bb256dcc1c101b272aec6aa4c577b762a3739d968583,saved_archive/20260803T_beaker_reconciliation/strict-eos-calibration__c9d2f047/cell_result_gsm8k__q3_strict_eos_comparators_c9d2f047_RFT_RFT-AD-nominal_seed47__RFT_s47.json,0d992ae85b7aaf0447b36f8ff88aa049de8154154d332a4d485ee1dc6d9d5cf3,saved_archive/20260803T_beaker_reconciliation/strict-eos-calibration__c9d2f047/complete_gsm8k__q3_strict_eos_comparators_c9d2f047_RFT_RFT-AD-nominal_seed47__RFT_s47.json,ff160d7bf009497686df5007acd2f5f9e186f4118720d663b80a02edf6dadf40
q3_strict_eos_comparators_c9d2f047_RFT_RFT-AD-nominal_seed73,c9d2f047,qwen3-1.7b-base,RFT,73,gsm8k,2709.7,1,NVIDIA H100 80GB HBM3,0.7526944444444444,7c6a830ade409569bef932a23d98e28cb5b169ea9cb0fbac6a93c7ee3b623290,saved_archive/20260803T_beaker_reconciliation/strict-eos-calibration__c9d2f047/cell_result_gsm8k__q3_strict_eos_comparators_c9d2f047_RFT_RFT-AD-nominal_seed73__RFT_s73.json,e54e175a8f18318f875d2a5b9b6e0da866030ecab8b921bbabd86915bc3e45f5,saved_archive/20260803T_beaker_reconciliation/strict-eos-calibration__c9d2f047/complete_gsm8k__q3_strict_eos_comparators_c9d2f047_RFT_RFT-AD-nominal_seed73__RFT_s73.json,a06e0cc51c5b6634c6a06269b4522ad994fcde8463c2c652fc5a505db0bcf527
q3_strict_eos_comparators_c9d2f047_RFT_RFT-Q-lr10_seed31,c9d2f047,qwen3-1.7b-base,RFT,31,gsm8k,2573.9,1,NVIDIA H100 80GB HBM3,0.7149722222222222,2e911dedfe30177bdb7108d3fa1453880ceff93cc9a78edeedd9a81a0bb026bd,saved_archive/20260803T_beaker_reconciliation/strict-eos-calibration__c9d2f047/cell_result_gsm8k__q3_strict_eos_comparators_c9d2f047_RFT_RFT-Q-lr10_seed31__RFT_s31.json,05cb75b46a36270de860fbdfe12eb3c32d346e4a3901dccebdf8a7a5067cf17f,saved_archive/20260803T_beaker_reconciliation/strict-eos-calibration__c9d2f047/complete_gsm8k__q3_strict_eos_comparators_c9d2f047_RFT_RFT-Q-lr10_seed31__RFT_s31.json,02b51b25b9143b7251d4fe77c4d794837c14bcbbd8ce80f46eca5064dc47a60c
q3_strict_eos_comparators_c9d2f047_RFT_RFT-Q-lr10_seed47,c9d2f047,qwen3-1.7b-base,RFT,47,gsm8k,2424.3,1,NVIDIA H100 80GB HBM3,0.6734166666666667,2e18935263d42d29a603a82d400e591fb2bfd14410d422938a09ddbfab6f30e9,saved_archive/20260803T_beaker_reconciliation/strict-eos-calibration__c9d2f047/cell_result_gsm8k__q3_strict_eos_comparators_c9d2f047_RFT_RFT-Q-lr10_seed47__RFT_s47.json,764b4d8d4670299d681cb32295380f09e65701bafc88fe1e4965357aa30c17c4,saved_archive/20260803T_beaker_reconciliation/strict-eos-calibration__c9d2f047/complete_gsm8k__q3_strict_eos_comparators_c9d2f047_RFT_RFT-Q-lr10_seed47__RFT_s47.json,2460df7d5cf381ba53d10e68e2a1f17120d4a27620db270835f3549a1e6cb7c5
q3_strict_eos_comparators_c9d2f047_RFT_RFT-Q-lr10_seed73,c9d2f047,qwen3-1.7b-base,RFT,73,gsm8k,2139.9,1,NVIDIA H100 80GB HBM3,0.5944166666666667,568311cf22d6511e133e7b267e8fc721d15ac52c470406b0380e7ebcd7c701f5,saved_archive/20260803T_beaker_reconciliation/strict-eos-calibration__c9d2f047/cell_result_gsm8k__q3_strict_eos_comparators_c9d2f047_RFT_RFT-Q-lr10_seed73__RFT_s73.json,80164dae1e40c4a63eef1b755978b6c9e7383f15b56e08656fba8363b9e9a929,saved_archive/20260803T_beaker_reconciliation/strict-eos-calibration__c9d2f047/complete_gsm8k__q3_strict_eos_comparators_c9d2f047_RFT_RFT-Q-lr10_seed73__RFT_s73.json,2aeccd5fface3ad9f29f3e7a36a6248b16301e1c6fa8d3f6240bc55aa90e63e5
q3_strict_eos_comparators_c9d2f047_RFT_RFT-Q-lr30_seed31,c9d2f047,qwen3-1.7b-base,RFT,31,gsm8k,2145.4,1,NVIDIA H100 80GB HBM3,0.5959444444444445,928461d1d7bf1c4f2b0269e1142f39542da88cf838bce8291aaa2a614b94910d,saved_archive/20260803T_beaker_reconciliation/strict-eos-calibration__c9d2f047/cell_result_gsm8k__q3_strict_eos_comparators_c9d2f047_RFT_RFT-Q-lr30_seed31__RFT_s31.json,f08d7d2b0a7bf8ad5cec18037655feac61893e1909668e72241cbdc86eece461,saved_archive/20260803T_beaker_reconciliation/strict-eos-calibration__c9d2f047/complete_gsm8k__q3_strict_eos_comparators_c9d2f047_RFT_RFT-Q-lr30_seed31__RFT_s31.json,d363394f5cdadd7972f3028e47331ec43e40b9e4d69c6a1726afa5aef41abd3f
q3_strict_eos_comparators_c9d2f047_RFT_RFT-Q-lr30_seed47,c9d2f047,qwen3-1.7b-base,RFT,47,gsm8k,2615.1,1,NVIDIA H100 80GB HBM3,0.7264166666666666,efeaa2bf98bb8bddc01de8ca976d6ce83fbd58b20ae298757fb934b7865d6dfc,saved_archive/20260803T_beaker_reconciliation/strict-eos-calibration__c9d2f047/cell_result_gsm8k__q3_strict_eos_comparators_c9d2f047_RFT_RFT-Q-lr30_seed47__RFT_s47.json,5c15e6117122e927ce33d6b1d15cec9af9878b125d898400e61454acfa3a69f9,saved_archive/20260803T_beaker_reconciliation/strict-eos-calibration__c9d2f047/complete_gsm8k__q3_strict_eos_comparators_c9d2f047_RFT_RFT-Q-lr30_seed47__RFT_s47.json,292271386684b0e2d5048233b181302d39462191906f9acb2616a674a99846b7
q3_strict_eos_comparators_c9d2f047_RFT_RFT-Q-lr30_seed73,c9d2f047,qwen3-1.7b-base,RFT,73,gsm8k,2351.6,1,NVIDIA H100 80GB HBM3,0.6532222222222221,00212a92f31781f1186b28f5fad111f28e1cf4465cb564f9b43bba91ce1b3486,saved_archive/20260803T_beaker_reconciliation/strict-eos-calibration__c9d2f047/cell_result_gsm8k__q3_strict_eos_comparators_c9d2f047_RFT_RFT-Q-lr30_seed73__RFT_s73.json,f1e26eb55b36b83c3d9fdb69fb5e4ffcde7a742bdc30f70bf4e84cf247365a4d,saved_archive/20260803T_beaker_reconciliation/strict-eos-calibration__c9d2f047/complete_gsm8k__q3_strict_eos_comparators_c9d2f047_RFT_RFT-Q-lr30_seed73__RFT_s73.json,1aada3197e5c65fb2cf38f062618f6c3d2f71294c71f22582cb118db6b88be3d
q3_strict_eos_comparators_c9d2f047_RFT_RFT-Q-lr3_seed31,c9d2f047,qwen3-1.7b-base,RFT,31,gsm8k,2381.9,1,NVIDIA H100 80GB HBM3,0.6616388888888889,9531bad039c90188606c00706875823d5ee141b7983a00d4afcd3f8d6030ed2b,saved_archive/20260803T_beaker_reconciliation/strict-eos-calibration__c9d2f047/cell_result_gsm8k__q3_strict_eos_comparators_c9d2f047_RFT_RFT-Q-lr3_seed31__RFT_s31.json,5ab476518a20520ef5e9cc00b869d6bbd04b2ceb5cf0be629896f4019ad18e95,saved_archive/20260803T_beaker_reconciliation/strict-eos-calibration__c9d2f047/complete_gsm8k__q3_strict_eos_comparators_c9d2f047_RFT_RFT-Q-lr3_seed31__RFT_s31.json,734d517fa99d31f152e921c63c177ba3adc0f8d8da25b325e514e4f9b83bb3c1
q3_strict_eos_comparators_c9d2f047_RFT_RFT-Q-lr3_seed47,c9d2f047,qwen3-1.7b-base,RFT,47,gsm8k,2416.6,1,NVIDIA H100 80GB HBM3,0.6712777777777778,9bcfd8e5bcd859cf58e11e53db3a06156c5b20e8b821aaba6ecb54ff81d10e3d,saved_archive/20260803T_beaker_reconciliation/strict-eos-calibration__c9d2f047/cell_result_gsm8k__q3_strict_eos_comparators_c9d2f047_RFT_RFT-Q-lr3_seed47__RFT_s47.json,d19759d50cf42806bc7a2fcaabd496a5b88501c6a31072a791128fb78f497fbb,saved_archive/20260803T_beaker_reconciliation/strict-eos-calibration__c9d2f047/complete_gsm8k__q3_strict_eos_comparators_c9d2f047_RFT_RFT-Q-lr3_seed47__RFT_s47.json,fbf0215a917e6d6900c6aefcfe6ada5b34dab6fdd83069f033990bac424c9b68
q3_strict_eos_comparators_c9d2f047_RFT_RFT-Q-lr3_seed73,c9d2f047,qwen3-1.7b-base,RFT,73,gsm8k,2294.7,1,NVIDIA H100 80GB HBM3,0.6374166666666666,1c6aaaa26b7d3817523d8f16311cfb5514e13a2b652db9723237a1039e7149f7,saved_archive/20260803T_beaker_reconciliation/strict-eos-calibration__c9d2f047/cell_result_gsm8k__q3_strict_eos_comparators_c9d2f047_RFT_RFT-Q-lr3_seed73__RFT_s73.json,db953f1481c8bbe71e7717328f91feea6045cf05927641fb049d0dc901b4d32a,saved_archive/20260803T_beaker_reconciliation/strict-eos-calibration__c9d2f047/complete_gsm8k__q3_strict_eos_comparators_c9d2f047_RFT_RFT-Q-lr3_seed73__RFT_s73.json,564d84abc9e60530d1638d17fb3e927a80233e7ce1abc8d0307db66e1cb1b083
q3_strict_eos_comparators_c9d2f047_RLOO_RLOO-AD-nominal_seed31,c9d2f047,qwen3-1.7b-base,RLOO,31,gsm8k,2685.9,1,NVIDIA H100 80GB HBM3,0.7460833333333333,d925096f2620c157892e86d88c48ed2d31c1e86a5f9242955e3f7e41e680cc90,saved_archive/20260803T_beaker_reconciliation/strict-eos-calibration__c9d2f047/cell_result_gsm8k__q3_strict_eos_comparators_c9d2f047_RLOO_RLOO-AD-nominal_seed31__RLOO_s31.json,d14414f71a1262492ff99b30bca416ec115122c0b6f627e6030cfc54188e76cd,saved_archive/20260803T_beaker_reconciliation/strict-eos-calibration__c9d2f047/complete_gsm8k__q3_strict_eos_comparators_c9d2f047_RLOO_RLOO-AD-nominal_seed31__RLOO_s31.json,cf20bc50cf8f5124dcdf5ed831b0bb6c1d363e65c8c1f834bfbefd82d91446af
q3_strict_eos_comparators_c9d2f047_RLOO_RLOO-AD-nominal_seed47,c9d2f047,qwen3-1.7b-base,RLOO,47,gsm8k,2711.3,1,NVIDIA H100 80GB HBM3,0.7531388888888889,3289df83fa148b466fffaaa3da714affabedbbb2e984af6ec87c32a6f5d1325d,saved_archive/20260803T_beaker_reconciliation/strict-eos-calibration__c9d2f047/cell_result_gsm8k__q3_strict_eos_comparators_c9d2f047_RLOO_RLOO-AD-nominal_seed47__RLOO_s47.json,0dc7517de8523790c982fcdc2a773e499ab56e271f08d8e22f9090ee712cd358,saved_archive/20260803T_beaker_reconciliation/strict-eos-calibration__c9d2f047/complete_gsm8k__q3_strict_eos_comparators_c9d2f047_RLOO_RLOO-AD-nominal_seed47__RLOO_s47.json,a23687461f7f9ae3adba9d8808ea4d46732687f068eae93e33c44faa44dacf76
q3_strict_eos_comparators_c9d2f047_RLOO_RLOO-AD-nominal_seed73,c9d2f047,qwen3-1.7b-base,RLOO,73,gsm8k,2453.5,1,NVIDIA H100 80GB HBM3,0.6815277777777777,5f7b2116c7cbc2b7b846e9eb361c35254f4d3c4b43c1ba70ec738de93154df7d,saved_archive/20260803T_beaker_reconciliation/strict-eos-calibration__c9d2f047/cell_result_gsm8k__q3_strict_eos_comparators_c9d2f047_RLOO_RLOO-AD-nominal_seed73__RLOO_s73.json,802d55ed35765daecdf44b476f176977ba333009c3d44a9a110643216c36df90,saved_archive/20260803T_beaker_reconciliation/strict-eos-calibration__c9d2f047/complete_gsm8k__q3_strict_eos_comparators_c9d2f047_RLOO_RLOO-AD-nominal_seed73__RLOO_s73.json,e51db5b99424f134504b5716ffa5a9aef110177297600869ab69110101947f05
q3_strict_eos_comparators_c9d2f047_RLOO_RLOO-Q-lr10-kl1_seed31,c9d2f047,qwen3-1.7b-base,RLOO,31,gsm8k,2888.1,1,NVIDIA H100 80GB HBM3,0.80225,cc7312a9a914881724bc3fe6fb967005389c9dfe6b84b834edcad3e9e123883b,saved_archive/20260803T_beaker_reconciliation/strict-eos-calibration__c9d2f047/cell_result_gsm8k__q3_strict_eos_comparators_c9d2f047_RLOO_RLOO-Q-lr10-kl1_seed31__RLOO_s31.json,dd4c683a9ba66a1e1cf8e57ad46afada62a56c38771ccc6d094583d994b0cd67,saved_archive/20260803T_beaker_reconciliation/strict-eos-calibration__c9d2f047/complete_gsm8k__q3_strict_eos_comparators_c9d2f047_RLOO_RLOO-Q-lr10-kl1_seed31__RLOO_s31.json,0c04cb552da62b248ff780acb43e28af3e2f42b20d94a5e61463923e03cf610f
q3_strict_eos_comparators_c9d2f047_RLOO_RLOO-Q-lr10-kl1_seed47,c9d2f047,qwen3-1.7b-base,RLOO,47,gsm8k,2865.6,1,NVIDIA H100 80GB HBM3,0.7959999999999999,82ad908896bafed979b8f3300ae7852dc2ade4e8864b0053133482acb895ac4d,saved_archive/20260803T_beaker_reconciliation/strict-eos-calibration__c9d2f047/cell_result_gsm8k__q3_strict_eos_comparators_c9d2f047_RLOO_RLOO-Q-lr10-kl1_seed47__RLOO_s47.json,1e65a475dbaabab8a1e8c83d5c8bed018ddbbace6337bb9831cb468fbb8e1c2f,saved_archive/20260803T_beaker_reconciliation/strict-eos-calibration__c9d2f047/complete_gsm8k__q3_strict_eos_comparators_c9d2f047_RLOO_RLOO-Q-lr10-kl1_seed47__RLOO_s47.json,9b94f77f9f9dec9f915f28e305ab0c53af42994f830afee9c5368361837a68b8
q3_strict_eos_comparators_c9d2f047_RLOO_RLOO-Q-lr10-kl1_seed73,c9d2f047,qwen3-1.7b-base,RLOO,73,gsm8k,2790.1,1,NVIDIA H100 80GB HBM3,0.7750277777777778,5e827c42a5dce66c85532ecc51f04c234d58377210cac0f72cc08de23999eb80,saved_archive/20260803T_beaker_reconciliation/strict-eos-calibration__c9d2f047/cell_result_gsm8k__q3_strict_eos_comparators_c9d2f047_RLOO_RLOO-Q-lr10-kl1_seed73__RLOO_s73.json,9f9a5f274e09f99cb5f7436ba7beadb2c7074d5d57aed064aa1a56598ef558fc,saved_archive/20260803T_beaker_reconciliation/strict-eos-calibration__c9d2f047/complete_gsm8k__q3_strict_eos_comparators_c9d2f047_RLOO_RLOO-Q-lr10-kl1_seed73__RLOO_s73.json,a695a14a1452c791327759dcc21b862a1dea98c00c52e005a6e5d307bcb2c634
q3_strict_eos_comparators_c9d2f047_RLOO_RLOO-Q-lr10-kl3_seed31,c9d2f047,qwen3-1.7b-base,RLOO,31,gsm8k,2695.0,1,NVIDIA H100 80GB HBM3,0.7486111111111111,3b441afed08631e23633e4f3598dabbc8733f3af591d879b68352b24719a2ab3,saved_archive/20260803T_beaker_reconciliation/strict-eos-calibration__c9d2f047/cell_result_gsm8k__q3_strict_eos_comparators_c9d2f047_RLOO_RLOO-Q-lr10-kl3_seed31__RLOO_s31.json,ab210310cef7dffd655e33b8153911ca7d0a338dd5e11435e3d4944381dda201,saved_archive/20260803T_beaker_reconciliation/strict-eos-calibration__c9d2f047/complete_gsm8k__q3_strict_eos_comparators_c9d2f047_RLOO_RLOO-Q-lr10-kl3_seed31__RLOO_s31.json,52d5ded86c6634f65e8f3867b0eefb2e8a48953255a2a067bbac2b1711c96414
q3_strict_eos_comparators_c9d2f047_RLOO_RLOO-Q-lr10-kl3_seed47,c9d2f047,qwen3-1.7b-base,RLOO,47,gsm8k,2625.3,1,NVIDIA H100 80GB HBM3,0.7292500000000001,899ab209d6cfbd4a2f05f0d19fcc529ae36c4d1385529a6d99cf2ef14af91a03,saved_archive/20260803T_beaker_reconciliation/strict-eos-calibration__c9d2f047/cell_result_gsm8k__q3_strict_eos_comparators_c9d2f047_RLOO_RLOO-Q-lr10-kl3_seed47__RLOO_s47.json,c7ea6ac62fef661b2492a8fce1bd6ef8292fdd66cb7773b9469e3f1df00295cf,saved_archive/20260803T_beaker_reconciliation/strict-eos-calibration__c9d2f047/complete_gsm8k__q3_strict_eos_comparators_c9d2f047_RLOO_RLOO-Q-lr10-kl3_seed47__RLOO_s47.json,3fe0e8e120d08c46f348635f94d1ce99cf8e58d432e134f8d827792512e8b5e1
q3_strict_eos_comparators_c9d2f047_RLOO_RLOO-Q-lr10-kl3_seed73,c9d2f047,qwen3-1.7b-base,RLOO,73,gsm8k,2601.1,1,NVIDIA H100 80GB HBM3,0.7225277777777778,7da18cf0730dd9a02908bd27f768d5cde1bce13c3fa6be01eb2f485af4c584fa,saved_archive/20260803T_beaker_reconciliation/strict-eos-calibration__c9d2f047/cell_result_gsm8k__q3_strict_eos_comparators_c9d2f047_RLOO_RLOO-Q-lr10-kl3_seed73__RLOO_s73.json,61419f3c6e46088e0b8541fc3d8199c7306f24229598b0f332b6c4218760fb8c,saved_archive/20260803T_beaker_reconciliation/strict-eos-calibration__c9d2f047/complete_gsm8k__q3_strict_eos_comparators_c9d2f047_RLOO_RLOO-Q-lr10-kl3_seed73__RLOO_s73.json,eaab327a60d64c510ca811ddd79dbf04a21b4a1da951c6ab7e76a788a0cbf55f
q3_strict_eos_comparators_c9d2f047_RLOO_RLOO-Q-lr20-kl1_seed31,c9d2f047,qwen3-1.7b-base,RLOO,31,gsm8k,2556.3,1,NVIDIA H100 80GB HBM3,0.7100833333333334,d57cacb130159bfcbdc545846db17e86dd3e0222d03b3c191adbdd1848a3c326,saved_archive/20260803T_beaker_reconciliation/strict-eos-calibration__c9d2f047/cell_result_gsm8k__q3_strict_eos_comparators_c9d2f047_RLOO_RLOO-Q-lr20-kl1_seed31__RLOO_s31.json,3a599b37cc20580864279eff78224b8a225214e2ea417fe33cda6218db2fa1fa,saved_archive/20260803T_beaker_reconciliation/strict-eos-calibration__c9d2f047/complete_gsm8k__q3_strict_eos_comparators_c9d2f047_RLOO_RLOO-Q-lr20-kl1_seed31__RLOO_s31.json,4d36306007771e561ceb0f5a6fce87abd5b878ff84290a1f2ac51124a74ea846
q3_strict_eos_comparators_c9d2f047_RLOO_RLOO-Q-lr20-kl1_seed47,c9d2f047,qwen3-1.7b-base,RLOO,47,gsm8k,2805.8,1,NVIDIA H100 80GB HBM3,0.7793888888888889,6f13f2a1173cc4aff8ad07c70005131be103dd43a158dbd3fe37b97702b97a77,saved_archive/20260803T_beaker_reconciliation/strict-eos-calibration__c9d2f047/cell_result_gsm8k__q3_strict_eos_comparators_c9d2f047_RLOO_RLOO-Q-lr20-kl1_seed47__RLOO_s47.json,f29e62c60919159ef4eeeb7370402e59b3f328123199e2a73331e6ecfb04e353,saved_archive/20260803T_beaker_reconciliation/strict-eos-calibration__c9d2f047/complete_gsm8k__q3_strict_eos_comparators_c9d2f047_RLOO_RLOO-Q-lr20-kl1_seed47__RLOO_s47.json,0a389c9dfdfb093a9057261f73958ab07cb35cdc7c4d5af9b0d89110e3cfe004
q3_strict_eos_comparators_c9d2f047_RLOO_RLOO-Q-lr20-kl1_seed73,c9d2f047,qwen3-1.7b-base,RLOO,73,gsm8k,2718.8,1,NVIDIA H100 80GB HBM3,0.7552222222222222,b16cebf8ea48a0fe93bc68f01e38233a069e78e0648b12cc0bdde702627e4b03,saved_archive/20260803T_beaker_reconciliation/strict-eos-calibration__c9d2f047/cell_result_gsm8k__q3_strict_eos_comparators_c9d2f047_RLOO_RLOO-Q-lr20-kl1_seed73__RLOO_s73.json,61be8590a205baf1afba05a9250af00e8386161cb628d0611b761d9620b7c3fc,saved_archive/20260803T_beaker_reconciliation/strict-eos-calibration__c9d2f047/complete_gsm8k__q3_strict_eos_comparators_c9d2f047_RLOO_RLOO-Q-lr20-kl1_seed73__RLOO_s73.json,577f737e0e16a12cbc52649e7e53202c1d62d69351bed4e136da604d86205d62
q3_strict_eos_comparators_c9d2f047_RLOO_RLOO-Q-lr20-kl3_seed31,c9d2f047,qwen3-1.7b-base,RLOO,31,gsm8k,2765.6,1,NVIDIA H100 80GB HBM3,0.7682222222222223,61c0af72082e1196ff4d1776710e244cbdff3d65f08f757cb44c8b9c493ca65a,saved_archive/20260803T_beaker_reconciliation/strict-eos-calibration__c9d2f047/cell_result_gsm8k__q3_strict_eos_comparators_c9d2f047_RLOO_RLOO-Q-lr20-kl3_seed31__RLOO_s31.json,de1a7940ac2278cb89a6f30cb86773f79602f9913f1c10a76222ce0b82a9c34e,saved_archive/20260803T_beaker_reconciliation/strict-eos-calibration__c9d2f047/complete_gsm8k__q3_strict_eos_comparators_c9d2f047_RLOO_RLOO-Q-lr20-kl3_seed31__RLOO_s31.json,ac383d254d60004f81a68ba10a5fece2dd107ef2c8377bd1f90876deed0462b7
q3_strict_eos_comparators_c9d2f047_RLOO_RLOO-Q-lr20-kl3_seed47,c9d2f047,qwen3-1.7b-base,RLOO,47,gsm8k,2823.5,1,NVIDIA H100 80GB HBM3,0.7843055555555556,085cabe1b42c7e30e95f1e1ffcf640fbf50ed3b8e41d8abffc52408369614e38,saved_archive/20260803T_beaker_reconciliation/strict-eos-calibration__c9d2f047/cell_result_gsm8k__q3_strict_eos_comparators_c9d2f047_RLOO_RLOO-Q-lr20-kl3_seed47__RLOO_s47.json,952fbcbda9bcd667cbeb446add0fc61fc5d9ad1d47ba9e3c87edffc239ee54a8,saved_archive/20260803T_beaker_reconciliation/strict-eos-calibration__c9d2f047/complete_gsm8k__q3_strict_eos_comparators_c9d2f047_RLOO_RLOO-Q-lr20-kl3_seed47__RLOO_s47.json,6a680bf974f605e4331ab396e0650d411a8a78779dd169bc26d62dd51188780b
q3_strict_eos_comparators_c9d2f047_RLOO_RLOO-Q-lr20-kl3_seed73,c9d2f047,qwen3-1.7b-base,RLOO,73,gsm8k,2625.4,1,NVIDIA H100 80GB HBM3,0.7292777777777778,a08e365426e6f430d0f69b425d70c3eec910a76cc5f12c6b15daeaa7f1ee9db8,saved_archive/20260803T_beaker_reconciliation/strict-eos-calibration__c9d2f047/cell_result_gsm8k__q3_strict_eos_comparators_c9d2f047_RLOO_RLOO-Q-lr20-kl3_seed73__RLOO_s73.json,18c52f5325f65e921c6cc1616b0e8cd5631ea244737c78907ae9cee71f064d8f,saved_archive/20260803T_beaker_reconciliation/strict-eos-calibration__c9d2f047/complete_gsm8k__q3_strict_eos_comparators_c9d2f047_RLOO_RLOO-Q-lr20-kl3_seed73__RLOO_s73.json,6e16103fe2b952dc87c0f5f46642be8c8d5a4f128e6a7925157b7e293d1aad54
q3_strict_eos_comparators_c9d2f047_RLOO_RLOO-Q-lr5-kl1_seed31,c9d2f047,qwen3-1.7b-base,RLOO,31,gsm8k,2854.7,1,NVIDIA H100 80GB HBM3,0.7929722222222222,af325cc6fed9efceb86fb62f4bf91231d79082818aecbf6cfbe75d71c62ebde9,saved_archive/20260803T_beaker_reconciliation/strict-eos-calibration__c9d2f047/cell_result_gsm8k__q3_strict_eos_comparators_c9d2f047_RLOO_RLOO-Q-lr5-kl1_seed31__RLOO_s31.json,f1cf02f65dbf453ea33044e535b9ad43d90f9ea968ebb966fd9086b6bcb42378,saved_archive/20260803T_beaker_reconciliation/strict-eos-calibration__c9d2f047/complete_gsm8k__q3_strict_eos_comparators_c9d2f047_RLOO_RLOO-Q-lr5-kl1_seed31__RLOO_s31.json,c48157bb1ed33d32d84b33fc31cc4c72b2e5dce1a6c7924f0c094bb649721a86
q3_strict_eos_comparators_c9d2f047_RLOO_RLOO-Q-lr5-kl1_seed47,c9d2f047,qwen3-1.7b-base,RLOO,47,gsm8k,3102.6,1,NVIDIA H100 80GB HBM3,0.8618333333333333,9586c8a1267a87c7f27d2003e7b5600496cb110013dc7e9357d754bfe96b0341,saved_archive/20260803T_beaker_reconciliation/strict-eos-calibration__c9d2f047/cell_result_gsm8k__q3_strict_eos_comparators_c9d2f047_RLOO_RLOO-Q-lr5-kl1_seed47__RLOO_s47.json,6bdb5d407634c54c22ee04f0a4c3f79bbf3f6c0a02c100f3e9a483102ba3f7b7,saved_archive/20260803T_beaker_reconciliation/strict-eos-calibration__c9d2f047/complete_gsm8k__q3_strict_eos_comparators_c9d2f047_RLOO_RLOO-Q-lr5-kl1_seed47__RLOO_s47.json,b1e17865fa998f98ee55980824f4e69095129da4b55387babd673e0adac5fb28
q3_strict_eos_comparators_c9d2f047_RLOO_RLOO-Q-lr5-kl1_seed73,c9d2f047,qwen3-1.7b-base,RLOO,73,gsm8k,2707.5,1,NVIDIA H100 80GB HBM3,0.7520833333333333,47a4dc77d483d62ef7a953934828b5852150caeb721ee90644d8767f56aad2a0,saved_archive/20260803T_beaker_reconciliation/strict-eos-calibration__c9d2f047/cell_result_gsm8k__q3_strict_eos_comparators_c9d2f047_RLOO_RLOO-Q-lr5-kl1_seed73__RLOO_s73.json,d13b270c00c1b7429ec3b9c35dfb9be7dfaa6c9f159ec9a1a8f482c3b6466b30,saved_archive/20260803T_beaker_reconciliation/strict-eos-calibration__c9d2f047/complete_gsm8k__q3_strict_eos_comparators_c9d2f047_RLOO_RLOO-Q-lr5-kl1_seed73__RLOO_s73.json,7fae80027d45eedf8d545345a05c5c39caba0b9b0fc222411906ee22701bb2b8
q3_strict_eos_comparators_c9d2f047_RLOO_RLOO-Q-lr5-kl3_seed31,c9d2f047,qwen3-1.7b-base,RLOO,31,gsm8k,2771.5,1,NVIDIA H100 80GB HBM3,0.7698611111111111,e98299ab9b9ea97b56f6248b08018633df826b84782dd14383310733885b0ec6,saved_archive/20260803T_beaker_reconciliation/strict-eos-calibration__c9d2f047/cell_result_gsm8k__q3_strict_eos_comparators_c9d2f047_RLOO_RLOO-Q-lr5-kl3_seed31__RLOO_s31.json,e64924adfafecbb24ce36e7ff300ae2041bc8931591314f2a1176e33c23387fe,saved_archive/20260803T_beaker_reconciliation/strict-eos-calibration__c9d2f047/complete_gsm8k__q3_strict_eos_comparators_c9d2f047_RLOO_RLOO-Q-lr5-kl3_seed31__RLOO_s31.json,856dac01b2a2d7fea4f9db9f6cf72d07a29adf5955f58eafebcccbc12796d0e2
q3_strict_eos_comparators_c9d2f047_RLOO_RLOO-Q-lr5-kl3_seed47,c9d2f047,qwen3-1.7b-base,RLOO,47,gsm8k,3020.2,1,NVIDIA H100 80GB HBM3,0.8389444444444444,9d7b54839176dc576dfca6dd0c653efff795dd70897623a22e68484f2ca2df82,saved_archive/20260803T_beaker_reconciliation/strict-eos-calibration__c9d2f047/cell_result_gsm8k__q3_strict_eos_comparators_c9d2f047_RLOO_RLOO-Q-lr5-kl3_seed47__RLOO_s47.json,0f11cedb1e027be6541e0bfd955dab8bb53e99d0e3eb894e4c2625679b125fb9,saved_archive/20260803T_beaker_reconciliation/strict-eos-calibration__c9d2f047/complete_gsm8k__q3_strict_eos_comparators_c9d2f047_RLOO_RLOO-Q-lr5-kl3_seed47__RLOO_s47.json,4cd08764ae654875a5e2ba1c4d4d1c9ecd5185195efbe3339840160dc9fd1679
q3_strict_eos_comparators_c9d2f047_RLOO_RLOO-Q-lr5-kl3_seed73,c9d2f047,qwen3-1.7b-base,RLOO,73,gsm8k,2886.9,1,NVIDIA H100 80GB HBM3,0.8019166666666667,ee8ee2c418fb329f1fe8fa8df6971e9468b68d5fddfa52a2e100bf5dece9c565,saved_archive/20260803T_beaker_reconciliation/strict-eos-calibration__c9d2f047/cell_result_gsm8k__q3_strict_eos_comparators_c9d2f047_RLOO_RLOO-Q-lr5-kl3_seed73__RLOO_s73.json,74e0e71acfbfb18fd14c3b1724b786bf23d67312932a2fb514705b4c870f52f8,saved_archive/20260803T_beaker_reconciliation/strict-eos-calibration__c9d2f047/complete_gsm8k__q3_strict_eos_comparators_c9d2f047_RLOO_RLOO-Q-lr5-kl3_seed73__RLOO_s73.json,fd01eca52c139eb3201264eed35e389ca8ff8f317b1975f94cbaeff72a51ce27
qwen3_8b_math_chat_training_smoke_20260824_b6e3f840_AC-ALG1_SMOKE-Q5-B64-G16_seed1561,b6e3f840,qwen3-8b-chat,AC-ALG1,1561,hendrycks_math_chat,253.4,1,NVIDIA H100 80GB HBM3,0.07038888888888889,e3f5c0bf73e5b5ea95f8b8df090e89569ad3d649bad754f335aa68f8845297a7,research_repository/ResultsArchive/incoming/qwen3-8b-chat-training-smoke__b6e3f840/result/cell_result_hendrycks_math_chat__qwen3_8b_math_chat_training_smoke_20260824_b6e3f840_AC-ALG1_SMOKE-Q5-B64-G16_seed1561__AC-ALG1_s1561.json,dfa28f9a20a2496f2b90f4aa4772121cd0348292471d09a37e562d03f5a6583f,research_repository/ResultsArchive/incoming/qwen3-8b-chat-training-smoke__b6e3f840/result/complete_hendrycks_math_chat__qwen3_8b_math_chat_training_smoke_20260824_b6e3f840_AC-ALG1_SMOKE-Q5-B64-G16_seed1561__AC-ALG1_s1561.json,b102f88cc3664235beaeda392c06887df05ed0a58c5d9430d4dac67dd07b8910
qwen3_8b_math_chat_training_smoke_20260824_b6e3f840_GRPO_SMOKE-GRPO-B64-G16_seed1561,b6e3f840,qwen3-8b-chat,GRPO,1561,hendrycks_math_chat,375.6,1,NVIDIA H100 80GB HBM3,0.10433333333333333,1520be16263cc95374dc3b7e57c8745addf027dfd4780f5749a38c2196595f80,research_repository/ResultsArchive/incoming/qwen3-8b-chat-training-smoke__b6e3f840/result/cell_result_hendrycks_math_chat__qwen3_8b_math_chat_training_smoke_20260824_b6e3f840_GRPO_SMOKE-GRPO-B64-G16_seed1561__GRPO_s1561.json,c01641da2a2affdab4f614eb53dcd276b2dea7823aaf553746186b92dbf52c68,research_repository/ResultsArchive/incoming/qwen3-8b-chat-training-smoke__b6e3f840/result/complete_hendrycks_math_chat__qwen3_8b_math_chat_training_smoke_20260824_b6e3f840_GRPO_SMOKE-GRPO-B64-G16_seed1561__GRPO_s1561.json,7c07c222b6161fcf2ca8b64dc6002a24027608bf424035fefe353d1abdea2908
qwen3_8b_math_chat_training_smoke_20260824_b6e3f840_STaR_SMOKE-STAR-B16-G1_seed1561,b6e3f840,qwen3-8b-chat,STaR,1561,hendrycks_math_chat,542.8,1,NVIDIA H100 80GB HBM3,0.15077777777777776,9a423f1e9817cf1f890a00ff2e56631ffa1c1dcc4cd0fd6497da3bfaccb9b080,research_repository/ResultsArchive/incoming/qwen3-8b-chat-training-smoke__b6e3f840/result/cell_result_hendrycks_math_chat__qwen3_8b_math_chat_training_smoke_20260824_b6e3f840_STaR_SMOKE-STAR-B16-G1_seed1561__STaR_s1561.json,2eaf4c9ca26642d7ed313f9844708fa1c68fe892effbce389254e9448ff69cfb,research_repository/ResultsArchive/incoming/qwen3-8b-chat-training-smoke__b6e3f840/result/complete_hendrycks_math_chat__qwen3_8b_math_chat_training_smoke_20260824_b6e3f840_STaR_SMOKE-STAR-B16-G1_seed1561__STaR_s1561.json,6ea4dfef7b04776d81a6ebaa4af460b25ec531544a8bc384a82008f47ad189a7
qwen3_8b_math_chat_training_smoke_20260824_b6e3f840_TRICE_SMOKE-TRICE-B64-G1_seed1561,b6e3f840,qwen3-8b-chat,TRICE,1561,hendrycks_math_chat,441.9,1,NVIDIA H100 80GB HBM3,0.12275,b983b799f35cb5d526b110221ad5462e539774f98b247c2d3fd286eb0e8c1116,research_repository/ResultsArchive/incoming/qwen3-8b-chat-training-smoke__b6e3f840/result/cell_result_hendrycks_math_chat__qwen3_8b_math_chat_training_smoke_20260824_b6e3f840_TRICE_SMOKE-TRICE-B64-G1_seed1561__TRICE_s1561.json,f07e011d38474d7f121eef6b81edc49dce5d17f1ac763258ec1cf72b9f757b59,research_repository/ResultsArchive/incoming/qwen3-8b-chat-training-smoke__b6e3f840/result/complete_hendrycks_math_chat__qwen3_8b_math_chat_training_smoke_20260824_b6e3f840_TRICE_SMOKE-TRICE-B64-G1_seed1561__TRICE_s1561.json,657ec46ad8eaca33330f453a69d3012f109a3392fc1adcb71f5a17cff291a74e
