study,cell,proposal,seed,round,S,M,J,allocation_phase,nonempty_questions,mean_trace_count,mean_entropy,mean_normalized_entropy,mean_effective_count,mean_effective_fraction,mean_largest_weight,mean_correct_trace_mass,mean_trace_age,buffer_rows_all_questions,buffer_active_questions,buffer_lifecycle,refresh
common_grid,VIN-S8-B8-U1,question,31,0,8,8,1,after_last_inner_refresh,8,7.375,0.018991724323598354,0.009133130883575043,1.0081642588216342,0.13985982030216437,0.996025450527668,0.6249584711160425,0,59,8,persistent,inner_step
common_grid,VIN-S8-B8-U1,question,31,1,8,8,1,after_last_inner_refresh,8,6.375,0.1954445227898633,0.1003736129639745,1.1633789302592477,0.1827266250392884,0.9360719099640846,0.3875543968531932,0,110,16,persistent,inner_step
common_grid,VIN-S8-B8-U1,question,31,2,8,8,1,after_last_inner_refresh,8,6.25,0.05047016655360454,0.027100310805933555,1.025633182532862,0.16781453857256512,0.9877870455384254,0.8750000130388086,0,160,24,persistent,inner_step
common_grid,VIN-S8-B8-U1,question,31,3,8,8,1,after_last_inner_refresh,8,7,0.1136127809466651,0.055902125269724316,1.0824289219825975,0.1569130942977466,0.9636404663324356,0.9999804940131447,0,216,32,persistent,inner_step
common_grid,VIN-S8-B8-U1,question,31,4,8,8,1,after_last_inner_refresh,8,6.875,0.1025701599922517,0.05334266126587708,1.0552167990000483,0.15613995983532467,0.9742513820528984,0.5073249702045028,0,271,40,persistent,inner_step
common_grid,VIN-S8-B8-U1,question,31,5,8,8,1,after_last_inner_refresh,8,6,0.10902065348205954,0.06335766563529566,1.0827866620574784,0.19587199554536253,0.9636189416050911,0.7748300494382109,0,319,48,persistent,inner_step
common_grid,VIN-S8-B8-U1,question,31,6,8,8,1,after_last_inner_refresh,8,7.25,0.07307540618510903,0.03965781573264405,1.0503116765684053,0.1480118919957601,0.9775939807295799,0.8750000036980699,0,377,56,persistent,inner_step
common_grid,VIN-S8-B8-U1,question,31,7,8,8,1,after_last_inner_refresh,8,7,0.3285967134887956,0.16367177826063709,1.4003437142758166,0.20048718531072623,0.8395995944738388,0.9359819490278101,0,433,64,persistent,inner_step
common_grid,VIN-S8-B8-U1,question,31,8,8,8,1,after_last_inner_refresh,8,6.375,0.10859071369798434,0.0632913153067048,1.0722037308192325,0.17203452851452217,0.9673499837517738,0.6386891061808961,0,484,72,persistent,inner_step
common_grid,VIN-S8-B8-U1,question,31,9,8,8,1,after_last_inner_refresh,8,6.75,0.09722178586093805,0.05290017672808395,1.054242444388093,0.15901313097667044,0.9744966477155685,0.7498858621478058,0,538,80,persistent,inner_step
common_grid,VIN-S8-B8-U1,question,31,10,8,8,1,after_last_inner_refresh,8,5.875,0.0002783841036427097,0.00014540106057688376,1.0000504595353898,0.18468003989852183,0.9999747723340988,0.24999420820277637,0,585,88,persistent,inner_step
common_grid,VIN-S8-B8-U1,question,31,11,8,8,1,after_last_inner_refresh,8,6.5,0.12612978466037977,0.06194707876064279,1.1279601655144949,0.17367545847315055,0.9444730430841446,0.42602756813046044,0,637,96,persistent,inner_step
common_grid,VIN-S8-B8-U1,question,31,12,8,8,1,after_last_inner_refresh,8,6.375,0.229188412720594,0.11385009536139144,1.3308288037372464,0.20461342856589357,0.8813896030187607,0.6250001708624914,0,688,104,persistent,inner_step
common_grid,VIN-S8-B8-U1,question,31,13,8,8,1,after_last_inner_refresh,8,6.5,0.02192874877856736,0.012149848649597837,1.0101657047765291,0.1564446025719985,0.9950910583138466,0.7499999565668634,0,740,112,persistent,inner_step
common_grid,VIN-S8-B8-U1,question,31,14,8,8,1,after_last_inner_refresh,8,5.625,0.08717594466472689,0.0478371987999561,1.059516110527623,0.1927585931673156,0.9735836237668991,0.7473088574026356,0,785,120,persistent,inner_step
common_grid,VIN-S8-B8-U1,question,31,15,8,8,1,after_last_inner_refresh,8,6.375,0.15357751553813853,0.08115734449127393,1.1673572412159416,0.18580509323792593,0.9244354739785194,0.8005924059098387,0,836,128,persistent,inner_step
common_grid,VIN-S8-B8-U1,question,31,16,8,8,1,after_last_inner_refresh,8,8,0.08875665506439273,0.04268292870243057,1.0753327717217567,0.13441659646521958,0.9682978987693787,0.22374318012438577,1.453125,844,128,persistent,inner_step
common_grid,VIN-S8-B8-U1,question,31,17,8,8,1,after_last_inner_refresh,8,7.75,0.17517354659600953,0.08424066920930628,1.1616183405005718,0.15041062589590481,0.9319001361727715,0.874997733718142,2.015625,861,128,persistent,inner_step
common_grid,VIN-S8-B8-U1,question,31,18,8,8,1,after_last_inner_refresh,8,8,0.13291641016176847,0.06391928193104894,1.1510767685040113,0.1438845960630014,0.9338854998350143,0.9999998752305018,1.21875,870,128,persistent,inner_step
common_grid,VIN-S8-B8-U1,question,31,19,8,8,1,after_last_inner_refresh,8,8,0.23317565803793852,0.11213378850245155,1.213941954778221,0.15174274434727764,0.908143125474453,0.886565676079999,1.359375,878,128,persistent,inner_step
common_grid,VIN-S8-B8-U1,question,31,20,8,8,1,after_last_inner_refresh,8,8,0.09191366741079517,0.04420113072115724,1.0824527636015828,0.13530659545019785,0.9650129228830338,0.5042524749739811,2.453125,892,128,persistent,inner_step
common_grid,VIN-S8-B8-U1,question,31,21,8,8,1,after_last_inner_refresh,8,8,0.35951007022677867,0.17288779848860553,1.3938787496992968,0.1742348437124121,0.8455337136983871,0.7496279881654402,1.796875,901,128,persistent,inner_step
common_grid,VIN-S8-B8-U1,question,31,22,8,8,1,after_last_inner_refresh,8,8,0.10411040597378812,0.05006652213444028,1.089598293960012,0.1361997867450015,0.9613495916128159,0.6249997384644751,3.96875,915,128,persistent,inner_step
common_grid,VIN-S8-B8-U1,question,31,23,8,8,1,after_last_inner_refresh,8,8,0.170366031922838,0.0819287431303364,1.1207201939613822,0.14009002424517278,0.9490530043840408,0.9670919046516215,3.40625,928,128,persistent,inner_step
common_grid,VIN-S8-B8-U1,question,31,24,8,8,1,after_last_inner_refresh,8,8,0.2136666931049592,0.10275195951522291,1.1363262871374156,0.14204078589217695,0.9427065029740334,0.7532812034251423,3.0,937,128,persistent,inner_step
common_grid,VIN-S8-B8-U1,question,31,25,8,8,1,after_last_inner_refresh,8,8,0.031396949543050466,0.015098741134933306,1.0137096251299884,0.12671370314124855,0.9933734983205795,0.629397887357855,4.421875,948,128,persistent,inner_step
common_grid,VIN-S8-B8-U1,question,31,26,8,8,1,after_last_inner_refresh,8,8,0.15950937225874334,0.07670779344433354,1.1750994864444975,0.14688743580556218,0.9269836917519569,0.87544668120078,3.1875,956,128,persistent,inner_step
common_grid,VIN-S8-B8-U1,question,31,27,8,8,1,after_last_inner_refresh,8,8,0.28793260599822607,0.13846631426129222,1.3642451109665015,0.17053063887081268,0.8778422251343727,0.636750130568891,2.203125,965,128,persistent,inner_step
common_grid,VIN-S8-B8-U1,question,31,28,8,8,1,after_last_inner_refresh,8,8,0.10958070989202925,0.0526971822461076,1.0828876627745667,0.13536095784682084,0.9662061780691147,0.7500325537895035,2.453125,982,128,persistent,inner_step
common_grid,VIN-S8-B8-U1,question,31,29,8,8,1,after_last_inner_refresh,8,8,0.13798486251596592,0.06635669228984316,1.1432406647460405,0.14290508309325506,0.9419179782271385,0.4999999866413428,4.765625,997,128,persistent,inner_step
common_grid,VIN-S8-B8-U1,question,31,30,8,8,1,after_last_inner_refresh,8,8,0.1834469989515171,0.08821935855110553,1.1211637735677114,0.14014547169596392,0.9466119110584259,0.8621898213891985,3.796875,1009,128,persistent,inner_step
common_grid,VIN-S8-B8-U1,question,31,31,8,8,1,after_last_inner_refresh,8,8,0.3854340539824441,0.1853545994234004,1.4241456351784216,0.1780182043973027,0.8332592993974686,0.8333880311887414,3.0625,1022,128,persistent,inner_step
common_grid,VIN-S8-B8-U1,question,47,0,8,8,1,after_last_inner_refresh,8,6.25,0.23271475734403094,0.1214648311975839,1.247441672512711,0.1977463521021215,0.9069017618894577,0.6320690309198194,0,50,8,persistent,inner_step
common_grid,VIN-S8-B8-U1,question,47,1,8,8,1,after_last_inner_refresh,8,6.125,0.21691506255132809,0.11690284488946957,1.276989520596694,0.21088989538243683,0.8886302672326565,0.6861012773913833,0,99,16,persistent,inner_step
common_grid,VIN-S8-B8-U1,question,47,2,8,8,1,after_last_inner_refresh,8,6.75,0.07537222941747322,0.04856908451233315,1.0482590473333304,0.1663268265039192,0.9781156107783318,0.49999998553908426,0,153,24,persistent,inner_step
common_grid,VIN-S8-B8-U1,question,47,3,8,8,1,after_last_inner_refresh,8,5.375,0.015806556217809874,0.008823432981181132,1.0064441151173384,0.20762173885119367,0.9968570545315742,0.49991129799030926,0,196,32,persistent,inner_step
common_grid,VIN-S8-B8-U1,question,47,4,8,8,1,after_last_inner_refresh,8,6,0.02473962400764042,0.020735370454906657,1.0109594783181148,0.1839337869903055,0.9946950301527977,0.754604776038594,0,244,40,persistent,inner_step
common_grid,VIN-S8-B8-U1,question,47,5,8,8,1,after_last_inner_refresh,8,6,0.0871309098971506,0.04298418381140027,1.0600162257380963,0.2060972808796635,0.9732971414923668,0.7499798483959663,0,292,48,persistent,inner_step
common_grid,VIN-S8-B8-U1,question,47,6,8,8,1,after_last_inner_refresh,8,5.875,0.04997606958957673,0.030617690124095782,1.0316782752284885,0.18067226864280875,0.9855495467782021,0.736688896406002,0,339,56,persistent,inner_step
common_grid,VIN-S8-B8-U1,question,47,7,8,8,1,after_last_inner_refresh,8,5.875,0.18831663691151057,0.17211852745715103,1.2274632983245697,0.2718621965011492,0.9032119438052177,0.9221925963610281,0,386,64,persistent,inner_step
common_grid,VIN-S8-B8-U1,question,47,8,8,8,1,after_last_inner_refresh,8,6.375,0.10563367736440407,0.05496899865705782,1.1071217732232468,0.17629108507707789,0.954712949693203,0.4180453283324745,0,437,72,persistent,inner_step
common_grid,VIN-S8-B8-U1,question,47,9,8,8,1,after_last_inner_refresh,8,6.75,0.21914130403692164,0.11232020344993955,1.250097543324801,0.18870638047527608,0.8882413133978844,0.7683665790036432,0,491,80,persistent,inner_step
common_grid,VIN-S8-B8-U1,question,47,10,8,8,1,after_last_inner_refresh,8,5.25,0.004777369570654837,0.002985304379720138,1.0012096183440107,0.19607849946500652,0.9993961080908775,0.7499771177481307,0,533,88,persistent,inner_step
common_grid,VIN-S8-B8-U1,question,47,11,8,8,1,after_last_inner_refresh,8,6.375,0.2580491465155534,0.13425548646147342,1.3171838542188274,0.20597930632342443,0.8925602659583092,0.999989487317855,0,584,96,persistent,inner_step
common_grid,VIN-S8-B8-U1,question,47,12,8,8,1,after_last_inner_refresh,8,5.75,0.19164744019570346,0.1034531775583138,1.1488158083293483,0.21172981047205,0.9360523670911789,0.5004491889726721,0,630,104,persistent,inner_step
common_grid,VIN-S8-B8-U1,question,47,13,8,8,1,after_last_inner_refresh,8,5.625,0.07803322633961556,0.04832433658436736,1.0656516132891751,0.19674050049620442,0.9717196747660637,0.8498207449619057,0,675,112,persistent,inner_step
common_grid,VIN-S8-B8-U1,question,47,14,8,8,1,after_last_inner_refresh,8,6.125,0.20398756997970377,0.11708949051219836,1.1855102970027296,0.20324801493354583,0.9163175225257874,0.6811932336729217,0,724,120,persistent,inner_step
common_grid,VIN-S8-B8-U1,question,47,15,8,8,1,after_last_inner_refresh,8,6.5,0.11670743358186904,0.05706789186965846,1.1346272449197417,0.17489506785107975,0.9401165246963501,0.8748799187899678,0,776,128,persistent,inner_step
common_grid,VIN-S8-B8-U1,question,47,16,8,8,1,after_last_inner_refresh,8,8,0.13753840845458074,0.06614199326972811,1.1444814862298784,0.1430601857787348,0.9363831356167793,0.8240833381998199,1.578125,798,128,persistent,inner_step
common_grid,VIN-S8-B8-U1,question,47,17,8,8,1,after_last_inner_refresh,8,8,0.22262021707044044,0.10705769438971634,1.207612779245301,0.15095159740566264,0.9121644571423531,0.8883696429070083,1.375,814,128,persistent,inner_step
common_grid,VIN-S8-B8-U1,question,47,18,8,8,1,after_last_inner_refresh,8,8,0.10766092754924572,0.05177396209093427,1.0756253046915165,0.13445316308643956,0.9663699716329575,0.8741493198080593,1.0,832,128,persistent,inner_step
common_grid,VIN-S8-B8-U1,question,47,19,8,8,1,after_last_inner_refresh,8,8,0.3975316964678736,0.19117233569679265,1.4299795060654021,0.17874743825817527,0.8442080691456795,0.6494856681238295,1.9375,848,128,persistent,inner_step
common_grid,VIN-S8-B8-U1,question,47,20,8,8,1,after_last_inner_refresh,8,8,0.2953695648539144,0.14204273548142446,1.350309630831645,0.1687887038539556,0.8697272539138794,0.7447390488568768,3.09375,860,128,persistent,inner_step
common_grid,VIN-S8-B8-U1,question,47,21,8,8,1,after_last_inner_refresh,8,8,0.35341799491819903,0.16995812954313555,1.3266512893651956,0.16583141117064945,0.873592771589756,0.9985477709401807,2.625,876,128,persistent,inner_step
common_grid,VIN-S8-B8-U1,question,47,22,8,8,1,after_last_inner_refresh,8,8,0.12158405776792018,0.058469572397645234,1.0836853981191026,0.13546067476488782,0.9647019505500793,0.3815510119882045,2.078125,891,128,persistent,inner_step
common_grid,VIN-S8-B8-U1,question,47,23,8,8,1,after_last_inner_refresh,8,8,0.14472191166728496,0.06959652809012087,1.1674667815261954,0.14593334769077443,0.9310091957449913,0.6249869928989402,2.03125,907,128,persistent,inner_step
common_grid,VIN-S8-B8-U1,question,47,24,8,8,1,after_last_inner_refresh,8,8,0.20191367111047037,0.0970999506662536,1.2103686353399166,0.15129607941748957,0.9066648408770561,0.6802988038936834,1.765625,920,128,persistent,inner_step
common_grid,VIN-S8-B8-U1,question,47,25,8,8,1,after_last_inner_refresh,8,8,0.039833001763517666,0.019155624702649424,1.0171530168140819,0.12714412710176023,0.991764709353447,0.4976894542327473,4.015625,937,128,persistent,inner_step
common_grid,VIN-S8-B8-U1,question,47,26,8,8,1,after_last_inner_refresh,8,8,0.15090873012080347,0.07257175885737804,1.101884238465019,0.13773552980812737,0.9554121643304825,0.8713130918062219,4.359375,953,128,persistent,inner_step
common_grid,VIN-S8-B8-U1,question,47,27,8,8,1,after_last_inner_refresh,8,8,0.14484602336015942,0.06965621319806298,1.1043285099311366,0.13804106374139208,0.954812802374363,0.760646439269515,2.671875,962,128,persistent,inner_step
common_grid,VIN-S8-B8-U1,question,47,28,8,8,1,after_last_inner_refresh,8,8,0.037098609228160155,0.017840659852448065,1.0184573316669547,0.12730716645836934,0.9912238270044327,0.9917997264508037,3.796875,970,128,persistent,inner_step
common_grid,VIN-S8-B8-U1,question,47,29,8,8,1,after_last_inner_refresh,8,8,0.009500779292275325,0.004568909056515389,1.0025701388364678,0.12532126735455848,0.9987213611602783,0.8749986354484961,2.359375,984,128,persistent,inner_step
common_grid,VIN-S8-B8-U1,question,47,30,8,8,1,after_last_inner_refresh,8,8,0.13103069471575637,0.06301244449021914,1.129441222242908,0.1411801527803635,0.944872260093689,0.7498838959107745,2.359375,1001,128,persistent,inner_step
common_grid,VIN-S8-B8-U1,question,47,31,8,8,1,after_last_inner_refresh,8,8,0.2424717808243792,0.11660427858361586,1.34392716117678,0.1679908951470975,0.8843478113412857,0.9815619622098557,3.0625,1024,128,persistent,inner_step
common_grid,VIN-S8-B8-U1,question,73,0,8,8,1,after_last_inner_refresh,8,6,0.1437257082463959,0.07480839804249988,1.141210599854461,0.1941017020175941,0.9415312111377716,0.6250000101816751,0,48,8,persistent,inner_step
common_grid,VIN-S8-B8-U1,question,73,1,8,8,1,after_last_inner_refresh,8,6,0.0988318282379965,0.060454995028335894,1.1253155047068981,0.22446633119810874,0.9432229921221733,0.6249769803398523,0,96,16,persistent,inner_step
common_grid,VIN-S8-B8-U1,question,73,2,8,8,1,after_last_inner_refresh,8,5.875,0.21007661225084823,0.1605615043348757,1.163954598642536,0.24121502907712183,0.9330980256199837,0.9961480391738847,0,143,24,persistent,inner_step
common_grid,VIN-S8-B8-U1,question,73,3,8,8,1,after_last_inner_refresh,8,6,0.21027666635101158,0.12875014798029782,1.205610683236678,0.21539062075762896,0.9146809056401253,0.99938930088468,0,191,32,persistent,inner_step
common_grid,VIN-S8-B8-U1,question,73,4,8,8,1,after_last_inner_refresh,8,5.75,0.13862796278434728,0.07752021018951354,1.1524015599559534,0.22973839918595101,0.9361187592148781,0.7499993832259243,0,237,40,persistent,inner_step
common_grid,VIN-S8-B8-U1,question,73,5,8,8,1,after_last_inner_refresh,8,5.5,0.09929272151795117,0.06630862152122735,1.048987866068498,0.20357037217946217,0.9767290279269218,0.7546633801992716,0,281,48,persistent,inner_step
common_grid,VIN-S8-B8-U1,question,73,6,8,8,1,after_last_inner_refresh,8,6.375,0.05467282984569561,0.027891290053001443,1.0303523388044131,0.1678962643825915,0.9857170954346657,0.7499905535950605,0,332,56,persistent,inner_step
common_grid,VIN-S8-B8-U1,question,73,7,8,8,1,after_last_inner_refresh,8,5.75,0.1912393735658822,0.10420748310765884,1.2361328860430258,0.22754023929404266,0.8969408236443996,0.8996637643458966,0,378,64,persistent,inner_step
common_grid,VIN-S8-B8-U1,question,73,8,8,8,1,after_last_inner_refresh,8,6.375,0.23228240200845102,0.1284030574994866,1.2443151851230974,0.2027903444295171,0.8910379335284233,0.679806450275018,0,429,72,persistent,inner_step
common_grid,VIN-S8-B8-U1,question,73,9,8,8,1,after_last_inner_refresh,8,6.625,0.21324882288257146,0.11146442081787367,1.1626751696703932,0.1891936272678634,0.9375865906476974,0.7516520135658545,0,482,80,persistent,inner_step
common_grid,VIN-S8-B8-U1,question,73,10,8,8,1,after_last_inner_refresh,8,6,0.12413703401576935,0.06788999896950841,1.1388682424270973,0.19786105960348663,0.9387212693691254,0.7494912544167519,0,530,88,persistent,inner_step
common_grid,VIN-S8-B8-U1,question,73,11,8,8,1,after_last_inner_refresh,8,5.375,0.17876052586899346,0.11689074891478621,1.1453862674999347,0.252654886397112,0.9369695782661438,0.49441945087010886,0,573,96,persistent,inner_step
common_grid,VIN-S8-B8-U1,question,73,12,8,8,1,after_last_inner_refresh,8,6.875,0.3464841541019096,0.17791429907773074,1.3606486898430008,0.19888672022729026,0.873812809586525,0.744374030507705,0,628,104,persistent,inner_step
common_grid,VIN-S8-B8-U1,question,73,13,8,8,1,after_last_inner_refresh,8,6.25,0.02844640487689599,0.014600361122078298,1.0137486411451135,0.16580036105298557,0.9934092462062836,0.749999964990091,0,678,112,persistent,inner_step
common_grid,VIN-S8-B8-U1,question,73,14,8,8,1,after_last_inner_refresh,8,6.875,0.3057936527919979,0.15521584431435753,1.3783159868233674,0.20083309899442814,0.8696823567152023,0.9359217946602953,0,733,120,persistent,inner_step
common_grid,VIN-S8-B8-U1,question,73,15,8,8,1,after_last_inner_refresh,8,6.375,0.07619268374184919,0.04630001110131581,1.0427112840197528,0.172395429697052,0.9800030440092087,0.6286701330831934,0,784,128,persistent,inner_step
common_grid,VIN-S8-B8-U1,question,73,16,8,8,1,after_last_inner_refresh,8,8,0.14753509747578777,0.07094938449512962,1.0934195858279672,0.1366774482284959,0.9589948430657387,0.7498098259243366,2.5,803,128,persistent,inner_step
common_grid,VIN-S8-B8-U1,question,73,17,8,8,1,after_last_inner_refresh,8,8,0.15471201970322243,0.07440075453058487,1.1106087467671737,0.1388260933458967,0.9512257128953934,0.8503710220343432,2.390625,819,128,persistent,inner_step
common_grid,VIN-S8-B8-U1,question,73,18,8,8,1,after_last_inner_refresh,8,7.75,0.30570980051951097,0.14926109083886566,1.3570086467298967,0.17550553212756098,0.880295142531395,0.6174927387079039,1.46875,830,128,persistent,inner_step
common_grid,VIN-S8-B8-U1,question,73,19,8,8,1,after_last_inner_refresh,8,8,0.2711070893526465,0.13037495111963474,1.2140537066165098,0.15175671332706372,0.9162743464112282,0.7409401844018967,2.125,848,128,persistent,inner_step
common_grid,VIN-S8-B8-U1,question,73,20,8,8,1,after_last_inner_refresh,8,7.75,0.06212328326399894,0.029874984262209147,1.0241455451990633,0.13322652648321626,0.9884513765573502,0.25646469097903163,2.4479166666666665,861,128,persistent,inner_step
common_grid,VIN-S8-B8-U1,question,73,21,8,8,1,after_last_inner_refresh,8,8,0.45902509580377926,0.22074440978656457,1.4872752668793554,0.18590940835991943,0.8011194542050362,0.8729213514909537,1.15625,876,128,persistent,inner_step
common_grid,VIN-S8-B8-U1,question,73,22,8,8,1,after_last_inner_refresh,8,7.875,0.554971275178016,0.2703019728969912,1.6075022758194142,0.20502474966941187,0.7575708329677582,0.640236314651743,2.0513392857142856,889,128,persistent,inner_step
common_grid,VIN-S8-B8-U1,question,73,23,8,8,1,after_last_inner_refresh,8,7.75,0.25609108888701076,0.12332390767604741,1.2257441649972742,0.15845246141693806,0.8943022899329662,0.874227156681432,2.536458333333333,896,128,persistent,inner_step
common_grid,VIN-S8-B8-U1,question,73,24,8,8,1,after_last_inner_refresh,8,8,0.23860609828891285,0.11474527824242639,1.1802024977076595,0.14752531221345744,0.9240680858492851,0.8733004913789801,5.09375,909,128,persistent,inner_step
common_grid,VIN-S8-B8-U1,question,73,25,8,8,1,after_last_inner_refresh,8,8,0.15703606409236764,0.07551838363559342,1.176519746775482,0.14706496834693525,0.939150907099247,0.6242133358907872,1.890625,920,128,persistent,inner_step
common_grid,VIN-S8-B8-U1,question,73,26,8,8,1,after_last_inner_refresh,8,8,0.24783518553225856,0.11918353104172855,1.2398031210302887,0.15497539012878608,0.8954520523548126,0.6796432799245861,2.59375,934,128,persistent,inner_step
common_grid,VIN-S8-B8-U1,question,73,27,8,8,1,after_last_inner_refresh,8,8,0.3557507892663558,0.17107996648896873,1.3773541763439396,0.17216927204299246,0.8361801207065582,0.8840859196215753,2.71875,949,128,persistent,inner_step
common_grid,VIN-S8-B8-U1,question,73,28,8,8,1,after_last_inner_refresh,8,7.875,0.06715452693428617,0.03236224825018391,1.0317482414377581,0.1312104743013033,0.9847360774874687,0.752960505657963,2.2299107142857144,963,128,persistent,inner_step
common_grid,VIN-S8-B8-U1,question,73,29,8,8,1,after_last_inner_refresh,8,8,0.32391714451986797,0.15577121935257573,1.2562161885393432,0.1570270235674179,0.8941742405295372,0.4937982926719059,2.59375,981,128,persistent,inner_step
common_grid,VIN-S8-B8-U1,question,73,30,8,8,1,after_last_inner_refresh,8,8,0.1990344970105328,0.09571536060097496,1.119110938171513,0.13988886727143912,0.945209689438343,0.8721803633033984,3.078125,1003,128,persistent,inner_step
common_grid,VIN-S8-B8-U1,question,73,31,8,8,1,after_last_inner_refresh,8,8,0.417575860277413,0.20081154093905548,1.6219168662162788,0.20273960827703486,0.8198473006486893,0.7602596549904397,2.71875,1016,128,persistent,inner_step
common_grid,VIN-S8-B8-U4,question,31,0,8,8,4,after_last_inner_refresh,8,7.375,0.016635960827419083,0.008000230389706816,1.007038218525948,0.13971906526520375,0.9965651631355286,0.6249133948040941,0,59,8,persistent,inner_step
common_grid,VIN-S8-B8-U4,question,31,1,8,8,4,after_last_inner_refresh,8,6.25,0.2144721037117786,0.11967887421860432,1.2012498908878821,0.19618823681169975,0.9170125722885132,0.47447916565379267,0,109,16,persistent,inner_step
common_grid,VIN-S8-B8-U4,question,31,2,8,8,4,after_last_inner_refresh,8,6,0.11444585786069753,0.06529678509305538,1.0977409755110346,0.18962610556216467,0.9580051600933075,0.8749745697028731,0,157,24,persistent,inner_step
common_grid,VIN-S8-B8-U4,question,31,3,8,8,4,after_last_inner_refresh,8,7.125,0.2113703040180681,0.10693067326460215,1.1755028693253127,0.1650911949499077,0.9249644577503204,0.9139325578891968,0,214,32,persistent,inner_step
common_grid,VIN-S8-B8-U4,question,31,4,8,8,4,after_last_inner_refresh,8,7,0.17910513929218796,0.0914535175714249,1.1986499145353655,0.17194402830634709,0.9205026552081108,0.5586588599098314,0,270,40,persistent,inner_step
common_grid,VIN-S8-B8-U4,question,31,5,8,8,4,after_last_inner_refresh,8,7.375,0.34379531574028765,0.16794780287294137,1.3921977680316122,0.18934724785258328,0.8487170934677124,0.4319415140165761,0,329,48,persistent,inner_step
common_grid,VIN-S8-B8-U4,question,31,6,8,8,4,after_last_inner_refresh,8,7.625,0.20805844768124357,0.10005501552940722,1.2180864610540247,0.15970128754752272,0.9082266613841057,0.8749542667869707,0,390,56,persistent,inner_step
common_grid,VIN-S8-B8-U4,question,31,7,8,8,4,after_last_inner_refresh,8,6.875,0.2137962071999869,0.11199781506461359,1.2159942803962567,0.18039078765042363,0.9063269197940826,0.9487941896109034,0,445,64,persistent,inner_step
common_grid,VIN-S8-B8-U4,question,31,8,8,8,4,after_last_inner_refresh,8,7,0.09095351556410089,0.04712490429370392,1.1225917601670323,0.16786856836820654,0.9445863515138626,0.7495624255447827,0,501,72,persistent,inner_step
common_grid,VIN-S8-B8-U4,question,31,9,8,8,4,after_last_inner_refresh,8,7.375,0.23036205403399249,0.11532036056163676,1.2496612182486408,0.17027365326635718,0.8961266577243805,0.7678769592585132,0,560,80,persistent,inner_step
common_grid,VIN-S8-B8-U4,question,31,10,8,8,4,after_last_inner_refresh,8,6,0.07580339188936329,0.03828737312012977,1.0431667717365967,0.20935233742922157,0.9799357503652573,0.5012271302972046,0,608,88,persistent,inner_step
common_grid,VIN-S8-B8-U4,question,31,11,8,8,4,after_last_inner_refresh,8,7.25,0.2818626045248984,0.1426038119646482,1.3302155127123976,0.1877817119249758,0.8846728838980198,0.37598584388141476,0,666,96,persistent,inner_step
common_grid,VIN-S8-B8-U4,question,31,12,8,8,4,after_last_inner_refresh,8,7.75,0.5305794069327975,0.26042395109105676,1.6950520224797911,0.2192528187041991,0.7735788412392139,0.8039827396088141,0,728,104,persistent,inner_step
common_grid,VIN-S8-B8-U4,question,31,13,8,8,4,after_last_inner_refresh,8,7.75,0.17358671531377326,0.08355434329933446,1.102965547519873,0.14234518847820452,0.9535506218671799,0.858902467704383,0,790,112,persistent,inner_step
common_grid,VIN-S8-B8-U4,question,31,14,8,8,4,after_last_inner_refresh,8,7.75,0.5098928196803657,0.2502476711564161,1.6698608278277165,0.21737226390490014,0.7673892974853516,0.7486147654909648,0,852,120,persistent,inner_step
common_grid,VIN-S8-B8-U4,question,31,15,8,8,4,after_last_inner_refresh,8,7.375,0.21246934403334664,0.10454482595224088,1.1961877306474915,0.16200918968647063,0.9198318868875504,0.8541925451334087,0,911,128,persistent,inner_step
common_grid,VIN-S8-B8-U4,question,31,16,8,8,4,after_last_inner_refresh,8,8,0.18341124915764956,0.08820216653433037,1.1611338776619666,0.14514173470774583,0.9413480386137962,0.6170547854514854,0.609375,918,128,persistent,inner_step
common_grid,VIN-S8-B8-U4,question,31,17,8,8,4,after_last_inner_refresh,8,8,0.22683387529910315,0.10908403566654723,1.2825972155001497,0.16032465193751871,0.8993541970849037,0.7048924421666906,1.4375,930,128,persistent,inner_step
common_grid,VIN-S8-B8-U4,question,31,18,8,8,4,after_last_inner_refresh,8,8,0.37716455118150616,0.18137780919622354,1.4440765441815355,0.18050956802269194,0.8267571553587914,0.8617505094769732,0.5625,933,128,persistent,inner_step
common_grid,VIN-S8-B8-U4,question,31,19,8,8,4,after_last_inner_refresh,8,8,0.4032352006033821,0.19391514140745525,1.5084872200350288,0.1885609025043786,0.798491183668375,0.8908836094898027,0.8125,936,128,persistent,inner_step
common_grid,VIN-S8-B8-U4,question,31,20,8,8,4,after_last_inner_refresh,8,8,0.3564858687663073,0.1714334650053818,1.4446866832660985,0.1805858354082623,0.8327514231204987,0.7499296530330042,0.90625,940,128,persistent,inner_step
common_grid,VIN-S8-B8-U4,question,31,21,8,8,4,after_last_inner_refresh,8,8,0.4796917050761859,0.2306829480229949,1.3754693596459346,0.17193366995574183,0.858706645667553,0.6236960485905967,3.390625,947,128,persistent,inner_step
common_grid,VIN-S8-B8-U4,question,31,22,8,8,4,after_last_inner_refresh,8,8,0.2974100712373425,0.14302401162818246,1.2445185833885186,0.15556482292356483,0.9008134827017784,0.8738931126364561,1.8125,956,128,persistent,inner_step
common_grid,VIN-S8-B8-U4,question,31,23,8,8,4,after_last_inner_refresh,8,8,0.6010609446609134,0.2890492147114452,1.6698371512276322,0.20872964390345403,0.7634781897068024,0.677411733879231,5.578125,964,128,persistent,inner_step
common_grid,VIN-S8-B8-U4,question,31,24,8,8,4,after_last_inner_refresh,8,8,0.5068514928368908,0.24374404506098343,1.6184888164456164,0.20231110205570205,0.777659934014082,0.7019279998057537,1.59375,971,128,persistent,inner_step
common_grid,VIN-S8-B8-U4,question,31,25,8,8,4,after_last_inner_refresh,8,8,0.4094779493865916,0.1969172689778059,1.4327946095086483,0.17909932618858104,0.8343208394944668,0.49985980388915363,4.40625,980,128,persistent,inner_step
common_grid,VIN-S8-B8-U4,question,31,26,8,8,4,after_last_inner_refresh,8,8,0.794176009658761,0.38191793024256004,2.138822446610442,0.2673528058263053,0.6606027595698833,0.9269845045345153,5.734375,985,128,persistent,inner_step
common_grid,VIN-S8-B8-U4,question,31,27,8,8,4,after_last_inner_refresh,8,8,0.6188582039649476,0.2976078872912269,1.8419946071268487,0.2302493258908561,0.7358951531350613,0.8317500285236337,3.234375,994,128,persistent,inner_step
common_grid,VIN-S8-B8-U4,question,31,28,8,8,4,after_last_inner_refresh,8,8,0.4683723531272647,0.22523949038206645,1.567945030722843,0.19599312884035539,0.8136231154203415,0.8742973637194684,3.421875,1005,128,persistent,inner_step
common_grid,VIN-S8-B8-U4,question,31,29,8,8,4,after_last_inner_refresh,8,8,0.5180860338790095,0.24914671727702623,1.7893142539173794,0.22366428173967243,0.7668279930949211,0.5898314102268629,1.359375,1012,128,persistent,inner_step
common_grid,VIN-S8-B8-U4,question,31,30,8,8,4,after_last_inner_refresh,8,8,0.330210575350697,0.1587977198358473,1.3440029762963557,0.16800037203704446,0.863215871155262,0.5488894245031415,4.84375,1017,128,persistent,inner_step
common_grid,VIN-S8-B8-U4,question,31,31,8,8,4,after_last_inner_refresh,8,8,0.40813683740323214,0.1962723304419161,1.4266670164186313,0.1783333770523289,0.8210301771759987,0.8729953525759577,4.078125,1024,128,persistent,inner_step
common_grid,VIN-S8-B8-U4,question,47,0,8,8,4,after_last_inner_refresh,8,6.25,0.23147321680344343,0.12103126359170402,1.2571315364194777,0.19927621935321022,0.9007799178361893,0.6364880457742063,0,50,8,persistent,inner_step
common_grid,VIN-S8-B8-U4,question,47,1,8,8,4,after_last_inner_refresh,8,6.125,0.14408957517207882,0.08673354775889404,1.1032772969644533,0.19352306966036475,0.9551359638571739,0.7194290033570486,0,99,16,persistent,inner_step
common_grid,VIN-S8-B8-U4,question,47,2,8,8,4,after_last_inner_refresh,8,6.75,0.07371891019531535,0.039544207623301623,1.0521551498055295,0.1585799120544836,0.9766791090369225,0.49993084967178697,0,153,24,persistent,inner_step
common_grid,VIN-S8-B8-U4,question,47,3,8,8,4,after_last_inner_refresh,8,6.75,0.08367021822997148,0.0438002475508775,1.054386347422648,0.15867363084449945,0.975497841835022,0.49989914037027333,0,207,32,persistent,inner_step
common_grid,VIN-S8-B8-U4,question,47,4,8,8,4,after_last_inner_refresh,8,6.25,0.025614720644510078,0.013247638653273887,1.0120017708065487,0.17627930615649826,0.9942207634449005,0.8749998667196737,0,257,40,persistent,inner_step
common_grid,VIN-S8-B8-U4,question,47,5,8,8,4,after_last_inner_refresh,8,6.75,0.11356238565630665,0.06136781555829787,1.1010114103641078,0.16587894151279503,0.9570084810256958,0.7499987315680803,0,311,48,persistent,inner_step
common_grid,VIN-S8-B8-U4,question,47,6,8,8,4,after_last_inner_refresh,8,6,0.09591320402610339,0.06713168688093687,1.1211794765155318,0.20744984661310498,0.9472202509641647,0.6235522937685067,0,359,56,persistent,inner_step
common_grid,VIN-S8-B8-U4,question,47,7,8,8,4,after_last_inner_refresh,8,6.625,0.11229267998880914,0.06083694712496234,1.0738903159688782,0.16442634513706167,0.9690149948000908,0.8980260911182812,0,412,64,persistent,inner_step
common_grid,VIN-S8-B8-U4,question,47,8,8,8,4,after_last_inner_refresh,8,7,0.1381085182174198,0.06852253145563235,1.1087039057663026,0.16046971255702536,0.9528596922755241,0.7496342805565486,0,468,72,persistent,inner_step
common_grid,VIN-S8-B8-U4,question,47,9,8,8,4,after_last_inner_refresh,8,7.25,0.15987412476853438,0.07956026394164731,1.1015086936704488,0.15238997862893802,0.955018974840641,0.4994738881454944,0,526,80,persistent,inner_step
common_grid,VIN-S8-B8-U4,question,47,10,8,8,4,after_last_inner_refresh,8,7.125,0.1090945247975154,0.0548079692223423,1.0734320237164645,0.1514381489825385,0.9676771983504295,0.7209135839617097,0,583,88,persistent,inner_step
common_grid,VIN-S8-B8-U4,question,47,11,8,8,4,after_last_inner_refresh,8,6.75,0.17888553765990245,0.08688708300942172,1.2331487998520414,0.18079967116762685,0.891912117600441,0.7482419578943685,0,637,96,persistent,inner_step
common_grid,VIN-S8-B8-U4,question,47,12,8,8,4,after_last_inner_refresh,8,7.125,0.2943178847498078,0.14592133118747874,1.2732321829546216,0.18005002146391494,0.8981666788458824,0.6239168874337127,0,694,104,persistent,inner_step
common_grid,VIN-S8-B8-U4,question,47,13,8,8,4,after_last_inner_refresh,8,7.125,0.34057986678291363,0.17043698082953398,1.3223898625558674,0.1865990837292139,0.873881459236145,0.8544453150794502,0,751,112,persistent,inner_step
common_grid,VIN-S8-B8-U4,question,47,14,8,8,4,after_last_inner_refresh,8,7.25,0.1389309653311331,0.06785668306385587,1.1496305629437882,0.15878406407823148,0.9397933632135391,0.6204863868470052,0,809,120,persistent,inner_step
common_grid,VIN-S8-B8-U4,question,47,15,8,8,4,after_last_inner_refresh,8,7.125,0.32478647884907436,0.16335765709139272,1.260211874503566,0.1795850433127979,0.8920919522643089,0.6241058781923357,0,866,128,persistent,inner_step
common_grid,VIN-S8-B8-U4,question,47,16,8,8,4,after_last_inner_refresh,8,8,0.18907188908151581,0.09092435891647034,1.1951170660483783,0.1493896332560473,0.910310186445713,0.749609100733332,0.40625,877,128,persistent,inner_step
common_grid,VIN-S8-B8-U4,question,47,17,8,8,4,after_last_inner_refresh,8,8,0.6108639203135453,0.2937634494981143,1.8433025350081687,0.23041281687602108,0.7506329379975796,0.7336177795281006,0.1875,886,128,persistent,inner_step
common_grid,VIN-S8-B8-U4,question,47,18,8,8,4,after_last_inner_refresh,8,8,0.4002682188639555,0.19248832479349565,1.4395955119014165,0.17994943898767707,0.8546606600284576,0.4997923618042995,1.28125,892,128,persistent,inner_step
common_grid,VIN-S8-B8-U4,question,47,19,8,8,4,after_last_inner_refresh,8,8,0.30529064662251115,0.1468137673040273,1.2539772780905623,0.15674715976132028,0.9010343477129936,0.49030582528478867,1.3125,902,128,persistent,inner_step
common_grid,VIN-S8-B8-U4,question,47,20,8,8,4,after_last_inner_refresh,8,8,0.43687728575007906,0.2100935645428899,1.441696057039644,0.1802120071299555,0.8344961330294609,0.5872196088088448,2.234375,911,128,persistent,inner_step
common_grid,VIN-S8-B8-U4,question,47,21,8,8,4,after_last_inner_refresh,8,8,0.5972365661363983,0.2872100774008451,1.6839410196540012,0.21049262745675015,0.7560298964381218,0.7937717837299493,1.8125,925,128,persistent,inner_step
common_grid,VIN-S8-B8-U4,question,47,22,8,8,4,after_last_inner_refresh,8,8,0.1874582634768911,0.09014836903058916,1.1540244880146449,0.1442530610018306,0.9328034147620201,0.6345346374897602,1.015625,937,128,persistent,inner_step
common_grid,VIN-S8-B8-U4,question,47,23,8,8,4,after_last_inner_refresh,8,8,0.41965596184708476,0.20181185834542575,1.4575216361059917,0.18219020451324897,0.8041807785630226,0.5049205385714055,0,945,128,persistent,inner_step
common_grid,VIN-S8-B8-U4,question,47,24,8,8,4,after_last_inner_refresh,8,8,0.526724168919418,0.2533007821388017,1.6763406460252588,0.20954258075315735,0.7723868787288666,0.7427590516717197,0.1875,948,128,persistent,inner_step
common_grid,VIN-S8-B8-U4,question,47,25,8,8,4,after_last_inner_refresh,8,8,0.2914773450641446,0.1401709734185075,1.2548591200364658,0.15685739000455823,0.8923610001802444,0.4637268171437047,1.734375,960,128,persistent,inner_step
common_grid,VIN-S8-B8-U4,question,47,26,8,8,4,after_last_inner_refresh,8,8,0.33175273843258063,0.1595393435126725,1.2976496767019683,0.16220620958774604,0.8834196031093597,0.6259687873814953,3.84375,978,128,persistent,inner_step
common_grid,VIN-S8-B8-U4,question,47,27,8,8,4,after_last_inner_refresh,8,8,0.7950047452658114,0.38231646782605994,2.0572646565013173,0.25715808206266466,0.6996983289718628,0.6888100155155533,1.0,989,128,persistent,inner_step
common_grid,VIN-S8-B8-U4,question,47,28,8,8,4,after_last_inner_refresh,8,8,0.17321836522302772,0.08330042549938514,1.1716830734960948,0.14646038418701185,0.9230228587985039,0.5167216066909878,3.546875,996,128,persistent,inner_step
common_grid,VIN-S8-B8-U4,question,47,29,8,8,4,after_last_inner_refresh,8,8,0.37985898369652843,0.18267355733870105,1.4505349418565598,0.18131686773206998,0.8633346036076546,0.7471815063948248,7.375,1004,128,persistent,inner_step
common_grid,VIN-S8-B8-U4,question,47,30,8,8,4,after_last_inner_refresh,8,8,0.7076876883300754,0.3403258394839914,1.915412708302133,0.23942658853776663,0.7091816663742065,0.49926370435821815,4.203125,1012,128,persistent,inner_step
common_grid,VIN-S8-B8-U4,question,47,31,8,8,4,after_last_inner_refresh,8,8,0.6647930606630766,0.3196978839453389,1.6861078317986105,0.2107634789748263,0.7344833612442017,0.8398515046327416,7.578125,1024,128,persistent,inner_step
common_grid,VIN-S8-B8-U4,question,73,0,8,8,4,after_last_inner_refresh,8,6,0.1350208853304434,0.06929257956080975,1.1226728278107463,0.19038000938364297,0.9492907673120499,0.6250000113706708,0,48,8,persistent,inner_step
common_grid,VIN-S8-B8-U4,question,73,1,8,8,4,after_last_inner_refresh,8,6.5,0.12600523278882683,0.06395394645592622,1.1319415737591487,0.1762569114848752,0.9437708929181099,0.4565003408306735,0,100,16,persistent,inner_step
common_grid,VIN-S8-B8-U4,question,73,2,8,8,4,after_last_inner_refresh,8,6,0.17511420100617905,0.11368734085870984,1.122931087684893,0.20557217931665817,0.9483929350972176,0.844404400139439,0,148,24,persistent,inner_step
common_grid,VIN-S8-B8-U4,question,73,3,8,8,4,after_last_inner_refresh,8,6.25,0.24560808868151934,0.1430025888690086,1.285548555143899,0.21699815864159827,0.8984686657786369,0.9064990944076665,0,198,32,persistent,inner_step
common_grid,VIN-S8-B8-U4,question,73,4,8,8,4,after_last_inner_refresh,8,6.375,0.2724584294207948,0.143354195932074,1.2378222266486416,0.20667593477077134,0.9055747017264366,0.6243499590718119,0,249,40,persistent,inner_step
common_grid,VIN-S8-B8-U4,question,73,5,8,8,4,after_last_inner_refresh,8,5.75,0.34275622873368383,0.20149897460503838,1.4224352988272018,0.2885768083643476,0.8225970417261124,0.7499634539987983,0,295,48,persistent,inner_step
common_grid,VIN-S8-B8-U4,question,73,6,8,8,4,after_last_inner_refresh,8,7,0.022036636381456635,0.010920177302979199,1.0082256444208664,0.1454282622490864,0.9959498569369316,0.7497443941206946,0,351,56,persistent,inner_step
common_grid,VIN-S8-B8-U4,question,73,7,8,8,4,after_last_inner_refresh,8,6.875,0.2418068485387576,0.1194454705306856,1.249366081216249,0.1877898401050923,0.8981784656643867,0.9106189363262932,0,406,64,persistent,inner_step
common_grid,VIN-S8-B8-U4,question,73,8,8,8,4,after_last_inner_refresh,8,6.75,0.315102058503889,0.15992754888861252,1.3629548381573589,0.20161634094989592,0.8798189982771873,0.8717129709958292,0,460,72,persistent,inner_step
common_grid,VIN-S8-B8-U4,question,73,9,8,8,4,after_last_inner_refresh,8,7.5,0.34765949709341076,0.1883938893096172,1.404637160058932,0.20553843076024714,0.8540405705571175,0.7743384340776102,0,520,80,persistent,inner_step
common_grid,VIN-S8-B8-U4,question,73,10,8,8,4,after_last_inner_refresh,8,6.625,0.17364052934642452,0.08536169013678856,1.1966865873965333,0.21083280791284942,0.9181046262383461,0.9994565740821723,0,573,88,persistent,inner_step
common_grid,VIN-S8-B8-U4,question,73,11,8,8,4,after_last_inner_refresh,8,6.875,0.39239144004031373,0.19366660848657435,1.3900371302548926,0.20594505705281851,0.8718266412615776,0.8580270629818221,0,628,96,persistent,inner_step
common_grid,VIN-S8-B8-U4,question,73,12,8,8,4,after_last_inner_refresh,8,7.375,0.3561557464735808,0.17849575241516422,1.3708184495414726,0.186438540937723,0.8327771835029125,0.7593001618015156,0,687,104,persistent,inner_step
common_grid,VIN-S8-B8-U4,question,73,13,8,8,4,after_last_inner_refresh,8,6.875,0.14638511912215038,0.07604393255052136,1.0859832509835186,0.16176075316102323,0.9605491906404495,0.6240773245080908,0,742,112,persistent,inner_step
common_grid,VIN-S8-B8-U4,question,73,14,8,8,4,after_last_inner_refresh,8,7.375,0.3968402131174327,0.19672201950717091,1.4100113784926396,0.19067332097702866,0.8467966541647911,0.991433337658559,0,801,120,persistent,inner_step
common_grid,VIN-S8-B8-U4,question,73,15,8,8,4,after_last_inner_refresh,8,7.875,0.5203003324979838,0.250211570932554,1.6540065466592362,0.20898296118954737,0.7541379183530807,0.8796435998074208,0,864,128,persistent,inner_step
common_grid,VIN-S8-B8-U4,question,73,16,8,8,4,after_last_inner_refresh,8,8,0.30751297371219877,0.1478824807278691,1.3357845527410463,0.1669730690926308,0.855141457170248,0.8769507020929815,1.03125,877,128,persistent,inner_step
common_grid,VIN-S8-B8-U4,question,73,17,8,8,4,after_last_inner_refresh,8,8,0.3950179386860228,0.18996347373483524,1.410404322854708,0.1763005403568385,0.8415663167834282,0.6241733389006042,2.1875,892,128,persistent,inner_step
common_grid,VIN-S8-B8-U4,question,73,18,8,8,4,after_last_inner_refresh,8,8,0.4522890047235306,0.21750503472108088,1.3957147271390802,0.17446434089238502,0.8389827981591225,0.873995675858546,2.328125,896,128,persistent,inner_step
common_grid,VIN-S8-B8-U4,question,73,19,8,8,4,after_last_inner_refresh,8,7.75,0.2348061691981057,0.11291789862418487,1.2412522833472983,0.1603648687517456,0.9157944023609161,0.7501582282254303,2.8072916666666665,903,128,persistent,inner_step
common_grid,VIN-S8-B8-U4,question,73,20,8,8,4,after_last_inner_refresh,8,8,0.22489955461583097,0.10815382404746532,1.160169727972928,0.145021215996616,0.9341103732585907,0.8462228132124061,2.625,917,128,persistent,inner_step
common_grid,VIN-S8-B8-U4,question,73,21,8,8,4,after_last_inner_refresh,8,8,0.410130661383127,0.19723115709798267,1.3594406175600697,0.16993007719500872,0.8501253873109818,0.8541017141615722,2.65625,923,128,persistent,inner_step
common_grid,VIN-S8-B8-U4,question,73,22,8,8,4,after_last_inner_refresh,8,8,0.6821546535553762,0.3280470452678901,1.9746953968474958,0.24683692460593698,0.6643816754221916,0.6437134076197271,2.953125,937,128,persistent,inner_step
common_grid,VIN-S8-B8-U4,question,73,23,8,8,4,after_last_inner_refresh,8,7.625,0.5570386638094217,0.27979805460066526,1.8101218234025997,0.24440617647935584,0.7301614508032799,0.499092363523883,2.80625,945,128,persistent,inner_step
common_grid,VIN-S8-B8-U4,question,73,24,8,8,4,after_last_inner_refresh,8,8,0.5740376142205943,0.2760537397732611,1.645863009851039,0.20573287623137987,0.7809299007058144,0.7503189620658554,3.65625,958,128,persistent,inner_step
common_grid,VIN-S8-B8-U4,question,73,25,8,8,4,after_last_inner_refresh,8,8,0.5696519504955927,0.2739446813375723,1.7131491791149471,0.2141436473893684,0.7718935050070286,0.4925741813883633,2.828125,964,128,persistent,inner_step
common_grid,VIN-S8-B8-U4,question,73,26,8,8,4,after_last_inner_refresh,8,8,0.3679899331808034,0.1769657505656687,1.4078394739396622,0.17597993424245778,0.8677571788430214,0.6381404351372554,2.703125,972,128,persistent,inner_step
common_grid,VIN-S8-B8-U4,question,73,27,8,8,4,after_last_inner_refresh,8,8,0.4565308983215698,0.2195449543403708,1.4442059931576472,0.1805257491447059,0.8234954364597797,0.5260869341656156,3.09375,977,128,persistent,inner_step
common_grid,VIN-S8-B8-U4,question,73,28,8,8,4,after_last_inner_refresh,8,8,0.36573050457174416,0.17587919508249122,1.3304615344328694,0.16630769180410868,0.860174871981144,0.7684328555806301,4.140625,985,128,persistent,inner_step
common_grid,VIN-S8-B8-U4,question,73,29,8,8,4,after_last_inner_refresh,8,8,0.562180548471443,0.27035169645466284,1.6415040549111,0.2051880068638875,0.768928050994873,0.5284399524378074,5.234375,997,128,persistent,inner_step
common_grid,VIN-S8-B8-U4,question,73,30,8,8,4,after_last_inner_refresh,8,7.75,0.5406308647671738,0.2665007537489053,1.6127777445722864,0.21134884733750364,0.7987068593502045,0.7368214247821674,9.65625,1010,128,persistent,inner_step
common_grid,VIN-S8-B8-U4,question,73,31,8,8,4,after_last_inner_refresh,8,8,0.5317496969374453,0.25571755025528725,1.4786909016225163,0.18483636270281453,0.8087326064705849,0.8665927368278076,9.6875,1017,128,persistent,inner_step
common_grid,PIS-S8-B8-U1,question,31,0,8,8,1,fixed_outer_round_weights,8,7.375,1.0746986401567644,0.5410062344509035,3.355789778219204,0.4579177440117238,0.4080760236829519,0.955403309315443,0,59,8,fresh_round,outer_round
common_grid,PIS-S8-B8-U1,question,31,1,8,8,1,fixed_outer_round_weights,8,6.75,0.8921097969323204,0.4649456354178259,2.768679619578105,0.40991731522163705,0.5358787607401609,0.624776054173708,0,113,16,fresh_round,outer_round
common_grid,PIS-S8-B8-U1,question,31,2,8,8,1,fixed_outer_round_weights,8,6.375,1.1820956832270288,0.6428693671777276,4.12034693629904,0.6511267105599791,0.422921160236001,0.8361313585191965,0,164,24,fresh_round,outer_round
common_grid,PIS-S8-B8-U1,question,31,3,8,8,1,fixed_outer_round_weights,8,7.25,1.4158079968589592,0.7223949068390672,4.361615110112093,0.6095111151212684,0.2626429218798876,0.9573376206681132,0,222,32,fresh_round,outer_round
common_grid,PIS-S8-B8-U1,question,31,4,8,8,1,fixed_outer_round_weights,8,6.5,1.531006605308795,0.8293877942550758,4.4913912723935185,0.6981355700214077,0.31157011538743973,0.5997822713106871,0,274,40,fresh_round,outer_round
common_grid,PIS-S8-B8-U1,question,31,5,8,8,1,fixed_outer_round_weights,8,6,1.3883484519134097,0.7799368315078467,4.055280451801244,0.6794394402114573,0.2830566093325615,0.839509142562747,0,322,48,fresh_round,outer_round
common_grid,PIS-S8-B8-U1,question,31,6,8,8,1,fixed_outer_round_weights,8,6,1.3086011433242655,0.7548537304998356,3.930224586254263,0.6757500572663141,0.31780561804771423,0.7767717838287354,0,370,56,fresh_round,outer_round
common_grid,PIS-S8-B8-U1,question,31,7,8,8,1,fixed_outer_round_weights,8,6.125,1.2493670583668524,0.6871996337627826,3.7482339650659315,0.6044754108362311,0.3180317021906376,0.9996372144669294,0,419,64,fresh_round,outer_round
common_grid,PIS-S8-B8-U1,question,31,8,8,8,1,fixed_outer_round_weights,8,6.125,1.5062307147988712,0.8454870950851922,4.663360143356455,0.7523843351849491,0.284836208447814,0.6654608510434628,0,468,72,fresh_round,outer_round
common_grid,PIS-S8-B8-U1,question,31,9,8,8,1,fixed_outer_round_weights,8,7,1.4057559553522716,0.7174390319119032,4.342154498688871,0.6124766324094572,0.33719455637037754,0.6188611425459385,0,524,80,fresh_round,outer_round
common_grid,PIS-S8-B8-U1,question,31,10,8,8,1,fixed_outer_round_weights,8,4.875,0.8034966352369354,0.5016391095061353,2.3725028080641315,0.5119469521151628,0.5755318775773048,0.5423528831452131,0,563,88,fresh_round,outer_round
common_grid,PIS-S8-B8-U1,question,31,11,8,8,1,fixed_outer_round_weights,8,7.25,1.0715461979455516,0.5346883598949083,3.65727157491966,0.4964210443752671,0.4711926653981209,0.8583835586905479,0,621,96,fresh_round,outer_round
common_grid,PIS-S8-B8-U1,question,31,12,8,8,1,fixed_outer_round_weights,8,6.25,1.1392229587658307,0.6342672514069861,3.7559328642674696,0.6001957126531903,0.3989560753107071,0.9980313358828425,0,671,104,fresh_round,outer_round
common_grid,PIS-S8-B8-U1,question,31,13,8,8,1,fixed_outer_round_weights,8,6.625,1.592348566610652,0.8476574789960332,5.04621511220073,0.763135374469423,0.213649557903409,0.9998807115480304,0,724,112,fresh_round,outer_round
common_grid,PIS-S8-B8-U1,question,31,14,8,8,1,fixed_outer_round_weights,8,6.75,1.1520507884518605,0.6074580329783451,3.7275388870267965,0.5579125523494715,0.4079298172146082,0.9463186096400023,0,778,120,fresh_round,outer_round
common_grid,PIS-S8-B8-U1,question,31,15,8,8,1,fixed_outer_round_weights,8,6.375,1.0964839314253445,0.5953557697573275,3.1994260799151903,0.5064826603404943,0.4280987996608019,0.8185338899493217,0,829,128,fresh_round,outer_round
common_grid,PIS-S8-B8-U1,question,31,16,8,8,1,fixed_outer_round_weights,8,6.375,1.0593167987322187,0.5446343571277347,3.228841826414048,0.48182915334342086,0.5128906331956387,0.6243743635714054,0,829,128,fresh_round,outer_round
common_grid,PIS-S8-B8-U1,question,31,17,8,8,1,fixed_outer_round_weights,8,6.75,1.2394049875331772,0.651561078079924,3.6820813464540336,0.5436878250783476,0.39608500711619854,0.6327092759311199,0,837,128,fresh_round,outer_round
common_grid,PIS-S8-B8-U1,question,31,18,8,8,1,fixed_outer_round_weights,8,6.875,1.2558593208900017,0.6539550514609069,3.9165885112239454,0.566072673099144,0.358000922948122,0.8332171142101288,0,835,128,fresh_round,outer_round
common_grid,PIS-S8-B8-U1,question,31,19,8,8,1,fixed_outer_round_weights,8,7,1.1588593130416358,0.5917955024440744,3.405968690265821,0.4800736104442472,0.3485773131251335,0.9102384764701128,0,841,128,fresh_round,outer_round
common_grid,PIS-S8-B8-U1,question,31,20,8,8,1,fixed_outer_round_weights,8,6.5,1.1630429543821252,0.6046051276616442,3.5354962597613264,0.5249844744091436,0.426956232637167,0.7249749768525362,0,840,128,fresh_round,outer_round
common_grid,PIS-S8-B8-U1,question,31,21,8,8,1,fixed_outer_round_weights,8,6.875,1.4312396884431509,0.7510040467534768,4.107963256353957,0.612065755804845,0.35632177256047726,0.5981905572116375,0,834,128,fresh_round,outer_round
common_grid,PIS-S8-B8-U1,question,31,22,8,8,1,fixed_outer_round_weights,8,6,1.0688581454182229,0.6361413774771696,3.2496860432202164,0.585654045139349,0.40814228542149067,0.792309420183301,0,829,128,fresh_round,outer_round
common_grid,PIS-S8-B8-U1,question,31,23,8,8,1,fixed_outer_round_weights,8,7,1.3328589142115652,0.676927133789801,4.407327192205322,0.6100831732849518,0.3408122584223747,0.9777499251067638,0,834,128,fresh_round,outer_round
common_grid,PIS-S8-B8-U1,question,31,24,8,8,1,fixed_outer_round_weights,8,6.875,0.6610500161953833,0.3745575158575876,2.331850681325577,0.37761630461233237,0.6453135181218386,0.8425769433379173,0,833,128,fresh_round,outer_round
common_grid,PIS-S8-B8-U1,question,31,25,8,8,1,fixed_outer_round_weights,8,6.625,1.063553048966575,0.560229257145166,3.2516585937370395,0.48603074447755223,0.39983748085796833,0.9788402784615755,0,835,128,fresh_round,outer_round
common_grid,PIS-S8-B8-U1,question,31,26,8,8,1,fixed_outer_round_weights,8,7,1.5171101683766754,0.7833715346024059,4.810819141925679,0.6913162321095319,0.23904978670179844,0.9697294980287552,0,838,128,fresh_round,outer_round
common_grid,PIS-S8-B8-U1,question,31,27,8,8,1,fixed_outer_round_weights,8,7.5,1.154172513002564,0.5871151448021227,3.8664106058988152,0.5413371778579623,0.426250196993351,0.9012285154312849,0,847,128,fresh_round,outer_round
common_grid,PIS-S8-B8-U1,question,31,28,8,8,1,fixed_outer_round_weights,8,6.875,0.9677955490619774,0.48258817371463036,3.8756214944546863,0.5368605561787084,0.5736979320645332,0.8737506298348308,0,852,128,fresh_round,outer_round
common_grid,PIS-S8-B8-U1,question,31,29,8,8,1,fixed_outer_round_weights,8,6.625,1.114991830192476,0.6226285462270909,3.595538493350778,0.5650240971529674,0.47479140013456345,0.5873663052916527,0,854,128,fresh_round,outer_round
common_grid,PIS-S8-B8-U1,question,31,30,8,8,1,fixed_outer_round_weights,8,7,1.378871839892816,0.7124366879786851,4.272372262698871,0.6011762287904664,0.2934726271778345,0.8276033494621515,0,861,128,fresh_round,outer_round
common_grid,PIS-S8-B8-U1,question,31,31,8,8,1,fixed_outer_round_weights,8,7.375,1.287341732909276,0.6486337774049284,4.151240200367756,0.5626608278709515,0.35497017949819565,0.8436604365706444,0,874,128,fresh_round,outer_round
common_grid,PIS-S8-B8-U1,question,47,0,8,8,1,fixed_outer_round_weights,8,6.25,1.1349509077162492,0.6171815705220699,3.6216500871979025,0.5715498190986665,0.4064122959971428,0.9019386246800423,0,50,8,fresh_round,outer_round
common_grid,PIS-S8-B8-U1,question,47,1,8,8,1,fixed_outer_round_weights,8,6,0.9565739062283511,0.508092547209507,3.4505494201411855,0.5393511428965586,0.5399725567549467,0.7578128296881914,0,98,16,fresh_round,outer_round
common_grid,PIS-S8-B8-U1,question,47,2,8,8,1,fixed_outer_round_weights,8,6.5,0.8787973295503924,0.45778070070171883,3.0773673899866276,0.45167276991516947,0.5478906482458115,0.8429692089557648,0,150,24,fresh_round,outer_round
common_grid,PIS-S8-B8-U1,question,47,3,8,8,1,fixed_outer_round_weights,8,5.875,1.1260266869570774,0.6328796194103979,3.193871945458581,0.5332824833634604,0.4540170468389988,0.5273345801979303,0,197,32,fresh_round,outer_round
common_grid,PIS-S8-B8-U1,question,47,4,8,8,1,fixed_outer_round_weights,8,5.75,1.3172779386010727,0.7627317769264121,3.713350731370183,0.650190413763924,0.30733162350952625,0.7738687619566917,0,243,40,fresh_round,outer_round
common_grid,PIS-S8-B8-U1,question,47,5,8,8,1,fixed_outer_round_weights,8,6.25,1.0395277265667053,0.5448951462197918,3.495896634951283,0.5351667657173591,0.46754780784249306,0.9754822198301554,0,293,48,fresh_round,outer_round
common_grid,PIS-S8-B8-U1,question,47,6,8,8,1,fixed_outer_round_weights,8,5.75,1.1102266855224432,0.6477578251061957,3.435335699403961,0.6092061165723403,0.40501420199871063,0.9686314249411225,0,339,56,fresh_round,outer_round
common_grid,PIS-S8-B8-U1,question,47,7,8,8,1,fixed_outer_round_weights,8,6.125,1.4238818553425936,0.7806930231227267,4.720101283768922,0.7558422332637211,0.31180635280907154,0.8699929537251592,0,388,64,fresh_round,outer_round
common_grid,PIS-S8-B8-U1,question,47,8,8,8,1,fixed_outer_round_weights,8,6.25,0.7336947426099589,0.41640579511187453,2.24615890585999,0.37982982509859414,0.5548115447163582,0.9073668643832207,0,438,72,fresh_round,outer_round
common_grid,PIS-S8-B8-U1,question,47,9,8,8,1,fixed_outer_round_weights,8,7.375,1.3129439159284797,0.660990178786532,4.333529209323396,0.5919022280107584,0.3392086587846279,0.7460276056081057,0,497,80,fresh_round,outer_round
common_grid,PIS-S8-B8-U1,question,47,10,8,8,1,fixed_outer_round_weights,8,6.375,0.7751680484518307,0.42666482985844434,2.31363252734251,0.3734566625398169,0.5318999532610178,0.9581310879439116,0,548,88,fresh_round,outer_round
common_grid,PIS-S8-B8-U1,question,47,11,8,8,1,fixed_outer_round_weights,8,7,1.2823103842941268,0.658370648789315,3.9645123195844674,0.5591979779945767,0.3298743460327387,0.8418123759329319,0,604,96,fresh_round,outer_round
common_grid,PIS-S8-B8-U1,question,47,12,8,8,1,fixed_outer_round_weights,8,5.875,1.1059597480011505,0.6201359239020836,3.7448982903883916,0.614308124725794,0.45524872466921806,0.8749341890215874,0,651,104,fresh_round,outer_round
common_grid,PIS-S8-B8-U1,question,47,13,8,8,1,fixed_outer_round_weights,8,6.25,1.0200968226353422,0.5597379425463905,3.443512221963193,0.5546243043211264,0.4797329157590866,0.941820003092289,0,701,112,fresh_round,outer_round
common_grid,PIS-S8-B8-U1,question,47,14,8,8,1,fixed_outer_round_weights,8,6.375,1.450690100253347,0.7730337195521241,4.513558091624042,0.6885231559446738,0.29845135286450386,0.8156695626676083,0,752,120,fresh_round,outer_round
common_grid,PIS-S8-B8-U1,question,47,15,8,8,1,fixed_outer_round_weights,8,7,1.394571240208221,0.7000153089361187,4.86004139096393,0.669443640916192,0.3307267837226391,0.9999573705717921,0,808,128,fresh_round,outer_round
common_grid,PIS-S8-B8-U1,question,47,16,8,8,1,fixed_outer_round_weights,8,6.375,1.3158169650227212,0.7157158095293238,3.800623755606371,0.6005018949321914,0.2891946826130152,0.9251926355063915,0,814,128,fresh_round,outer_round
common_grid,PIS-S8-B8-U1,question,47,17,8,8,1,fixed_outer_round_weights,8,7,1.384177782892315,0.6984739419642376,4.488402028281217,0.6244315588896093,0.314151082187891,0.8335127532482147,0,817,128,fresh_round,outer_round
common_grid,PIS-S8-B8-U1,question,47,18,8,8,1,fixed_outer_round_weights,8,7.125,1.4227401751309796,0.732490237373768,4.536057523571702,0.6384573828038231,0.26809518598020077,0.9054064331576228,0,826,128,fresh_round,outer_round
common_grid,PIS-S8-B8-U1,question,47,19,8,8,1,fixed_outer_round_weights,8,6.625,1.3573636912577145,0.7113291176221299,4.474202209003552,0.658812745530905,0.3290227521210909,0.9345983965322375,0,831,128,fresh_round,outer_round
common_grid,PIS-S8-B8-U1,question,47,20,8,8,1,fixed_outer_round_weights,8,6.25,1.238333174035745,0.6654224280127893,4.01623149457267,0.619103785434183,0.4383853990584612,0.7142520984634757,0,830,128,fresh_round,outer_round
common_grid,PIS-S8-B8-U1,question,47,21,8,8,1,fixed_outer_round_weights,8,6.625,1.3740432071400517,0.7720120034033303,4.336954973204406,0.6825928807033895,0.2887427620589733,0.9007843136787415,0,831,128,fresh_round,outer_round
common_grid,PIS-S8-B8-U1,question,47,22,8,8,1,fixed_outer_round_weights,8,7,1.5002625172397945,0.7780676156697078,4.739385736332583,0.6871303929566577,0.24742894805967808,0.869344487786293,0,835,128,fresh_round,outer_round
common_grid,PIS-S8-B8-U1,question,47,23,8,8,1,fixed_outer_round_weights,8,6.75,1.0642192719388044,0.5634048191640918,3.1492928386038095,0.46480701709977235,0.43647476844489574,0.8748078588396311,0,838,128,fresh_round,outer_round
common_grid,PIS-S8-B8-U1,question,47,24,8,8,1,fixed_outer_round_weights,8,7,1.215956484871713,0.6319291946088132,3.85924377993574,0.5586623633563556,0.367980083450675,0.9411842059344053,0,836,128,fresh_round,outer_round
common_grid,PIS-S8-B8-U1,question,47,25,8,8,1,fixed_outer_round_weights,8,6.625,0.5828669938566575,0.30328082116215344,1.9321002162448144,0.29057866636047847,0.7004959210753441,0.7049817256629467,0,840,128,fresh_round,outer_round
common_grid,PIS-S8-B8-U1,question,47,26,8,8,1,fixed_outer_round_weights,8,7.125,1.533168724333513,0.7818055745604495,4.6790177939643955,0.6508962644507913,0.26152725890278816,0.7162354700267315,0,850,128,fresh_round,outer_round
common_grid,PIS-S8-B8-U1,question,47,27,8,8,1,fixed_outer_round_weights,8,7.625,1.2923231781879991,0.637563916765363,4.619428717684114,0.6059543690245884,0.398031760007143,0.9475538395345211,0,859,128,fresh_round,outer_round
common_grid,PIS-S8-B8-U1,question,47,28,8,8,1,fixed_outer_round_weights,8,7,0.953254084902912,0.48492861986860913,3.4642926408380963,0.4763060443973219,0.5638889651745558,0.8430110476911068,0,863,128,fresh_round,outer_round
common_grid,PIS-S8-B8-U1,question,47,29,8,8,1,fixed_outer_round_weights,8,7.125,0.9414954093947709,0.483729377775876,2.842868565210255,0.4082807763041477,0.5115589592605829,0.7452766764909029,0,870,128,fresh_round,outer_round
common_grid,PIS-S8-B8-U1,question,47,30,8,8,1,fixed_outer_round_weights,8,6.75,1.0342666163039367,0.5347467952029135,3.2486490526692986,0.46796709718059404,0.46409690007567406,0.8531026840209961,0,876,128,fresh_round,outer_round
common_grid,PIS-S8-B8-U1,question,47,31,8,8,1,fixed_outer_round_weights,8,6.875,1.126663168396313,0.5762246912004125,3.741120755719581,0.5220017617840678,0.3987749870866537,0.981801338493824,0,879,128,fresh_round,outer_round
common_grid,PIS-S8-B8-U1,question,73,0,8,8,1,fixed_outer_round_weights,8,6,1.2653728423176,0.7065832969098365,3.530383915097315,0.5834345956981466,0.36550625786185265,0.7499796189367771,0,48,8,fresh_round,outer_round
common_grid,PIS-S8-B8-U1,question,73,1,8,8,1,fixed_outer_round_weights,8,6.375,1.1216561588255791,0.6057543755848296,3.59371103702978,0.5572021360570072,0.4027985408902168,0.8746458180248737,0,99,16,fresh_round,outer_round
common_grid,PIS-S8-B8-U1,question,73,2,8,8,1,fixed_outer_round_weights,8,6.375,1.3137471221774457,0.7382511727848847,3.8659682140664327,0.6336015372229693,0.3438359256833792,0.7971188761293888,0,150,24,fresh_round,outer_round
common_grid,PIS-S8-B8-U1,question,73,3,8,8,1,fixed_outer_round_weights,8,6.25,1.3095210467600702,0.7262025319134247,3.8574252080800675,0.6287999961938632,0.29820779897272587,0.9499047435820103,0,200,32,fresh_round,outer_round
common_grid,PIS-S8-B8-U1,question,73,4,8,8,1,fixed_outer_round_weights,8,5.375,1.1219781598539311,0.6628865922303561,3.641227050667389,0.6895964343368575,0.43566124327480793,0.8532211519777775,0,243,40,fresh_round,outer_round
common_grid,PIS-S8-B8-U1,question,73,5,8,8,1,fixed_outer_round_weights,8,5.625,1.1921077189899298,0.6921339644634192,3.3819649807028114,0.599984694314751,0.3768709097057581,0.7349721528589725,0,288,48,fresh_round,outer_round
common_grid,PIS-S8-B8-U1,question,73,6,8,8,1,fixed_outer_round_weights,8,5.75,1.1406312090582749,0.639534179080453,3.788399449589503,0.6279845450032746,0.4593507293611765,0.7526612784713507,0,334,56,fresh_round,outer_round
common_grid,PIS-S8-B8-U1,question,73,7,8,8,1,fixed_outer_round_weights,8,5.75,1.1780540442144314,0.6523281853806678,4.002068455242362,0.680360434621178,0.42355766519904137,0.7997855357825756,0,380,64,fresh_round,outer_round
common_grid,PIS-S8-B8-U1,question,73,8,8,8,1,fixed_outer_round_weights,8,6.375,1.5104034814128215,0.8244970319450535,4.966954918476761,0.7649919366996956,0.2912127636373043,0.8540896084159613,0,431,72,fresh_round,outer_round
common_grid,PIS-S8-B8-U1,question,73,9,8,8,1,fixed_outer_round_weights,8,6.625,1.1924975583956288,0.620754334911023,4.083244638677312,0.5993109188732018,0.4207359906286001,0.9174799611791968,0,484,80,fresh_round,outer_round
common_grid,PIS-S8-B8-U1,question,73,10,8,8,1,fixed_outer_round_weights,8,6.25,1.092521872979773,0.6421542018604492,3.087470670289043,0.5487037454602913,0.4591758381575346,0.6560569647699594,0,534,88,fresh_round,outer_round
common_grid,PIS-S8-B8-U1,question,73,11,8,8,1,fixed_outer_round_weights,8,6.125,1.49607089917845,0.8473617052850395,4.597293130129881,0.7630171835732052,0.2697029709815979,0.6699460092931986,0,583,96,fresh_round,outer_round
common_grid,PIS-S8-B8-U1,question,73,12,8,8,1,fixed_outer_round_weights,8,7,1.3495392252924696,0.6966384157434421,3.8343772244314254,0.5480682238190675,0.3075495548546314,0.812421003356576,0,639,104,fresh_round,outer_round
common_grid,PIS-S8-B8-U1,question,73,13,8,8,1,fixed_outer_round_weights,8,6.625,1.269192510211717,0.6914182640580824,3.8583485499951364,0.6054118756229507,0.3153846971690655,0.8767970334738493,0,692,112,fresh_round,outer_round
common_grid,PIS-S8-B8-U1,question,73,14,8,8,1,fixed_outer_round_weights,8,6.25,1.455130036899724,0.8009999653810955,4.500196783132606,0.7260702376203733,0.2449319288134575,0.9999714959412813,0,742,120,fresh_round,outer_round
common_grid,PIS-S8-B8-U1,question,73,15,8,8,1,fixed_outer_round_weights,8,6.75,1.2601713988849277,0.6685188352588367,3.9910914182010773,0.5973917068467389,0.3574400544166565,0.8332988023757935,0,796,128,fresh_round,outer_round
common_grid,PIS-S8-B8-U1,question,73,16,8,8,1,fixed_outer_round_weights,8,7,1.2707331997315616,0.6660549351014171,4.115514162040841,0.6102486842748126,0.3494655638933182,0.8897242899984121,0,805,128,fresh_round,outer_round
common_grid,PIS-S8-B8-U1,question,73,17,8,8,1,fixed_outer_round_weights,8,6.75,1.0452729720123168,0.5463302143295928,3.376007430922407,0.4993563787369879,0.44594194181263447,0.8428926318883896,0,813,128,fresh_round,outer_round
common_grid,PIS-S8-B8-U1,question,73,18,8,8,1,fixed_outer_round_weights,8,7,1.2733626151509831,0.6543092608405213,4.430692871557434,0.6269812929976203,0.43036949075758457,0.8749728808179498,0,818,128,fresh_round,outer_round
common_grid,PIS-S8-B8-U1,question,73,19,8,8,1,fixed_outer_round_weights,8,7.125,1.4008907610629642,0.7156996493314868,4.288526290387336,0.6029737445313026,0.3450794629752636,0.734364278614521,0,829,128,fresh_round,outer_round
common_grid,PIS-S8-B8-U1,question,73,20,8,8,1,fixed_outer_round_weights,8,6.875,1.0211635377861528,0.5344906050782924,2.9649811681982507,0.42862012786131165,0.48777315206825733,0.6660802029073238,0,832,128,fresh_round,outer_round
common_grid,PIS-S8-B8-U1,question,73,21,8,8,1,fixed_outer_round_weights,8,7.75,1.4617376322965896,0.7095278718053702,4.765282625661325,0.6071711811310235,0.3147152792662382,0.7835201136767864,0,844,128,fresh_round,outer_round
common_grid,PIS-S8-B8-U1,question,73,22,8,8,1,fixed_outer_round_weights,8,7.25,1.5243203624274422,0.7696638543842275,5.220733526771449,0.7153258908932115,0.26017674058675766,0.8649659683578648,0,848,128,fresh_round,outer_round
common_grid,PIS-S8-B8-U1,question,73,23,8,8,1,fixed_outer_round_weights,8,7,1.2740211332828721,0.6552313127019578,4.115018078611731,0.5834742135839072,0.34907030686736107,0.9632597891613841,0,852,128,fresh_round,outer_round
common_grid,PIS-S8-B8-U1,question,73,24,8,8,1,fixed_outer_round_weights,8,6.625,1.6240585983723874,0.8682812268134111,5.089959047096906,0.7839615726548752,0.20539788156747818,0.8742811568081379,0,853,128,fresh_round,outer_round
common_grid,PIS-S8-B8-U1,question,73,25,8,8,1,fixed_outer_round_weights,8,7.375,0.9163212304037341,0.4579773214788867,3.245425344807795,0.44437123824807717,0.5299431197345257,0.9998166747391224,0,862,128,fresh_round,outer_round
common_grid,PIS-S8-B8-U1,question,73,26,8,8,1,fixed_outer_round_weights,8,7.125,1.3496646525215676,0.6651636349046498,4.871177657538957,0.6525158878648574,0.37844431586563587,0.8220710791647434,0,866,128,fresh_round,outer_round
common_grid,PIS-S8-B8-U1,question,73,27,8,8,1,fixed_outer_round_weights,8,7.25,1.2983818796359066,0.6545315852175103,4.1104536636624545,0.5648785818180281,0.3367815352976322,0.9368555564433336,0,870,128,fresh_round,outer_round
common_grid,PIS-S8-B8-U1,question,73,28,8,8,1,fixed_outer_round_weights,8,7.25,0.9391019119539883,0.4835282921101829,3.2525622853324156,0.459166310774457,0.5250809248536825,0.8250547153875232,0,875,128,fresh_round,outer_round
common_grid,PIS-S8-B8-U1,question,73,29,8,8,1,fixed_outer_round_weights,8,7.375,1.5432308107251576,0.7769432572604368,4.955646911010601,0.6818623378842608,0.274866059422493,0.8154508825391531,0,890,128,fresh_round,outer_round
common_grid,PIS-S8-B8-U1,question,73,30,8,8,1,fixed_outer_round_weights,8,7.375,1.3606619198172225,0.6807955225464073,4.455236774419111,0.6051175412525762,0.32654732652008533,0.908756167627871,0,905,128,fresh_round,outer_round
common_grid,PIS-S8-B8-U1,question,73,31,8,8,1,fixed_outer_round_weights,8,7.25,1.494707497748253,0.7533426348681044,5.000412282465222,0.6875568132723444,0.28540752083063126,0.9166262000799179,0,915,128,fresh_round,outer_round
common_grid,PIS-S8-B8-U4,question,31,0,8,8,4,fixed_outer_round_weights,8,7.375,1.0746986401567644,0.5410062344509035,3.355789778219204,0.4579177440117238,0.4080760236829519,0.955403309315443,0,59,8,fresh_round,outer_round
common_grid,PIS-S8-B8-U4,question,31,1,8,8,4,fixed_outer_round_weights,8,6.625,0.996972233026063,0.5820757372722029,2.957692224780864,0.4882899942258422,0.5418049413710833,0.6222940981388092,0,112,16,fresh_round,outer_round
common_grid,PIS-S8-B8-U4,question,31,2,8,8,4,fixed_outer_round_weights,8,6.25,1.0571108482896094,0.578830815306147,3.754353018854368,0.6018227179415119,0.49227502197027206,0.9776101130992174,0,162,24,fresh_round,outer_round
common_grid,PIS-S8-B8-U4,question,31,3,8,8,4,fixed_outer_round_weights,8,7.5,1.597079541666886,0.795057201214282,4.987311629563051,0.670198491883783,0.21085961908102036,0.9809717359021306,0,222,32,fresh_round,outer_round
common_grid,PIS-S8-B8-U4,question,31,4,8,8,4,fixed_outer_round_weights,8,6.75,0.9579728228770845,0.5209639475247936,3.182930940636152,0.48778242462314925,0.5438800975680351,0.7282556723803282,0,276,40,fresh_round,outer_round
common_grid,PIS-S8-B8-U4,question,31,5,8,8,4,fixed_outer_round_weights,8,6.625,0.9742236248470658,0.5153957805925046,3.2456648450733128,0.47869086710101333,0.5051653385162354,0.8245606352575123,0,329,48,fresh_round,outer_round
common_grid,PIS-S8-B8-U4,question,31,6,8,8,4,fixed_outer_round_weights,8,7.375,1.3827784275962094,0.6869477685889375,4.478615386538897,0.5921831500131889,0.3259843476116657,0.794529790058732,0,388,56,fresh_round,outer_round
common_grid,PIS-S8-B8-U4,question,31,7,8,8,4,fixed_outer_round_weights,8,7.125,1.4277064225846843,0.7276488794159808,4.677178753234229,0.6562931900074311,0.30646160431206226,0.8034852901473641,0,445,64,fresh_round,outer_round
common_grid,PIS-S8-B8-U4,question,31,8,8,8,4,fixed_outer_round_weights,8,6.625,1.1640707691010803,0.6025938167976271,3.6227754354726467,0.5409188063539333,0.3849205747246742,0.7687640003859997,0,498,72,fresh_round,outer_round
common_grid,PIS-S8-B8-U4,question,31,9,8,8,4,fixed_outer_round_weights,8,6.875,1.2578780286785682,0.6378994653181387,4.347276464118359,0.6022865904327009,0.440885741263628,0.7995691914111376,0,553,80,fresh_round,outer_round
common_grid,PIS-S8-B8-U4,question,31,10,8,8,4,fixed_outer_round_weights,8,5.5,0.8779668917679189,0.5099484765580627,2.5221932216462473,0.44848238854751343,0.6234783697873354,0.6087522907182574,0,597,88,fresh_round,outer_round
common_grid,PIS-S8-B8-U4,question,31,11,8,8,4,fixed_outer_round_weights,8,7.125,1.3345148266313005,0.6626284905133314,4.507635370509735,0.6079082022384324,0.339055759832263,0.8997863661497831,0,654,96,fresh_round,outer_round
common_grid,PIS-S8-B8-U4,question,31,12,8,8,4,fixed_outer_round_weights,8,7,1.163996456487828,0.5853933815447996,3.818232603072115,0.5223959116926304,0.4269906375557184,0.8835156066343188,0,710,104,fresh_round,outer_round
common_grid,PIS-S8-B8-U4,question,31,13,8,8,4,fixed_outer_round_weights,8,6.875,1.4221153766412504,0.7395145277278734,4.437230785486822,0.6476447773902174,0.26491009443998337,0.9446392552927136,0,765,112,fresh_round,outer_round
common_grid,PIS-S8-B8-U4,question,31,14,8,8,4,fixed_outer_round_weights,8,7.625,1.1750039685136284,0.5741965267356746,4.012640126692428,0.5162637136901225,0.43884328566491604,0.7577740289270878,0,826,120,fresh_round,outer_round
common_grid,PIS-S8-B8-U4,question,31,15,8,8,4,fixed_outer_round_weights,8,7,1.2088545629675551,0.6162371466859237,3.7823448998458225,0.5185540877378945,0.44819136895239353,0.7354080267250538,0,882,128,fresh_round,outer_round
common_grid,PIS-S8-B8-U4,question,31,16,8,8,4,fixed_outer_round_weights,8,6.875,0.8557264299717807,0.4444706480376907,2.6309802979229833,0.386481847443778,0.6000528074800968,0.6021273881196976,0,882,128,fresh_round,outer_round
common_grid,PIS-S8-B8-U4,question,31,17,8,8,4,fixed_outer_round_weights,8,5.625,1.2317640869895243,0.7225494488750327,3.5279370113864106,0.6289360293220814,0.38124315068125725,0.7115187663584948,0,880,128,fresh_round,outer_round
common_grid,PIS-S8-B8-U4,question,31,18,8,8,4,fixed_outer_round_weights,8,6.875,1.0747414186967483,0.5571604833767289,3.2544816746922596,0.47143109063904,0.4176246915012598,0.9426677729934454,0,876,128,fresh_round,outer_round
common_grid,PIS-S8-B8-U4,question,31,19,8,8,4,fixed_outer_round_weights,8,6.5,1.1621469725591522,0.6174555976650092,3.5164491026559506,0.5320334794391559,0.4665732067078352,0.6723336139693856,0,871,128,fresh_round,outer_round
common_grid,PIS-S8-B8-U4,question,31,20,8,8,4,fixed_outer_round_weights,8,6.125,1.0857360367323652,0.5946318732239838,2.985826219236498,0.47931846543689327,0.4901489429175854,0.6928102057427168,0,874,128,fresh_round,outer_round
common_grid,PIS-S8-B8-U4,question,31,21,8,8,4,fixed_outer_round_weights,8,6.5,1.3382830423419303,0.6890354592840777,4.348325044955929,0.6426344585893762,0.39203665778040886,0.8562605753540993,0,869,128,fresh_round,outer_round
common_grid,PIS-S8-B8-U4,question,31,22,8,8,4,fixed_outer_round_weights,8,5.875,1.3948351093160334,0.803011254010169,4.1341505011096205,0.7171914993439019,0.32497500255703926,0.7217516209930182,0,860,128,fresh_round,outer_round
common_grid,PIS-S8-B8-U4,question,31,23,8,8,4,fixed_outer_round_weights,8,7,1.3101207489463516,0.6687331542080788,4.0840696963168455,0.5743686272813299,0.3610921837389469,0.8996471217833459,0,861,128,fresh_round,outer_round
common_grid,PIS-S8-B8-U4,question,31,24,8,8,4,fixed_outer_round_weights,8,6.5,1.087500737946161,0.579139296980148,3.2647313221514125,0.49466524129790257,0.4983853939920664,0.5948611903004348,0,851,128,fresh_round,outer_round
common_grid,PIS-S8-B8-U4,question,31,25,8,8,4,fixed_outer_round_weights,8,5.625,1.0051344502568968,0.562559847922303,3.0642106015786017,0.5085783126929897,0.5080933980643749,0.8318505240604281,0,845,128,fresh_round,outer_round
common_grid,PIS-S8-B8-U4,question,31,26,8,8,4,fixed_outer_round_weights,8,6.25,1.3476380815902342,0.7447966347890469,4.273142062672988,0.6958204250225934,0.34336321987211704,0.7989484835416079,0,835,128,fresh_round,outer_round
common_grid,PIS-S8-B8-U4,question,31,27,8,8,4,fixed_outer_round_weights,8,5.875,1.4524966190158286,0.8234697812613327,4.238542895797157,0.7241606665292709,0.2974274307489395,0.6636002529412508,0,825,128,fresh_round,outer_round
common_grid,PIS-S8-B8-U4,question,31,28,8,8,4,fixed_outer_round_weights,8,5.25,1.110770261493596,0.6973609980695485,3.284270299273266,0.6456700776596257,0.45291116274893284,0.6094934176653624,0,812,128,fresh_round,outer_round
common_grid,PIS-S8-B8-U4,question,31,29,8,8,4,fixed_outer_round_weights,8,5.25,0.9392556903836398,0.5807970780464776,2.552694605445494,0.5033947129759899,0.5848276298493147,0.4465452693402767,0,801,128,fresh_round,outer_round
common_grid,PIS-S8-B8-U4,question,31,30,8,8,4,fixed_outer_round_weights,8,6.25,1.1806501464315162,0.6439314868156758,3.3572328060575076,0.5290878522049505,0.42006808519363403,0.8780602496117353,0,792,128,fresh_round,outer_round
common_grid,PIS-S8-B8-U4,question,31,31,8,8,4,fixed_outer_round_weights,8,5.875,1.0004690481363516,0.5604669806500548,2.6964277655229965,0.4561287146115172,0.514578677713871,0.6852036751806736,0,786,128,fresh_round,outer_round
common_grid,PIS-S8-B8-U4,question,47,0,8,8,4,fixed_outer_round_weights,8,6.25,1.1349509077162492,0.6171815705220699,3.6216500871979025,0.5715498190986665,0.4064122959971428,0.9019386246800423,0,50,8,fresh_round,outer_round
common_grid,PIS-S8-B8-U4,question,47,1,8,8,4,fixed_outer_round_weights,8,5.875,1.161278984771059,0.6301773258055827,3.7458082524420444,0.5985353091833862,0.45158430002629757,0.6769365025684237,0,97,16,fresh_round,outer_round
common_grid,PIS-S8-B8-U4,question,47,2,8,8,4,fixed_outer_round_weights,8,6.25,0.9820677062168572,0.5162731876119185,3.538744094782565,0.5277375103940601,0.5398848429322243,0.7178141577169299,0,147,24,fresh_round,outer_round
common_grid,PIS-S8-B8-U4,question,47,3,8,8,4,fixed_outer_round_weights,8,6.625,1.112175817403347,0.5933088024816447,3.0273028784251097,0.4615260191807904,0.45598525553941727,0.5906339511275291,0,200,32,fresh_round,outer_round
common_grid,PIS-S8-B8-U4,question,47,4,8,8,4,fixed_outer_round_weights,8,6.375,1.3507577005281781,0.7302033823006345,4.017570996235583,0.6244732202736356,0.3194207437336445,0.8724634703248739,0,251,40,fresh_round,outer_round
common_grid,PIS-S8-B8-U4,question,47,5,8,8,4,fixed_outer_round_weights,8,7.125,1.553735737435299,0.7931567852967458,4.7613384106005565,0.6648199540330091,0.25881778821349144,0.6749818399548531,0,308,48,fresh_round,outer_round
common_grid,PIS-S8-B8-U4,question,47,6,8,8,4,fixed_outer_round_weights,8,6.5,0.8615317995613759,0.4392539675724077,2.8764792430517216,0.4198637615581438,0.5143314134329557,0.9163664672523737,0,360,56,fresh_round,outer_round
common_grid,PIS-S8-B8-U4,question,47,7,8,8,4,fixed_outer_round_weights,8,7,1.5410900426066958,0.7884018767937925,5.002098532213463,0.699744550014476,0.23054921068251133,0.9401532523334026,0,416,64,fresh_round,outer_round
common_grid,PIS-S8-B8-U4,question,47,8,8,8,4,fixed_outer_round_weights,8,7.125,0.720601344020526,0.37275844418764864,2.3757343423159383,0.341704329021687,0.5842066146433353,0.997506994754076,0,473,72,fresh_round,outer_round
common_grid,PIS-S8-B8-U4,question,47,9,8,8,4,fixed_outer_round_weights,8,7.625,1.0940916786895616,0.5387407078612636,3.9966033804864125,0.5241331701713613,0.4979272112250328,0.8211852246895432,0,534,80,fresh_round,outer_round
common_grid,PIS-S8-B8-U4,question,47,10,8,8,4,fixed_outer_round_weights,8,6.625,1.0295422754077097,0.5426409936405525,2.973094048842347,0.4469531267058438,0.5065511297434568,0.58120939694345,0,587,88,fresh_round,outer_round
common_grid,PIS-S8-B8-U4,question,47,11,8,8,4,fixed_outer_round_weights,8,6.875,1.2635000807922598,0.6617141425406725,4.251143085217663,0.6296188140279056,0.3614966943860054,0.9789626002311707,0,642,96,fresh_round,outer_round
common_grid,PIS-S8-B8-U4,question,47,12,8,8,4,fixed_outer_round_weights,8,7,1.2489613289267447,0.6634761592744722,4.070512428521722,0.5860846711639401,0.392001373693347,0.7328146379441023,0,698,104,fresh_round,outer_round
common_grid,PIS-S8-B8-U4,question,47,13,8,8,4,fixed_outer_round_weights,8,6.375,1.4259630486643273,0.7809453062516167,4.218759030001601,0.6822384901549047,0.2942173071205616,0.8332164380699396,0,749,112,fresh_round,outer_round
common_grid,PIS-S8-B8-U4,question,47,14,8,8,4,fixed_outer_round_weights,8,6.5,1.3661374738769043,0.7191030157948706,4.658971507018036,0.6835782939154021,0.36442146450281143,0.9157255236059427,0,801,120,fresh_round,outer_round
common_grid,PIS-S8-B8-U4,question,47,15,8,8,4,fixed_outer_round_weights,8,7.625,1.3272159986067578,0.6528691542155698,4.6318335909287764,0.6029812844700078,0.3525794539600611,0.837958425283432,0,862,128,fresh_round,outer_round
common_grid,PIS-S8-B8-U4,question,47,16,8,8,4,fixed_outer_round_weights,8,7.625,1.651492030074162,0.8181655649230276,5.44957544164722,0.7236343673383256,0.23217393644154072,0.7842460088431835,0,868,128,fresh_round,outer_round
common_grid,PIS-S8-B8-U4,question,47,17,8,8,4,fixed_outer_round_weights,8,7.125,1.451387754531538,0.7368916658249632,4.600890750509024,0.6380737503749546,0.2614484168589115,0.8565213661640882,0,870,128,fresh_round,outer_round
common_grid,PIS-S8-B8-U4,question,47,18,8,8,4,fixed_outer_round_weights,8,7,1.266237485897138,0.6395558816923106,3.9883039073862148,0.5570666367701742,0.351250983774662,0.875341534614563,0,875,128,fresh_round,outer_round
common_grid,PIS-S8-B8-U4,question,47,19,8,8,4,fixed_outer_round_weights,8,7.5,1.4351014352080336,0.7121223314936067,4.152749949828717,0.552143035797206,0.3107312209904194,0.747913209721446,0,882,128,fresh_round,outer_round
common_grid,PIS-S8-B8-U4,question,47,20,8,8,4,fixed_outer_round_weights,8,6.5,1.268500215464895,0.6515781557837091,4.292558547708606,0.620416066135218,0.45439524576067924,0.7165109869092703,0,877,128,fresh_round,outer_round
common_grid,PIS-S8-B8-U4,question,47,21,8,8,4,fixed_outer_round_weights,8,6.375,1.4126264447300385,0.7570551692808531,4.722898858522557,0.7253397398034077,0.33676369301974773,0.7426182869821787,0,871,128,fresh_round,outer_round
common_grid,PIS-S8-B8-U4,question,47,22,8,8,4,fixed_outer_round_weights,8,6,1.4057979822648483,0.78819991251575,4.2095600152495365,0.6968041721729569,0.28365054354071617,0.8656681375578046,0,865,128,fresh_round,outer_round
common_grid,PIS-S8-B8-U4,question,47,23,8,8,4,fixed_outer_round_weights,8,4.5,0.7004444007636025,0.46425112061247975,2.2268877054242973,0.5181383060432359,0.6170285381376743,0.7970894165337086,0,849,128,fresh_round,outer_round
common_grid,PIS-S8-B8-U4,question,47,24,8,8,4,fixed_outer_round_weights,8,5.375,1.0526057690563262,0.6241348376756791,3.256570744319889,0.5912682032438586,0.4922732301056385,0.7718257019296288,0,835,128,fresh_round,outer_round
common_grid,PIS-S8-B8-U4,question,47,25,8,8,4,fixed_outer_round_weights,8,5.625,1.001578680361632,0.6148331894158349,2.789488836320196,0.5129810697318747,0.56263074465096,0.6309132413589396,0,830,128,fresh_round,outer_round
common_grid,PIS-S8-B8-U4,question,47,26,8,8,4,fixed_outer_round_weights,8,5.375,1.2359719585448454,0.7379063404686457,3.372493383907686,0.6234011665918713,0.40854737535119057,0.7677366994321346,0,824,128,fresh_round,outer_round
common_grid,PIS-S8-B8-U4,question,47,27,8,8,4,fixed_outer_round_weights,8,6.875,1.5174742749859629,0.7931411937409618,4.620116733590741,0.6795219868697956,0.25412636063992977,0.8224626369774342,0,822,128,fresh_round,outer_round
common_grid,PIS-S8-B8-U4,question,47,28,8,8,4,fixed_outer_round_weights,8,6.5,1.0165861912666037,0.5316597691281668,3.3625147328374387,0.5030975558099755,0.540912440046668,0.600619618780911,0,818,128,fresh_round,outer_round
common_grid,PIS-S8-B8-U4,question,47,29,8,8,4,fixed_outer_round_weights,8,5.875,1.1879080091858776,0.6452201641385479,3.683409362504782,0.5969552744577842,0.4191986657679081,0.9477932155132294,0,814,128,fresh_round,outer_round
common_grid,PIS-S8-B8-U4,question,47,30,8,8,4,fixed_outer_round_weights,8,5.5,0.8087092073358327,0.5037091420890418,2.4166987087262006,0.4734351085579493,0.5430024769157171,0.9569138502702117,0,799,128,fresh_round,outer_round
common_grid,PIS-S8-B8-U4,question,47,31,8,8,4,fixed_outer_round_weights,8,5.75,1.0664439645794133,0.6050641035102635,3.242519559129451,0.5503966839259579,0.46907931938767433,0.8199174012988806,0,796,128,fresh_round,outer_round
common_grid,PIS-S8-B8-U4,question,73,0,8,8,4,fixed_outer_round_weights,8,6,1.2653728423176,0.7065832969098365,3.530383915097315,0.5834345956981466,0.36550625786185265,0.7499796189367771,0,48,8,fresh_round,outer_round
common_grid,PIS-S8-B8-U4,question,73,1,8,8,4,fixed_outer_round_weights,8,6.5,1.0939013647562665,0.5883829540147771,3.171511222229308,0.49224032175049315,0.4480610229074955,0.7496814802289009,0,100,16,fresh_round,outer_round
common_grid,PIS-S8-B8-U4,question,73,2,8,8,4,fixed_outer_round_weights,8,6,1.3241111598064057,0.7554950530783144,4.114868078335366,0.7094397338612305,0.3210353050380945,0.8925276175141335,0,148,24,fresh_round,outer_round
common_grid,PIS-S8-B8-U4,question,73,3,8,8,4,fixed_outer_round_weights,8,6.375,1.426480110196869,0.7843015132327249,4.486132179308603,0.728019812395104,0.27114943973720074,0.9322501346468925,0,199,32,fresh_round,outer_round
common_grid,PIS-S8-B8-U4,question,73,4,8,8,4,fixed_outer_round_weights,8,6.625,1.3421959103238865,0.7180129178510942,4.200037141252477,0.6335563976360535,0.31699293479323387,0.8538538385182619,0,252,40,fresh_round,outer_round
common_grid,PIS-S8-B8-U4,question,73,5,8,8,4,fixed_outer_round_weights,8,5.75,1.2442461746675122,0.6907276061348211,4.10988994223894,0.6770503780178835,0.3632878866046667,0.9198941150680184,0,298,48,fresh_round,outer_round
common_grid,PIS-S8-B8-U4,question,73,6,8,8,4,fixed_outer_round_weights,8,6.625,1.4660437374537758,0.7776273078016904,4.491528526791875,0.6661503308081733,0.2934815511107445,0.7282988149672747,0,351,56,fresh_round,outer_round
common_grid,PIS-S8-B8-U4,question,73,7,8,8,4,fixed_outer_round_weights,8,7.5,1.4356128195087139,0.7103389252676172,4.746792784663603,0.6291691806355239,0.30270660668611526,0.7963775927200913,0,411,64,fresh_round,outer_round
common_grid,PIS-S8-B8-U4,question,73,8,8,8,4,fixed_outer_round_weights,8,7.625,1.7098607956523884,0.8421905770229783,5.523161794827915,0.7238799189429933,0.19942092895507812,0.7873750198632479,0,472,72,fresh_round,outer_round
common_grid,PIS-S8-B8-U4,question,73,9,8,8,4,fixed_outer_round_weights,8,7.25,1.4797559701028575,0.7569699609638065,4.910777451832103,0.6942071021734993,0.33012524247169495,0.8176698889583349,0,530,80,fresh_round,outer_round
common_grid,PIS-S8-B8-U4,question,73,10,8,8,4,fixed_outer_round_weights,8,6.5,1.0174776099722185,0.5120018957371322,3.0012348875370543,0.5180048314705589,0.41332713700830936,0.9989347029477358,0,582,88,fresh_round,outer_round
common_grid,PIS-S8-B8-U4,question,73,11,8,8,4,fixed_outer_round_weights,8,6.75,1.2328660738358777,0.6167935291360297,4.132725823903249,0.5728563361438811,0.40970501117408276,0.7058616215363145,0,636,96,fresh_round,outer_round
common_grid,PIS-S8-B8-U4,question,73,12,8,8,4,fixed_outer_round_weights,8,7.25,1.2882051136385533,0.649823337885997,4.00583923465081,0.550601974913369,0.3310179840773344,0.9325702451169491,0,694,104,fresh_round,outer_round
common_grid,PIS-S8-B8-U4,question,73,13,8,8,4,fixed_outer_round_weights,8,6.5,1.1458510415898049,0.6599893614045804,3.7664114494974523,0.6345028321851189,0.44174380227923393,0.8632740043103695,0,746,112,fresh_round,outer_round
common_grid,PIS-S8-B8-U4,question,73,14,8,8,4,fixed_outer_round_weights,8,6.375,1.431714291775345,0.7818072010992428,4.749043593784561,0.7445980873270424,0.30438215658068657,0.9099681042134762,0,797,120,fresh_round,outer_round
common_grid,PIS-S8-B8-U4,question,73,15,8,8,4,fixed_outer_round_weights,8,6.25,1.1804396515512228,0.640317436875665,3.5173993701140933,0.5474588518279947,0.4224272519350052,0.7432919759303331,0,847,128,fresh_round,outer_round
common_grid,PIS-S8-B8-U4,question,73,16,8,8,4,fixed_outer_round_weights,8,6.125,1.1773115686068336,0.6031166108854783,3.9612771954634103,0.6672183741503435,0.4218400791287422,0.8540913825854659,0,851,128,fresh_round,outer_round
common_grid,PIS-S8-B8-U4,question,73,17,8,8,4,fixed_outer_round_weights,8,5.875,1.291995731858588,0.7383777993628567,3.7814146247855183,0.6378233956609014,0.39545452408492565,0.5307514634914696,0,844,128,fresh_round,outer_round
common_grid,PIS-S8-B8-U4,question,73,18,8,8,4,fixed_outer_round_weights,8,6.375,1.470425001368385,0.7965442034251847,4.414635586912232,0.6910124267521512,0.34995901957154274,0.7105055022984743,0,841,128,fresh_round,outer_round
common_grid,PIS-S8-B8-U4,question,73,19,8,8,4,fixed_outer_round_weights,8,6.5,1.0351515316889384,0.5458354687038116,3.3873848021656414,0.4969458224029314,0.5276768822222948,0.6781586110591888,0,836,128,fresh_round,outer_round
common_grid,PIS-S8-B8-U4,question,73,20,8,8,4,fixed_outer_round_weights,8,4.875,0.8586775712748034,0.5360154835922251,2.6286847108723546,0.5179856775923414,0.553960619494319,0.639999084174633,0,824,128,fresh_round,outer_round
common_grid,PIS-S8-B8-U4,question,73,21,8,8,4,fixed_outer_round_weights,8,5,1.1386387226288603,0.7101386123150507,3.3515546417975552,0.6579716835944994,0.4179402906447649,0.8070601932704449,0,809,128,fresh_round,outer_round
common_grid,PIS-S8-B8-U4,question,73,22,8,8,4,fixed_outer_round_weights,8,4.5,0.8970541889481106,0.541456927879072,2.874669420217817,0.604240754687575,0.5516092963516712,0.7408993719145656,0,791,128,fresh_round,outer_round
common_grid,PIS-S8-B8-U4,question,73,23,8,8,4,fixed_outer_round_weights,8,4.625,1.0159391051057205,0.6356387883910938,2.931046499432779,0.6796533355680573,0.4703927021473646,0.6136007197201252,0,779,128,fresh_round,outer_round
common_grid,PIS-S8-B8-U4,question,73,24,8,8,4,fixed_outer_round_weights,8,5.5,1.0814645468980608,0.6192303203060903,3.162576002687845,0.5478127107095778,0.5151650067418814,0.817351346835494,0,772,128,fresh_round,outer_round
common_grid,PIS-S8-B8-U4,question,73,25,8,8,4,fixed_outer_round_weights,8,5.5,1.0805806263835092,0.6519856386233656,3.053187512969477,0.5718808629219445,0.4854246638715267,0.5482537150382996,0,757,128,fresh_round,outer_round
common_grid,PIS-S8-B8-U4,question,73,26,8,8,4,fixed_outer_round_weights,8,5.75,1.372290472809065,0.7971378373523481,3.9587929787113723,0.6924951552927547,0.2924269959330559,0.7683180249296129,0,748,128,fresh_round,outer_round
common_grid,PIS-S8-B8-U4,question,73,27,8,8,4,fixed_outer_round_weights,8,6.625,1.286019706612164,0.6813640075396009,3.6972032148771907,0.5617972544526381,0.39937492460012436,0.7247328329831362,0,748,128,fresh_round,outer_round
common_grid,PIS-S8-B8-U4,question,73,28,8,8,4,fixed_outer_round_weights,8,6,1.1025644192149295,0.6098502159919469,2.8790458628559312,0.4721696141209114,0.5084009263664484,0.692589852027595,0,740,128,fresh_round,outer_round
common_grid,PIS-S8-B8-U4,question,73,29,8,8,4,fixed_outer_round_weights,8,6.875,1.478422834872033,0.764244471799423,4.852205629960963,0.6947642750030562,0.311291191726923,0.9270573407411575,0,744,128,fresh_round,outer_round
common_grid,PIS-S8-B8-U4,question,73,30,8,8,4,fixed_outer_round_weights,8,6.625,1.5487322613796644,0.8287440949125878,4.842757657641368,0.7412930029174358,0.24836182966828346,0.8719083955511451,0,746,128,fresh_round,outer_round
common_grid,PIS-S8-B8-U4,question,73,31,8,8,4,fixed_outer_round_weights,8,6.75,1.5849988017926016,0.8243104855335524,5.1482471009939355,0.7433803388143122,0.253356559202075,0.8696274552494287,0,748,128,fresh_round,outer_round
persistent_bridge,Q5-U-Joint,answer_derive,31,0,16,4,4,after_last_inner_refresh,4,9.75,0.17429736497057874,0.0704682229011884,1.135305771801898,0.11781442272337729,0.9406456351280212,0.9998017145988004,0,39,4,persistent,inner_step
persistent_bridge,Q5-U-Joint,answer_derive,31,1,16,4,4,after_last_inner_refresh,4,7.75,0.03328527322892845,0.020240553335592514,1.0133178328738888,0.14635449697769232,0.9934757053852081,0.7557501956361491,0,70,8,persistent,inner_step
persistent_bridge,Q5-U-Joint,answer_derive,31,2,16,4,4,after_last_inner_refresh,4,5.25,0.013696846858344042,0.006589352984207997,1.004906248288227,0.24853015632029035,0.9975704401731491,0.5000003143790606,0,91,12,persistent,inner_step
persistent_bridge,Q5-U-Joint,answer_derive,31,3,16,4,4,after_last_inner_refresh,4,6.25,0.16584361270232995,0.06916458062249627,1.2217390468512184,0.3831633636263713,0.9056055545806885,0.40561718662091034,0,116,16,persistent,inner_step
persistent_bridge,Q5-U-Joint,answer_derive,31,4,16,4,4,after_last_inner_refresh,4,7.75,0.2495358442029741,0.11018224263512248,1.2274771456421032,0.3507026554032643,0.9028803110122681,0.5161749538657774,0,147,20,persistent,inner_step
persistent_bridge,Q5-U-Joint,answer_derive,31,5,16,4,4,after_last_inner_refresh,4,8,0.10318479280093575,0.04388823940640783,1.056280561919553,0.15107830378065618,0.9736758470535278,0.9999998642002664,0,179,24,persistent,inner_step
persistent_bridge,Q5-U-Joint,answer_derive,31,6,16,4,4,after_last_inner_refresh,4,7,0.005080513631746915,0.002426194155560661,1.001361089057358,0.1469906909145293,0.9993207305669785,0.7505456206890544,0,207,28,persistent,inner_step
persistent_bridge,Q5-U-Joint,answer_derive,31,7,16,4,4,after_last_inner_refresh,4,7.75,0.04178216655921558,0.01819490605030619,1.0186148322999469,0.15453559141635678,0.9909807741641998,0.7498663477346843,0,238,32,persistent,inner_step
persistent_bridge,Q5-U-Joint,answer_derive,31,8,16,4,4,after_last_inner_refresh,4,8.25,0.0575169652634472,0.02764956085357621,1.023609198790879,0.12616437451034726,0.988875150680542,0.9976578158261581,0,271,36,persistent,inner_step
persistent_bridge,Q5-U-Joint,answer_derive,31,9,16,4,4,after_last_inner_refresh,4,9.75,0.11458730719435124,0.04787960788484085,1.0877462068341892,0.1112742642150889,0.9616179317235947,0.7875878743142342,0,310,40,persistent,inner_step
persistent_bridge,Q5-U-Joint,answer_derive,31,10,16,4,4,after_last_inner_refresh,4,10,0.05825404192394919,0.024239151006952765,1.0283253189094217,0.10801718855745265,0.9865904003381729,0.9999768000712941,0,350,44,persistent,inner_step
persistent_bridge,Q5-U-Joint,answer_derive,31,11,16,4,4,after_last_inner_refresh,4,9,0.3048403144697998,0.13682378283858407,1.3056325804251907,0.15683004175352683,0.889520525932312,0.3306860256113094,0,386,48,persistent,inner_step
persistent_bridge,Q5-U-Joint,answer_derive,31,12,16,4,4,after_last_inner_refresh,4,6.5,0.22560470068637326,0.09775421568563536,1.2031229490692201,0.37401149630361646,0.9138967096805573,0.9999997223187922,0,412,52,persistent,inner_step
persistent_bridge,Q5-U-Joint,answer_derive,31,13,16,4,4,after_last_inner_refresh,4,7,0.19244144862301898,0.0802543219826403,1.2636356760539555,0.2386584380828271,0.8807546198368073,0.9999999941773623,0,440,56,persistent,inner_step
persistent_bridge,Q5-U-Joint,answer_derive,31,14,16,4,4,after_last_inner_refresh,3,10.333333333333334,0.2023650951048134,0.08199525662030228,1.2017069864742993,0.11504106683975085,0.9161167542139689,0.918519943825445,0,471,59,persistent,inner_step
persistent_bridge,Q5-U-Joint,answer_derive,31,15,16,4,4,after_last_inner_refresh,4,7,0.07214410519171036,0.03974996300072801,1.041990845969033,0.16665286164009163,0.9804247915744781,0.7689645648319207,0,499,63,persistent,inner_step
persistent_bridge,Q5-U-Joint,answer_derive,31,16,16,4,4,after_last_inner_refresh,4,19.5,0.003014837921894482,0.0010099158926025029,1.000637064522415,0.05192328782827581,0.9996816217899323,0.9999467296303732,3.346278099340423,542,63,persistent,inner_step
persistent_bridge,Q5-U-Joint,answer_derive,31,17,16,4,4,after_last_inner_refresh,4,10.5,0.06985739110719161,0.022946230149978788,1.0386870771704868,0.1996445024521682,0.982036828994751,0.4995519444458954,6.977106227106227,562,63,persistent,inner_step
persistent_bridge,Q5-U-Joint,answer_derive,31,18,16,4,4,after_last_inner_refresh,4,15.75,0.0808793399159386,0.02702153359670178,1.0359027425887877,0.09075944195743445,0.9826989322900772,0.5077083665217303,4.480012531328321,599,63,persistent,inner_step
persistent_bridge,Q5-U-Joint,answer_derive,31,19,16,4,4,after_last_inner_refresh,4,20.5,0.19613973860285794,0.06253129611321132,1.1416209463997289,0.0555991198680431,0.9434727728366852,0.9936388170416173,4.609532828282828,645,63,persistent,inner_step
persistent_bridge,Q5-U-Joint,answer_derive,31,20,16,4,4,after_last_inner_refresh,4,18,0.23383708766195146,0.07700429330177304,1.2667040951923696,0.07050868614948078,0.8789533823728561,0.6493278275484736,7.637121212121212,682,63,persistent,inner_step
persistent_bridge,Q5-U-Joint,answer_derive,31,21,16,4,4,after_last_inner_refresh,4,19.25,0.19842676006779206,0.06416930284248797,1.1343526362796492,0.06057876990196995,0.9405748695135117,0.9958802880758808,6.337537824494346,727,63,persistent,inner_step
persistent_bridge,Q5-U-Joint,answer_derive,31,22,16,4,4,after_last_inner_refresh,4,21.5,0.40103620980023597,0.12782068310197514,1.3628589172696888,0.06334591156034787,0.8622627705335617,0.7468643602170277,6.577588932806324,768,63,persistent,inner_step
persistent_bridge,Q5-U-Joint,answer_derive,31,23,16,4,4,after_last_inner_refresh,4,17.25,0.029101973271891464,0.009918609615553698,1.0104888462657922,0.08594644047910678,0.9948789775371552,0.9999806869256067,5.906797378822551,806,63,persistent,inner_step
persistent_bridge,Q5-U-Joint,answer_derive,31,24,16,4,4,after_last_inner_refresh,4,19,0.2846599227139136,0.08967665905882768,1.3181483062438466,0.09497787482592221,0.8692898005247116,0.4939462094557661,7.211956521739131,849,63,persistent,inner_step
persistent_bridge,Q5-U-Joint,answer_derive,31,25,16,4,4,after_last_inner_refresh,4,14.5,0.08840793959303514,0.03310702133063705,1.0409125739807417,0.07861548047802593,0.9802391976118088,0.7567733476622565,6.286363636363636,885,63,persistent,inner_step
persistent_bridge,Q5-U-Joint,answer_derive,31,26,16,4,4,after_last_inner_refresh,4,20,0.3753681760472037,0.1168217241033756,1.432761713709541,0.07299143456817808,0.8842912316322327,0.9896017052718419,7.314090909090909,930,63,persistent,inner_step
persistent_bridge,Q5-U-Joint,answer_derive,31,27,16,4,4,after_last_inner_refresh,4,18.75,0.028306486147433908,0.00962048743729376,1.0108366213386488,0.05422850965014521,0.9947021007537842,0.9947062063942607,8.06733131849231,972,63,persistent,inner_step
persistent_bridge,Q5-U-Joint,answer_derive,31,28,16,4,4,after_last_inner_refresh,4,20.25,0.004481726943998185,0.001418543344540753,1.001212703873273,0.0502364577581164,0.9993948638439178,0.9999989074831985,9.374484004127968,1018,63,persistent,inner_step
persistent_bridge,Q5-U-Joint,answer_derive,31,29,16,4,4,after_last_inner_refresh,4,17,0.2032964207712899,0.06459329468912847,1.2612810182615477,0.07819929847669282,0.8787082880735397,0.5005722390361627,8.960227272727273,1057,63,persistent,inner_step
persistent_bridge,Q5-U-Joint,answer_derive,47,0,16,4,4,after_last_inner_refresh,4,7.5,0.1004396595864297,0.04972951098859525,1.0472957469338193,0.34190993171484013,0.9774297028779984,0.7539784056072072,0,30,4,persistent,inner_step
persistent_bridge,Q5-U-Joint,answer_derive,47,1,16,4,4,after_last_inner_refresh,4,8.75,0.2700542063727604,0.12718975145646924,1.271022195575445,0.15900010662312533,0.8837964534759521,0.6514380068325604,0,65,8,persistent,inner_step
persistent_bridge,Q5-U-Joint,answer_derive,47,2,16,4,4,after_last_inner_refresh,4,6.25,0.028806103349069124,0.01256494908034758,1.012092259737889,0.1803819564996215,0.994094118475914,0.7500000212400117,0,90,12,persistent,inner_step
persistent_bridge,Q5-U-Joint,answer_derive,47,3,16,4,4,after_last_inner_refresh,4,5,0.0012899562360319718,0.0009192166892246476,1.0002970741674948,0.21078754647181552,0.9998515397310257,0.7501281506628693,0,110,16,persistent,inner_step
persistent_bridge,Q5-U-Joint,answer_derive,47,4,16,4,4,after_last_inner_refresh,4,8.75,0.396116860624582,0.1700416190842879,1.4763155904338585,0.16711949674568854,0.8143962696194649,0.7452810320564498,0,145,20,persistent,inner_step
persistent_bridge,Q5-U-Joint,answer_derive,47,5,16,4,4,after_last_inner_refresh,4,8.5,0.08055377584121758,0.04047004197613735,1.0453024166183011,0.14876275063406133,0.9790022969245911,0.9999991248169084,0,179,24,persistent,inner_step
persistent_bridge,Q5-U-Joint,answer_derive,47,6,16,4,4,after_last_inner_refresh,3,8.666666666666666,0.2866688249318483,0.12923086867476627,1.3414847922213538,0.15560383709001233,0.8499133388201395,0.8024788776883567,0,205,27,persistent,inner_step
persistent_bridge,Q5-U-Joint,answer_derive,47,7,16,4,4,after_last_inner_refresh,4,8.25,0.2161072872090497,0.0901274516985699,1.270579771293805,0.15149243254205905,0.9054866433143616,0.749995254544425,0,238,31,persistent,inner_step
persistent_bridge,Q5-U-Joint,answer_derive,47,8,16,4,4,after_last_inner_refresh,4,8.25,0.0002531403383250908,0.0001185300450712988,1.0000469118382562,0.12421186250007377,0.9999765455722809,0.7500000066077646,0,271,35,persistent,inner_step
persistent_bridge,Q5-U-Joint,answer_derive,47,9,16,4,4,after_last_inner_refresh,4,7,0.030716334242408265,0.012364853100803945,1.0118758515998443,0.16765658918855925,0.9942212104797363,0.7499900655145345,0,299,39,persistent,inner_step
persistent_bridge,Q5-U-Joint,answer_derive,47,10,16,4,4,after_last_inner_refresh,4,5.25,4.945641179762424e-05,3.060290002102261e-05,1.0000077486694043,0.23611256812398881,0.9999961256980896,0.7499974679312637,0,320,43,persistent,inner_step
persistent_bridge,Q5-U-Joint,answer_derive,47,11,16,4,4,after_last_inner_refresh,4,10,0.02671883340358109,0.010199161912234547,1.0101835548450246,0.10828485086655049,0.9950049668550491,0.9998618164410495,0,360,47,persistent,inner_step
persistent_bridge,Q5-U-Joint,answer_derive,47,12,16,4,4,after_last_inner_refresh,4,7,0.00043155803068716995,0.00019692596779309455,1.0000815544744586,0.15070354910078582,0.9999592304229736,0.7500391904419339,0,388,51,persistent,inner_step
persistent_bridge,Q5-U-Joint,answer_derive,47,13,16,4,4,after_last_inner_refresh,4,10.25,0.3274222511920454,0.1386118265370185,1.3710386233922174,0.13293216332431862,0.8223127573728561,0.7044142053342253,0,429,55,persistent,inner_step
persistent_bridge,Q5-U-Joint,answer_derive,47,14,16,4,4,after_last_inner_refresh,4,8,0.02745923701246879,0.01170175533989581,1.0094013502116344,0.20259666500543275,0.9953837543725967,1.0000000054663223,0,461,59,persistent,inner_step
persistent_bridge,Q5-U-Joint,answer_derive,47,15,16,4,4,after_last_inner_refresh,4,9.5,0.034511164610020566,0.020012878109656435,1.0119418843438146,0.13100752434077,0.9940906465053558,0.7534894689594993,0,499,63,persistent,inner_step
persistent_bridge,Q5-U-Joint,answer_derive,47,16,16,4,4,after_last_inner_refresh,4,20.5,0.2350019280179558,0.07602712054250267,1.2272141161577486,0.05937100095562227,0.9193752110004425,0.7499996147701009,2.867224880382775,542,63,persistent,inner_step
persistent_bridge,Q5-U-Joint,answer_derive,47,17,16,4,4,after_last_inner_refresh,4,13.75,0.011922552389704622,0.0046345195163016275,1.003569602613406,0.09670801877978713,0.9982226938009262,0.7483705445695221,6.069739819004525,569,63,persistent,inner_step
persistent_bridge,Q5-U-Joint,answer_derive,47,18,16,4,4,after_last_inner_refresh,4,19.5,0.03966072509142752,0.015053738683033441,1.0154630198628443,0.05690949393706077,0.9924083352088928,0.7442918775454576,4.587841130604288,608,63,persistent,inner_step
persistent_bridge,Q5-U-Joint,answer_derive,47,19,16,4,4,after_last_inner_refresh,4,18.75,0.19211866314550138,0.06044711123118812,1.1192554990206183,0.16080189021726177,0.9477426111698151,0.7377357401113132,5.325,649,64,persistent,inner_step
persistent_bridge,Q5-U-Joint,answer_derive,47,20,16,4,4,after_last_inner_refresh,4,18.75,0.15311531255983038,0.05041901458747861,1.1644418298476724,0.06636826221487355,0.9318755865097046,0.7502580857866298,3.057878787878788,696,64,persistent,inner_step
persistent_bridge,Q5-U-Joint,answer_derive,47,21,16,4,4,after_last_inner_refresh,4,18.75,0.07521342636441364,0.02641613398064581,1.0315875739321927,0.05676584667144408,0.984726682305336,0.506891626915787,5.060372522214627,745,64,persistent,inner_step
persistent_bridge,Q5-U-Joint,answer_derive,47,22,16,4,4,after_last_inner_refresh,4,20.5,0.2508607368822403,0.08066324675829968,1.1720407938216162,0.058126501873160964,0.9230329394340515,0.7452738628869217,6.0677655677655675,788,64,persistent,inner_step
persistent_bridge,Q5-U-Joint,answer_derive,47,23,16,4,4,after_last_inner_refresh,4,19.25,0.3106905556975723,0.10233063245449255,1.3665489622543288,0.07249303888030528,0.8603368625044823,0.9998951702706089,6.456428571428571,835,64,persistent,inner_step
persistent_bridge,Q5-U-Joint,answer_derive,47,24,16,4,4,after_last_inner_refresh,4,22.75,0.3505475699497882,0.10961602155824238,1.2470172503562051,0.05464176423158383,0.8982289582490921,0.7994886379480742,6.0152290448343075,889,64,persistent,inner_step
persistent_bridge,Q5-U-Joint,answer_derive,47,25,16,4,4,after_last_inner_refresh,4,18,0.2904578767974315,0.09915763360334766,1.263790862642061,0.07022447461134308,0.895029827952385,0.8288598778943094,7.966666666666667,932,64,persistent,inner_step
persistent_bridge,Q5-U-Joint,answer_derive,47,26,16,4,4,after_last_inner_refresh,4,18.75,0.20262414663241735,0.06319777952022064,1.2684952813810861,0.07604575998883266,0.8863864541053772,0.999928352579979,5.2941647597254,975,64,persistent,inner_step
persistent_bridge,Q5-U-Joint,answer_derive,47,27,16,4,4,after_last_inner_refresh,4,17.5,0.42646625933972104,0.14534055083681838,1.4774064681055714,0.0841160005234046,0.8244988918304443,0.989495949967351,6.4320681511470985,1024,64,persistent,inner_step
persistent_bridge,Q5-U-Joint,answer_derive,47,28,16,4,4,after_last_inner_refresh,4,23.25,0.1983788445756562,0.065343185672359,1.1041975711473344,0.049074520820772884,0.9526333212852478,0.9853357323957204,8.305917874396135,1078,64,persistent,inner_step
persistent_bridge,Q5-U-Joint,answer_derive,47,29,16,4,4,after_last_inner_refresh,4,19.5,0.2299291630834026,0.07532994982746419,1.182817171477078,0.06561884646845359,0.920589804649353,0.7026855112291586,8.02427807486631,1128,64,persistent,inner_step
persistent_bridge,Q5-U-Joint,answer_derive,73,0,16,4,4,after_last_inner_refresh,4,9,0.061953083380043246,0.02906613645547684,1.0256694447735861,0.11604821549740554,0.9874340891838074,0.9989714010554293,0,36,4,persistent,inner_step
persistent_bridge,Q5-U-Joint,answer_derive,73,1,16,4,4,after_last_inner_refresh,4,8.5,0.19872452217594444,0.09190038618465714,1.1326166707251542,0.1350163065703842,0.9418826997280121,0.523837397634853,0,70,8,persistent,inner_step
persistent_bridge,Q5-U-Joint,answer_derive,73,2,16,4,4,after_last_inner_refresh,4,6.5,0.022539550327153213,0.011583738374455484,1.0091571473595513,0.15993917305605782,0.9955022484064102,0.25000118935854637,0,96,12,persistent,inner_step
persistent_bridge,Q5-U-Joint,answer_derive,73,3,16,4,4,after_last_inner_refresh,4,8.75,0.08502992137890118,0.03751773329677184,1.047550602479652,0.12984047947040592,0.9782029986381531,0.7518194578884115,0,131,16,persistent,inner_step
persistent_bridge,Q5-U-Joint,answer_derive,73,4,16,4,4,after_last_inner_refresh,4,4.75,1.9855308553202135e-05,1.0349910122000306e-05,1.0000028610424438,0.26071469443463474,0.9999985694885254,0.7500014532289875,0,150,20,persistent,inner_step
persistent_bridge,Q5-U-Joint,answer_derive,73,5,16,4,4,after_last_inner_refresh,4,7.25,0.001714100927330225,0.0007801316731584807,1.0004163977587779,0.14478833073754788,0.9997919797897339,0.9997989581189974,0,179,24,persistent,inner_step
persistent_bridge,Q5-U-Joint,answer_derive,73,6,16,4,4,after_last_inner_refresh,4,6.75,0.2736876621589487,0.131832740833065,1.2827651037875625,0.18908276625667558,0.8793169856071472,0.4740300112517382,0,206,28,persistent,inner_step
persistent_bridge,Q5-U-Joint,answer_derive,73,7,16,4,4,after_last_inner_refresh,4,8.5,0.05778178796169308,0.027777061567994615,1.0320459330196337,0.12374681186103935,0.9848840236663818,0.7499987938462247,0,240,32,persistent,inner_step
persistent_bridge,Q5-U-Joint,answer_derive,73,8,16,4,4,after_last_inner_refresh,4,7.75,0.11384644283933938,0.05442534371669191,1.0876531226439412,0.16555722917274474,0.9617592245340347,0.750486278469026,0,271,36,persistent,inner_step
persistent_bridge,Q5-U-Joint,answer_derive,73,9,16,4,4,after_last_inner_refresh,4,7.5,0.03984265492032464,0.016615745775378672,1.0193586284812854,0.16198715292050214,0.9906679689884186,0.500000238618307,0,301,40,persistent,inner_step
persistent_bridge,Q5-U-Joint,answer_derive,73,10,16,4,4,after_last_inner_refresh,4,8,0.0623516574707005,0.029825160760738486,1.0254891325260136,0.13707817434574954,0.9876209795475006,0.9983785431301903,0,333,44,persistent,inner_step
persistent_bridge,Q5-U-Joint,answer_derive,73,11,16,4,4,after_last_inner_refresh,4,4.5,0.0005827446398528289,0.0002994778973217176,1.00011664961663,0.38989761661189953,0.9999416917562485,0.250000007531908,0,351,48,persistent,inner_step
persistent_bridge,Q5-U-Joint,answer_derive,73,12,16,4,4,after_last_inner_refresh,4,7.75,0.010322134475392871,0.00515571437265616,1.0030219428937581,0.1340401463379024,0.9984935075044632,0.7500068764424943,0,382,52,persistent,inner_step
persistent_bridge,Q5-U-Joint,answer_derive,73,13,16,4,4,after_last_inner_refresh,4,7.25,0.3328128749581438,0.151473740519338,1.388176145586169,0.2132699765702745,0.8329905569553375,0.5088917341786009,0,411,56,persistent,inner_step
persistent_bridge,Q5-U-Joint,answer_derive,73,14,16,4,4,after_last_inner_refresh,4,6.5,0.0072571164999641925,0.003302856773891566,1.002117733870807,0.18426308154120077,0.9989461451768875,0.7500000067065116,0,437,60,persistent,inner_step
persistent_bridge,Q5-U-Joint,answer_derive,73,15,16,4,4,after_last_inner_refresh,4,7.5,0.4064347842797145,0.18497940261100126,1.6235871509965305,0.21055756740562825,0.7842520028352737,1.000000014453837,0,467,64,persistent,inner_step
persistent_bridge,Q5-U-Joint,answer_derive,73,16,16,4,4,after_last_inner_refresh,4,15,0.14339784975900643,0.04975974346254722,1.1001973452469014,0.07532146064714759,0.956556960940361,0.7500205761104969,5.512917637917638,498,64,persistent,inner_step
persistent_bridge,Q5-U-Joint,answer_derive,73,17,16,4,4,after_last_inner_refresh,4,13.5,0.11647394209362691,0.040903845252116655,1.0554693324611395,0.11094686943223114,0.9736534804105759,0.9810932143179479,3.0155228758169934,525,64,persistent,inner_step
persistent_bridge,Q5-U-Joint,answer_derive,73,18,16,4,4,after_last_inner_refresh,4,12.75,0.002137811321828777,0.0007619634941589431,1.000494968167219,0.0859163548638136,0.9997526407241821,0.7499997569157131,5.638174019607844,550,64,persistent,inner_step
persistent_bridge,Q5-U-Joint,answer_derive,73,19,16,4,4,after_last_inner_refresh,4,16,0.18830536994215227,0.0711274156687295,1.1172300842520788,0.07224730335440487,0.9505903869867325,0.7501447113166736,4.551282051282051,583,64,persistent,inner_step
persistent_bridge,Q5-U-Joint,answer_derive,73,20,16,4,4,after_last_inner_refresh,4,15,0.2790411319495664,0.10196373781102518,1.3023231863434308,0.08713005777920085,0.8854835033416748,0.764309999029382,5.507088989441931,615,64,persistent,inner_step
persistent_bridge,Q5-U-Joint,answer_derive,73,21,16,4,4,after_last_inner_refresh,4,15.25,0.4073245595265829,0.1455954126875635,1.4752407071429652,0.09510164620800785,0.8358641713857651,0.3067155144109827,7.32234768907563,647,64,persistent,inner_step
persistent_bridge,Q5-U-Joint,answer_derive,73,22,16,4,4,after_last_inner_refresh,4,15.25,0.1698179040482893,0.05669842494259174,1.2336588330547555,0.08147569778516113,0.8980963826179504,0.3982284854354763,7.25,679,64,persistent,inner_step
persistent_bridge,Q5-U-Joint,answer_derive,73,23,16,4,4,after_last_inner_refresh,4,14.25,0.15776107532773587,0.05653620239935871,1.1081450209936516,0.08076826628700999,0.9536950439214706,0.25225408689906664,7.0627450980392155,708,64,persistent,inner_step
persistent_bridge,Q5-U-Joint,answer_derive,73,24,16,4,4,after_last_inner_refresh,4,12.75,0.2311177095180391,0.078470679269315,1.2224930203224564,0.15129775576083476,0.908981442451477,0.9999998388709855,6.599780701754386,737,64,persistent,inner_step
persistent_bridge,Q5-U-Joint,answer_derive,73,25,16,4,4,after_last_inner_refresh,4,14.25,0.2875623839398642,0.1148109778185123,1.3692920719645691,0.10454040150776123,0.889381617307663,0.7498027798125478,9.303896103896104,764,64,persistent,inner_step
persistent_bridge,Q5-U-Joint,answer_derive,73,26,16,4,4,after_last_inner_refresh,4,17.25,0.045805786494596434,0.016007663683263965,1.0170396039654541,0.059888470339464386,0.9916128516197205,0.999094154712858,11.19544817927171,798,64,persistent,inner_step
persistent_bridge,Q5-U-Joint,answer_derive,73,27,16,4,4,after_last_inner_refresh,4,15.75,0.0032069230815297118,0.0011101556053725677,1.0007756389488467,0.0677948316258966,0.9996129274368286,0.9996207558538373,11.715784215784215,830,64,persistent,inner_step
persistent_bridge,Q5-U-Joint,answer_derive,73,28,16,4,4,after_last_inner_refresh,4,17,0.2010306457847434,0.07315380436102821,1.2015955762599526,0.07375836275255337,0.9168888926506042,0.9904704133549782,10.502846790890269,867,64,persistent,inner_step
persistent_bridge,Q5-U-Joint,answer_derive,73,29,16,4,4,after_last_inner_refresh,4,14.75,0.24469119829196748,0.08815555808010303,1.275895733546337,0.09459548421761808,0.8745063841342926,0.6422410549462675,6.5219624125874125,901,64,persistent,inner_step
