dataset,role,algorithm,seed,questions,category,extracted_correct,natural_eos,token_limit,count
svamp,frozen_base,base,1201,1000,strict_correct,0,0,0,0
svamp,frozen_base,base,1201,1000,strict_correct,0,0,1,0
svamp,frozen_base,base,1201,1000,strict_correct,0,1,0,0
svamp,frozen_base,base,1201,1000,strict_correct,0,1,1,0
svamp,frozen_base,base,1201,1000,strict_correct,1,0,0,0
svamp,frozen_base,base,1201,1000,strict_correct,1,0,1,0
svamp,frozen_base,base,1201,1000,strict_correct,1,1,0,569
svamp,frozen_base,base,1201,1000,strict_correct,1,1,1,0
svamp,frozen_base,base,1201,1000,strict_valid_wrong,0,0,0,0
svamp,frozen_base,base,1201,1000,strict_valid_wrong,0,0,1,0
svamp,frozen_base,base,1201,1000,strict_valid_wrong,0,1,0,173
svamp,frozen_base,base,1201,1000,strict_valid_wrong,0,1,1,0
svamp,frozen_base,base,1201,1000,strict_valid_wrong,1,0,0,0
svamp,frozen_base,base,1201,1000,strict_valid_wrong,1,0,1,0
svamp,frozen_base,base,1201,1000,strict_valid_wrong,1,1,0,0
svamp,frozen_base,base,1201,1000,strict_valid_wrong,1,1,1,0
svamp,frozen_base,base,1201,1000,missing_marker,0,0,0,0
svamp,frozen_base,base,1201,1000,missing_marker,0,0,1,8
svamp,frozen_base,base,1201,1000,missing_marker,0,1,0,48
svamp,frozen_base,base,1201,1000,missing_marker,0,1,1,0
svamp,frozen_base,base,1201,1000,missing_marker,1,0,0,0
svamp,frozen_base,base,1201,1000,missing_marker,1,0,1,0
svamp,frozen_base,base,1201,1000,missing_marker,1,1,0,194
svamp,frozen_base,base,1201,1000,missing_marker,1,1,1,0
svamp,frozen_base,base,1201,1000,multiple_markers,0,0,0,0
svamp,frozen_base,base,1201,1000,multiple_markers,0,0,1,0
svamp,frozen_base,base,1201,1000,multiple_markers,0,1,0,0
svamp,frozen_base,base,1201,1000,multiple_markers,0,1,1,0
svamp,frozen_base,base,1201,1000,multiple_markers,1,0,0,0
svamp,frozen_base,base,1201,1000,multiple_markers,1,0,1,0
svamp,frozen_base,base,1201,1000,multiple_markers,1,1,0,0
svamp,frozen_base,base,1201,1000,multiple_markers,1,1,1,0
svamp,frozen_base,base,1201,1000,one_invalid_or_nonterminal_marker,0,0,0,0
svamp,frozen_base,base,1201,1000,one_invalid_or_nonterminal_marker,0,0,1,1
svamp,frozen_base,base,1201,1000,one_invalid_or_nonterminal_marker,0,1,0,6
svamp,frozen_base,base,1201,1000,one_invalid_or_nonterminal_marker,0,1,1,0
svamp,frozen_base,base,1201,1000,one_invalid_or_nonterminal_marker,1,0,0,0
svamp,frozen_base,base,1201,1000,one_invalid_or_nonterminal_marker,1,0,1,0
svamp,frozen_base,base,1201,1000,one_invalid_or_nonterminal_marker,1,1,0,1
svamp,frozen_base,base,1201,1000,one_invalid_or_nonterminal_marker,1,1,1,0
svamp,frozen_base,base,1213,1000,strict_correct,0,0,0,0
svamp,frozen_base,base,1213,1000,strict_correct,0,0,1,0
svamp,frozen_base,base,1213,1000,strict_correct,0,1,0,0
svamp,frozen_base,base,1213,1000,strict_correct,0,1,1,0
svamp,frozen_base,base,1213,1000,strict_correct,1,0,0,0
svamp,frozen_base,base,1213,1000,strict_correct,1,0,1,0
svamp,frozen_base,base,1213,1000,strict_correct,1,1,0,736
svamp,frozen_base,base,1213,1000,strict_correct,1,1,1,0
svamp,frozen_base,base,1213,1000,strict_valid_wrong,0,0,0,0
svamp,frozen_base,base,1213,1000,strict_valid_wrong,0,0,1,0
svamp,frozen_base,base,1213,1000,strict_valid_wrong,0,1,0,209
svamp,frozen_base,base,1213,1000,strict_valid_wrong,0,1,1,0
svamp,frozen_base,base,1213,1000,strict_valid_wrong,1,0,0,0
svamp,frozen_base,base,1213,1000,strict_valid_wrong,1,0,1,0
svamp,frozen_base,base,1213,1000,strict_valid_wrong,1,1,0,0
svamp,frozen_base,base,1213,1000,strict_valid_wrong,1,1,1,0
svamp,frozen_base,base,1213,1000,missing_marker,0,0,0,0
svamp,frozen_base,base,1213,1000,missing_marker,0,0,1,5
svamp,frozen_base,base,1213,1000,missing_marker,0,1,0,8
svamp,frozen_base,base,1213,1000,missing_marker,0,1,1,0
svamp,frozen_base,base,1213,1000,missing_marker,1,0,0,0
svamp,frozen_base,base,1213,1000,missing_marker,1,0,1,0
svamp,frozen_base,base,1213,1000,missing_marker,1,1,0,15
svamp,frozen_base,base,1213,1000,missing_marker,1,1,1,0
svamp,frozen_base,base,1213,1000,multiple_markers,0,0,0,0
svamp,frozen_base,base,1213,1000,multiple_markers,0,0,1,0
svamp,frozen_base,base,1213,1000,multiple_markers,0,1,0,0
svamp,frozen_base,base,1213,1000,multiple_markers,0,1,1,0
svamp,frozen_base,base,1213,1000,multiple_markers,1,0,0,0
svamp,frozen_base,base,1213,1000,multiple_markers,1,0,1,0
svamp,frozen_base,base,1213,1000,multiple_markers,1,1,0,0
svamp,frozen_base,base,1213,1000,multiple_markers,1,1,1,0
svamp,frozen_base,base,1213,1000,one_invalid_or_nonterminal_marker,0,0,0,0
svamp,frozen_base,base,1213,1000,one_invalid_or_nonterminal_marker,0,0,1,0
svamp,frozen_base,base,1213,1000,one_invalid_or_nonterminal_marker,0,1,0,26
svamp,frozen_base,base,1213,1000,one_invalid_or_nonterminal_marker,0,1,1,0
svamp,frozen_base,base,1213,1000,one_invalid_or_nonterminal_marker,1,0,0,0
svamp,frozen_base,base,1213,1000,one_invalid_or_nonterminal_marker,1,0,1,0
svamp,frozen_base,base,1213,1000,one_invalid_or_nonterminal_marker,1,1,0,1
svamp,frozen_base,base,1213,1000,one_invalid_or_nonterminal_marker,1,1,1,0
svamp,frozen_base,base,1217,1000,strict_correct,0,0,0,0
svamp,frozen_base,base,1217,1000,strict_correct,0,0,1,0
svamp,frozen_base,base,1217,1000,strict_correct,0,1,0,0
svamp,frozen_base,base,1217,1000,strict_correct,0,1,1,0
svamp,frozen_base,base,1217,1000,strict_correct,1,0,0,0
svamp,frozen_base,base,1217,1000,strict_correct,1,0,1,0
svamp,frozen_base,base,1217,1000,strict_correct,1,1,0,473
svamp,frozen_base,base,1217,1000,strict_correct,1,1,1,0
svamp,frozen_base,base,1217,1000,strict_valid_wrong,0,0,0,0
svamp,frozen_base,base,1217,1000,strict_valid_wrong,0,0,1,0
svamp,frozen_base,base,1217,1000,strict_valid_wrong,0,1,0,116
svamp,frozen_base,base,1217,1000,strict_valid_wrong,0,1,1,0
svamp,frozen_base,base,1217,1000,strict_valid_wrong,1,0,0,0
svamp,frozen_base,base,1217,1000,strict_valid_wrong,1,0,1,0
svamp,frozen_base,base,1217,1000,strict_valid_wrong,1,1,0,0
svamp,frozen_base,base,1217,1000,strict_valid_wrong,1,1,1,0
svamp,frozen_base,base,1217,1000,missing_marker,0,0,0,0
svamp,frozen_base,base,1217,1000,missing_marker,0,0,1,16
svamp,frozen_base,base,1217,1000,missing_marker,0,1,0,82
svamp,frozen_base,base,1217,1000,missing_marker,0,1,1,0
svamp,frozen_base,base,1217,1000,missing_marker,1,0,0,0
svamp,frozen_base,base,1217,1000,missing_marker,1,0,1,2
svamp,frozen_base,base,1217,1000,missing_marker,1,1,0,292
svamp,frozen_base,base,1217,1000,missing_marker,1,1,1,0
svamp,frozen_base,base,1217,1000,multiple_markers,0,0,0,0
svamp,frozen_base,base,1217,1000,multiple_markers,0,0,1,0
svamp,frozen_base,base,1217,1000,multiple_markers,0,1,0,1
svamp,frozen_base,base,1217,1000,multiple_markers,0,1,1,0
svamp,frozen_base,base,1217,1000,multiple_markers,1,0,0,0
svamp,frozen_base,base,1217,1000,multiple_markers,1,0,1,0
svamp,frozen_base,base,1217,1000,multiple_markers,1,1,0,0
svamp,frozen_base,base,1217,1000,multiple_markers,1,1,1,0
svamp,frozen_base,base,1217,1000,one_invalid_or_nonterminal_marker,0,0,0,0
svamp,frozen_base,base,1217,1000,one_invalid_or_nonterminal_marker,0,0,1,1
svamp,frozen_base,base,1217,1000,one_invalid_or_nonterminal_marker,0,1,0,12
svamp,frozen_base,base,1217,1000,one_invalid_or_nonterminal_marker,0,1,1,0
svamp,frozen_base,base,1217,1000,one_invalid_or_nonterminal_marker,1,0,0,0
svamp,frozen_base,base,1217,1000,one_invalid_or_nonterminal_marker,1,0,1,2
svamp,frozen_base,base,1217,1000,one_invalid_or_nonterminal_marker,1,1,0,3
svamp,frozen_base,base,1217,1000,one_invalid_or_nonterminal_marker,1,1,1,0
svamp,frozen_base,base,1223,1000,strict_correct,0,0,0,0
svamp,frozen_base,base,1223,1000,strict_correct,0,0,1,0
svamp,frozen_base,base,1223,1000,strict_correct,0,1,0,0
svamp,frozen_base,base,1223,1000,strict_correct,0,1,1,0
svamp,frozen_base,base,1223,1000,strict_correct,1,0,0,0
svamp,frozen_base,base,1223,1000,strict_correct,1,0,1,0
svamp,frozen_base,base,1223,1000,strict_correct,1,1,0,637
svamp,frozen_base,base,1223,1000,strict_correct,1,1,1,0
svamp,frozen_base,base,1223,1000,strict_valid_wrong,0,0,0,0
svamp,frozen_base,base,1223,1000,strict_valid_wrong,0,0,1,0
svamp,frozen_base,base,1223,1000,strict_valid_wrong,0,1,0,180
svamp,frozen_base,base,1223,1000,strict_valid_wrong,0,1,1,0
svamp,frozen_base,base,1223,1000,strict_valid_wrong,1,0,0,0
svamp,frozen_base,base,1223,1000,strict_valid_wrong,1,0,1,0
svamp,frozen_base,base,1223,1000,strict_valid_wrong,1,1,0,0
svamp,frozen_base,base,1223,1000,strict_valid_wrong,1,1,1,0
svamp,frozen_base,base,1223,1000,missing_marker,0,0,0,0
svamp,frozen_base,base,1223,1000,missing_marker,0,0,1,4
svamp,frozen_base,base,1223,1000,missing_marker,0,1,0,47
svamp,frozen_base,base,1223,1000,missing_marker,0,1,1,0
svamp,frozen_base,base,1223,1000,missing_marker,1,0,0,0
svamp,frozen_base,base,1223,1000,missing_marker,1,0,1,1
svamp,frozen_base,base,1223,1000,missing_marker,1,1,0,114
svamp,frozen_base,base,1223,1000,missing_marker,1,1,1,0
svamp,frozen_base,base,1223,1000,multiple_markers,0,0,0,0
svamp,frozen_base,base,1223,1000,multiple_markers,0,0,1,0
svamp,frozen_base,base,1223,1000,multiple_markers,0,1,0,0
svamp,frozen_base,base,1223,1000,multiple_markers,0,1,1,0
svamp,frozen_base,base,1223,1000,multiple_markers,1,0,0,0
svamp,frozen_base,base,1223,1000,multiple_markers,1,0,1,0
svamp,frozen_base,base,1223,1000,multiple_markers,1,1,0,0
svamp,frozen_base,base,1223,1000,multiple_markers,1,1,1,0
svamp,frozen_base,base,1223,1000,one_invalid_or_nonterminal_marker,0,0,0,0
svamp,frozen_base,base,1223,1000,one_invalid_or_nonterminal_marker,0,0,1,0
svamp,frozen_base,base,1223,1000,one_invalid_or_nonterminal_marker,0,1,0,14
svamp,frozen_base,base,1223,1000,one_invalid_or_nonterminal_marker,0,1,1,0
svamp,frozen_base,base,1223,1000,one_invalid_or_nonterminal_marker,1,0,0,0
svamp,frozen_base,base,1223,1000,one_invalid_or_nonterminal_marker,1,0,1,0
svamp,frozen_base,base,1223,1000,one_invalid_or_nonterminal_marker,1,1,0,3
svamp,frozen_base,base,1223,1000,one_invalid_or_nonterminal_marker,1,1,1,0
svamp,frozen_base,base,1229,1000,strict_correct,0,0,0,0
svamp,frozen_base,base,1229,1000,strict_correct,0,0,1,0
svamp,frozen_base,base,1229,1000,strict_correct,0,1,0,0
svamp,frozen_base,base,1229,1000,strict_correct,0,1,1,0
svamp,frozen_base,base,1229,1000,strict_correct,1,0,0,0
svamp,frozen_base,base,1229,1000,strict_correct,1,0,1,0
svamp,frozen_base,base,1229,1000,strict_correct,1,1,0,266
svamp,frozen_base,base,1229,1000,strict_correct,1,1,1,0
svamp,frozen_base,base,1229,1000,strict_valid_wrong,0,0,0,0
svamp,frozen_base,base,1229,1000,strict_valid_wrong,0,0,1,0
svamp,frozen_base,base,1229,1000,strict_valid_wrong,0,1,0,103
svamp,frozen_base,base,1229,1000,strict_valid_wrong,0,1,1,0
svamp,frozen_base,base,1229,1000,strict_valid_wrong,1,0,0,0
svamp,frozen_base,base,1229,1000,strict_valid_wrong,1,0,1,0
svamp,frozen_base,base,1229,1000,strict_valid_wrong,1,1,0,0
svamp,frozen_base,base,1229,1000,strict_valid_wrong,1,1,1,0
svamp,frozen_base,base,1229,1000,missing_marker,0,0,0,0
svamp,frozen_base,base,1229,1000,missing_marker,0,0,1,6
svamp,frozen_base,base,1229,1000,missing_marker,0,1,0,164
svamp,frozen_base,base,1229,1000,missing_marker,0,1,1,0
svamp,frozen_base,base,1229,1000,missing_marker,1,0,0,0
svamp,frozen_base,base,1229,1000,missing_marker,1,0,1,0
svamp,frozen_base,base,1229,1000,missing_marker,1,1,0,451
svamp,frozen_base,base,1229,1000,missing_marker,1,1,1,0
svamp,frozen_base,base,1229,1000,multiple_markers,0,0,0,0
svamp,frozen_base,base,1229,1000,multiple_markers,0,0,1,0
svamp,frozen_base,base,1229,1000,multiple_markers,0,1,0,0
svamp,frozen_base,base,1229,1000,multiple_markers,0,1,1,0
svamp,frozen_base,base,1229,1000,multiple_markers,1,0,0,0
svamp,frozen_base,base,1229,1000,multiple_markers,1,0,1,0
svamp,frozen_base,base,1229,1000,multiple_markers,1,1,0,0
svamp,frozen_base,base,1229,1000,multiple_markers,1,1,1,0
svamp,frozen_base,base,1229,1000,one_invalid_or_nonterminal_marker,0,0,0,0
svamp,frozen_base,base,1229,1000,one_invalid_or_nonterminal_marker,0,0,1,0
svamp,frozen_base,base,1229,1000,one_invalid_or_nonterminal_marker,0,1,0,10
svamp,frozen_base,base,1229,1000,one_invalid_or_nonterminal_marker,0,1,1,0
svamp,frozen_base,base,1229,1000,one_invalid_or_nonterminal_marker,1,0,0,0
svamp,frozen_base,base,1229,1000,one_invalid_or_nonterminal_marker,1,0,1,0
svamp,frozen_base,base,1229,1000,one_invalid_or_nonterminal_marker,1,1,0,0
svamp,frozen_base,base,1229,1000,one_invalid_or_nonterminal_marker,1,1,1,0
svamp,frozen_base,base,1231,1000,strict_correct,0,0,0,0
svamp,frozen_base,base,1231,1000,strict_correct,0,0,1,0
svamp,frozen_base,base,1231,1000,strict_correct,0,1,0,0
svamp,frozen_base,base,1231,1000,strict_correct,0,1,1,0
svamp,frozen_base,base,1231,1000,strict_correct,1,0,0,0
svamp,frozen_base,base,1231,1000,strict_correct,1,0,1,0
svamp,frozen_base,base,1231,1000,strict_correct,1,1,0,411
svamp,frozen_base,base,1231,1000,strict_correct,1,1,1,0
svamp,frozen_base,base,1231,1000,strict_valid_wrong,0,0,0,0
svamp,frozen_base,base,1231,1000,strict_valid_wrong,0,0,1,0
svamp,frozen_base,base,1231,1000,strict_valid_wrong,0,1,0,100
svamp,frozen_base,base,1231,1000,strict_valid_wrong,0,1,1,0
svamp,frozen_base,base,1231,1000,strict_valid_wrong,1,0,0,0
svamp,frozen_base,base,1231,1000,strict_valid_wrong,1,0,1,0
svamp,frozen_base,base,1231,1000,strict_valid_wrong,1,1,0,0
svamp,frozen_base,base,1231,1000,strict_valid_wrong,1,1,1,0
svamp,frozen_base,base,1231,1000,missing_marker,0,0,0,0
svamp,frozen_base,base,1231,1000,missing_marker,0,0,1,4
svamp,frozen_base,base,1231,1000,missing_marker,0,1,0,110
svamp,frozen_base,base,1231,1000,missing_marker,0,1,1,0
svamp,frozen_base,base,1231,1000,missing_marker,1,0,0,0
svamp,frozen_base,base,1231,1000,missing_marker,1,0,1,3
svamp,frozen_base,base,1231,1000,missing_marker,1,1,0,363
svamp,frozen_base,base,1231,1000,missing_marker,1,1,1,0
svamp,frozen_base,base,1231,1000,multiple_markers,0,0,0,0
svamp,frozen_base,base,1231,1000,multiple_markers,0,0,1,0
svamp,frozen_base,base,1231,1000,multiple_markers,0,1,0,0
svamp,frozen_base,base,1231,1000,multiple_markers,0,1,1,0
svamp,frozen_base,base,1231,1000,multiple_markers,1,0,0,0
svamp,frozen_base,base,1231,1000,multiple_markers,1,0,1,0
svamp,frozen_base,base,1231,1000,multiple_markers,1,1,0,0
svamp,frozen_base,base,1231,1000,multiple_markers,1,1,1,0
svamp,frozen_base,base,1231,1000,one_invalid_or_nonterminal_marker,0,0,0,0
svamp,frozen_base,base,1231,1000,one_invalid_or_nonterminal_marker,0,0,1,0
svamp,frozen_base,base,1231,1000,one_invalid_or_nonterminal_marker,0,1,0,8
svamp,frozen_base,base,1231,1000,one_invalid_or_nonterminal_marker,0,1,1,0
svamp,frozen_base,base,1231,1000,one_invalid_or_nonterminal_marker,1,0,0,0
svamp,frozen_base,base,1231,1000,one_invalid_or_nonterminal_marker,1,0,1,0
svamp,frozen_base,base,1231,1000,one_invalid_or_nonterminal_marker,1,1,0,1
svamp,frozen_base,base,1231,1000,one_invalid_or_nonterminal_marker,1,1,1,0
svamp,frozen_base,base,1237,1000,strict_correct,0,0,0,0
svamp,frozen_base,base,1237,1000,strict_correct,0,0,1,0
svamp,frozen_base,base,1237,1000,strict_correct,0,1,0,0
svamp,frozen_base,base,1237,1000,strict_correct,0,1,1,0
svamp,frozen_base,base,1237,1000,strict_correct,1,0,0,0
svamp,frozen_base,base,1237,1000,strict_correct,1,0,1,0
svamp,frozen_base,base,1237,1000,strict_correct,1,1,0,690
svamp,frozen_base,base,1237,1000,strict_correct,1,1,1,0
svamp,frozen_base,base,1237,1000,strict_valid_wrong,0,0,0,0
svamp,frozen_base,base,1237,1000,strict_valid_wrong,0,0,1,0
svamp,frozen_base,base,1237,1000,strict_valid_wrong,0,1,0,185
svamp,frozen_base,base,1237,1000,strict_valid_wrong,0,1,1,0
svamp,frozen_base,base,1237,1000,strict_valid_wrong,1,0,0,0
svamp,frozen_base,base,1237,1000,strict_valid_wrong,1,0,1,0
svamp,frozen_base,base,1237,1000,strict_valid_wrong,1,1,0,0
svamp,frozen_base,base,1237,1000,strict_valid_wrong,1,1,1,0
svamp,frozen_base,base,1237,1000,missing_marker,0,0,0,0
svamp,frozen_base,base,1237,1000,missing_marker,0,0,1,10
svamp,frozen_base,base,1237,1000,missing_marker,0,1,0,27
svamp,frozen_base,base,1237,1000,missing_marker,0,1,1,0
svamp,frozen_base,base,1237,1000,missing_marker,1,0,0,0
svamp,frozen_base,base,1237,1000,missing_marker,1,0,1,1
svamp,frozen_base,base,1237,1000,missing_marker,1,1,0,70
svamp,frozen_base,base,1237,1000,missing_marker,1,1,1,0
svamp,frozen_base,base,1237,1000,multiple_markers,0,0,0,0
svamp,frozen_base,base,1237,1000,multiple_markers,0,0,1,0
svamp,frozen_base,base,1237,1000,multiple_markers,0,1,0,0
svamp,frozen_base,base,1237,1000,multiple_markers,0,1,1,0
svamp,frozen_base,base,1237,1000,multiple_markers,1,0,0,0
svamp,frozen_base,base,1237,1000,multiple_markers,1,0,1,0
svamp,frozen_base,base,1237,1000,multiple_markers,1,1,0,1
svamp,frozen_base,base,1237,1000,multiple_markers,1,1,1,0
svamp,frozen_base,base,1237,1000,one_invalid_or_nonterminal_marker,0,0,0,0
svamp,frozen_base,base,1237,1000,one_invalid_or_nonterminal_marker,0,0,1,0
svamp,frozen_base,base,1237,1000,one_invalid_or_nonterminal_marker,0,1,0,15
svamp,frozen_base,base,1237,1000,one_invalid_or_nonterminal_marker,0,1,1,0
svamp,frozen_base,base,1237,1000,one_invalid_or_nonterminal_marker,1,0,0,0
svamp,frozen_base,base,1237,1000,one_invalid_or_nonterminal_marker,1,0,1,0
svamp,frozen_base,base,1237,1000,one_invalid_or_nonterminal_marker,1,1,0,1
svamp,frozen_base,base,1237,1000,one_invalid_or_nonterminal_marker,1,1,1,0
svamp,posterior,AC-ALG1,1201,1000,strict_correct,0,0,0,0
svamp,posterior,AC-ALG1,1201,1000,strict_correct,0,0,1,0
svamp,posterior,AC-ALG1,1201,1000,strict_correct,0,1,0,0
svamp,posterior,AC-ALG1,1201,1000,strict_correct,0,1,1,0
svamp,posterior,AC-ALG1,1201,1000,strict_correct,1,0,0,0
svamp,posterior,AC-ALG1,1201,1000,strict_correct,1,0,1,0
svamp,posterior,AC-ALG1,1201,1000,strict_correct,1,1,0,719
svamp,posterior,AC-ALG1,1201,1000,strict_correct,1,1,1,0
svamp,posterior,AC-ALG1,1201,1000,strict_valid_wrong,0,0,0,0
svamp,posterior,AC-ALG1,1201,1000,strict_valid_wrong,0,0,1,0
svamp,posterior,AC-ALG1,1201,1000,strict_valid_wrong,0,1,0,128
svamp,posterior,AC-ALG1,1201,1000,strict_valid_wrong,0,1,1,0
svamp,posterior,AC-ALG1,1201,1000,strict_valid_wrong,1,0,0,0
svamp,posterior,AC-ALG1,1201,1000,strict_valid_wrong,1,0,1,0
svamp,posterior,AC-ALG1,1201,1000,strict_valid_wrong,1,1,0,0
svamp,posterior,AC-ALG1,1201,1000,strict_valid_wrong,1,1,1,0
svamp,posterior,AC-ALG1,1201,1000,missing_marker,0,0,0,0
svamp,posterior,AC-ALG1,1201,1000,missing_marker,0,0,1,10
svamp,posterior,AC-ALG1,1201,1000,missing_marker,0,1,0,26
svamp,posterior,AC-ALG1,1201,1000,missing_marker,0,1,1,0
svamp,posterior,AC-ALG1,1201,1000,missing_marker,1,0,0,0
svamp,posterior,AC-ALG1,1201,1000,missing_marker,1,0,1,1
svamp,posterior,AC-ALG1,1201,1000,missing_marker,1,1,0,107
svamp,posterior,AC-ALG1,1201,1000,missing_marker,1,1,1,0
svamp,posterior,AC-ALG1,1201,1000,multiple_markers,0,0,0,0
svamp,posterior,AC-ALG1,1201,1000,multiple_markers,0,0,1,0
svamp,posterior,AC-ALG1,1201,1000,multiple_markers,0,1,0,0
svamp,posterior,AC-ALG1,1201,1000,multiple_markers,0,1,1,0
svamp,posterior,AC-ALG1,1201,1000,multiple_markers,1,0,0,0
svamp,posterior,AC-ALG1,1201,1000,multiple_markers,1,0,1,0
svamp,posterior,AC-ALG1,1201,1000,multiple_markers,1,1,0,0
svamp,posterior,AC-ALG1,1201,1000,multiple_markers,1,1,1,0
svamp,posterior,AC-ALG1,1201,1000,one_invalid_or_nonterminal_marker,0,0,0,0
svamp,posterior,AC-ALG1,1201,1000,one_invalid_or_nonterminal_marker,0,0,1,0
svamp,posterior,AC-ALG1,1201,1000,one_invalid_or_nonterminal_marker,0,1,0,8
svamp,posterior,AC-ALG1,1201,1000,one_invalid_or_nonterminal_marker,0,1,1,0
svamp,posterior,AC-ALG1,1201,1000,one_invalid_or_nonterminal_marker,1,0,0,0
svamp,posterior,AC-ALG1,1201,1000,one_invalid_or_nonterminal_marker,1,0,1,0
svamp,posterior,AC-ALG1,1201,1000,one_invalid_or_nonterminal_marker,1,1,0,1
svamp,posterior,AC-ALG1,1201,1000,one_invalid_or_nonterminal_marker,1,1,1,0
svamp,posterior,AC-ALG1,1213,1000,strict_correct,0,0,0,0
svamp,posterior,AC-ALG1,1213,1000,strict_correct,0,0,1,0
svamp,posterior,AC-ALG1,1213,1000,strict_correct,0,1,0,0
svamp,posterior,AC-ALG1,1213,1000,strict_correct,0,1,1,0
svamp,posterior,AC-ALG1,1213,1000,strict_correct,1,0,0,0
svamp,posterior,AC-ALG1,1213,1000,strict_correct,1,0,1,0
svamp,posterior,AC-ALG1,1213,1000,strict_correct,1,1,0,341
svamp,posterior,AC-ALG1,1213,1000,strict_correct,1,1,1,0
svamp,posterior,AC-ALG1,1213,1000,strict_valid_wrong,0,0,0,0
svamp,posterior,AC-ALG1,1213,1000,strict_valid_wrong,0,0,1,0
svamp,posterior,AC-ALG1,1213,1000,strict_valid_wrong,0,1,0,55
svamp,posterior,AC-ALG1,1213,1000,strict_valid_wrong,0,1,1,0
svamp,posterior,AC-ALG1,1213,1000,strict_valid_wrong,1,0,0,0
svamp,posterior,AC-ALG1,1213,1000,strict_valid_wrong,1,0,1,0
svamp,posterior,AC-ALG1,1213,1000,strict_valid_wrong,1,1,0,0
svamp,posterior,AC-ALG1,1213,1000,strict_valid_wrong,1,1,1,0
svamp,posterior,AC-ALG1,1213,1000,missing_marker,0,0,0,0
svamp,posterior,AC-ALG1,1213,1000,missing_marker,0,0,1,5
svamp,posterior,AC-ALG1,1213,1000,missing_marker,0,1,0,115
svamp,posterior,AC-ALG1,1213,1000,missing_marker,0,1,1,0
svamp,posterior,AC-ALG1,1213,1000,missing_marker,1,0,0,0
svamp,posterior,AC-ALG1,1213,1000,missing_marker,1,0,1,1
svamp,posterior,AC-ALG1,1213,1000,missing_marker,1,1,0,476
svamp,posterior,AC-ALG1,1213,1000,missing_marker,1,1,1,0
svamp,posterior,AC-ALG1,1213,1000,multiple_markers,0,0,0,0
svamp,posterior,AC-ALG1,1213,1000,multiple_markers,0,0,1,0
svamp,posterior,AC-ALG1,1213,1000,multiple_markers,0,1,0,0
svamp,posterior,AC-ALG1,1213,1000,multiple_markers,0,1,1,0
svamp,posterior,AC-ALG1,1213,1000,multiple_markers,1,0,0,0
svamp,posterior,AC-ALG1,1213,1000,multiple_markers,1,0,1,0
svamp,posterior,AC-ALG1,1213,1000,multiple_markers,1,1,0,0
svamp,posterior,AC-ALG1,1213,1000,multiple_markers,1,1,1,0
svamp,posterior,AC-ALG1,1213,1000,one_invalid_or_nonterminal_marker,0,0,0,0
svamp,posterior,AC-ALG1,1213,1000,one_invalid_or_nonterminal_marker,0,0,1,0
svamp,posterior,AC-ALG1,1213,1000,one_invalid_or_nonterminal_marker,0,1,0,5
svamp,posterior,AC-ALG1,1213,1000,one_invalid_or_nonterminal_marker,0,1,1,0
svamp,posterior,AC-ALG1,1213,1000,one_invalid_or_nonterminal_marker,1,0,0,0
svamp,posterior,AC-ALG1,1213,1000,one_invalid_or_nonterminal_marker,1,0,1,0
svamp,posterior,AC-ALG1,1213,1000,one_invalid_or_nonterminal_marker,1,1,0,2
svamp,posterior,AC-ALG1,1213,1000,one_invalid_or_nonterminal_marker,1,1,1,0
svamp,posterior,AC-ALG1,1217,1000,strict_correct,0,0,0,0
svamp,posterior,AC-ALG1,1217,1000,strict_correct,0,0,1,0
svamp,posterior,AC-ALG1,1217,1000,strict_correct,0,1,0,0
svamp,posterior,AC-ALG1,1217,1000,strict_correct,0,1,1,0
svamp,posterior,AC-ALG1,1217,1000,strict_correct,1,0,0,0
svamp,posterior,AC-ALG1,1217,1000,strict_correct,1,0,1,0
svamp,posterior,AC-ALG1,1217,1000,strict_correct,1,1,0,742
svamp,posterior,AC-ALG1,1217,1000,strict_correct,1,1,1,0
svamp,posterior,AC-ALG1,1217,1000,strict_valid_wrong,0,0,0,0
svamp,posterior,AC-ALG1,1217,1000,strict_valid_wrong,0,0,1,0
svamp,posterior,AC-ALG1,1217,1000,strict_valid_wrong,0,1,0,132
svamp,posterior,AC-ALG1,1217,1000,strict_valid_wrong,0,1,1,0
svamp,posterior,AC-ALG1,1217,1000,strict_valid_wrong,1,0,0,0
svamp,posterior,AC-ALG1,1217,1000,strict_valid_wrong,1,0,1,0
svamp,posterior,AC-ALG1,1217,1000,strict_valid_wrong,1,1,0,0
svamp,posterior,AC-ALG1,1217,1000,strict_valid_wrong,1,1,1,0
svamp,posterior,AC-ALG1,1217,1000,missing_marker,0,0,0,0
svamp,posterior,AC-ALG1,1217,1000,missing_marker,0,0,1,2
svamp,posterior,AC-ALG1,1217,1000,missing_marker,0,1,0,19
svamp,posterior,AC-ALG1,1217,1000,missing_marker,0,1,1,0
svamp,posterior,AC-ALG1,1217,1000,missing_marker,1,0,0,0
svamp,posterior,AC-ALG1,1217,1000,missing_marker,1,0,1,1
svamp,posterior,AC-ALG1,1217,1000,missing_marker,1,1,0,84
svamp,posterior,AC-ALG1,1217,1000,missing_marker,1,1,1,0
svamp,posterior,AC-ALG1,1217,1000,multiple_markers,0,0,0,0
svamp,posterior,AC-ALG1,1217,1000,multiple_markers,0,0,1,0
svamp,posterior,AC-ALG1,1217,1000,multiple_markers,0,1,0,0
svamp,posterior,AC-ALG1,1217,1000,multiple_markers,0,1,1,0
svamp,posterior,AC-ALG1,1217,1000,multiple_markers,1,0,0,0
svamp,posterior,AC-ALG1,1217,1000,multiple_markers,1,0,1,0
svamp,posterior,AC-ALG1,1217,1000,multiple_markers,1,1,0,0
svamp,posterior,AC-ALG1,1217,1000,multiple_markers,1,1,1,0
svamp,posterior,AC-ALG1,1217,1000,one_invalid_or_nonterminal_marker,0,0,0,0
svamp,posterior,AC-ALG1,1217,1000,one_invalid_or_nonterminal_marker,0,0,1,1
svamp,posterior,AC-ALG1,1217,1000,one_invalid_or_nonterminal_marker,0,1,0,16
svamp,posterior,AC-ALG1,1217,1000,one_invalid_or_nonterminal_marker,0,1,1,0
svamp,posterior,AC-ALG1,1217,1000,one_invalid_or_nonterminal_marker,1,0,0,0
svamp,posterior,AC-ALG1,1217,1000,one_invalid_or_nonterminal_marker,1,0,1,0
svamp,posterior,AC-ALG1,1217,1000,one_invalid_or_nonterminal_marker,1,1,0,3
svamp,posterior,AC-ALG1,1217,1000,one_invalid_or_nonterminal_marker,1,1,1,0
svamp,posterior,AC-ALG1,1223,1000,strict_correct,0,0,0,0
svamp,posterior,AC-ALG1,1223,1000,strict_correct,0,0,1,0
svamp,posterior,AC-ALG1,1223,1000,strict_correct,0,1,0,0
svamp,posterior,AC-ALG1,1223,1000,strict_correct,0,1,1,0
svamp,posterior,AC-ALG1,1223,1000,strict_correct,1,0,0,0
svamp,posterior,AC-ALG1,1223,1000,strict_correct,1,0,1,0
svamp,posterior,AC-ALG1,1223,1000,strict_correct,1,1,0,489
svamp,posterior,AC-ALG1,1223,1000,strict_correct,1,1,1,0
svamp,posterior,AC-ALG1,1223,1000,strict_valid_wrong,0,0,0,0
svamp,posterior,AC-ALG1,1223,1000,strict_valid_wrong,0,0,1,1
svamp,posterior,AC-ALG1,1223,1000,strict_valid_wrong,0,1,0,73
svamp,posterior,AC-ALG1,1223,1000,strict_valid_wrong,0,1,1,0
svamp,posterior,AC-ALG1,1223,1000,strict_valid_wrong,1,0,0,0
svamp,posterior,AC-ALG1,1223,1000,strict_valid_wrong,1,0,1,0
svamp,posterior,AC-ALG1,1223,1000,strict_valid_wrong,1,1,0,0
svamp,posterior,AC-ALG1,1223,1000,strict_valid_wrong,1,1,1,0
svamp,posterior,AC-ALG1,1223,1000,missing_marker,0,0,0,0
svamp,posterior,AC-ALG1,1223,1000,missing_marker,0,0,1,11
svamp,posterior,AC-ALG1,1223,1000,missing_marker,0,1,0,86
svamp,posterior,AC-ALG1,1223,1000,missing_marker,0,1,1,0
svamp,posterior,AC-ALG1,1223,1000,missing_marker,1,0,0,0
svamp,posterior,AC-ALG1,1223,1000,missing_marker,1,0,1,2
svamp,posterior,AC-ALG1,1223,1000,missing_marker,1,1,0,330
svamp,posterior,AC-ALG1,1223,1000,missing_marker,1,1,1,0
svamp,posterior,AC-ALG1,1223,1000,multiple_markers,0,0,0,0
svamp,posterior,AC-ALG1,1223,1000,multiple_markers,0,0,1,0
svamp,posterior,AC-ALG1,1223,1000,multiple_markers,0,1,0,0
svamp,posterior,AC-ALG1,1223,1000,multiple_markers,0,1,1,0
svamp,posterior,AC-ALG1,1223,1000,multiple_markers,1,0,0,0
svamp,posterior,AC-ALG1,1223,1000,multiple_markers,1,0,1,0
svamp,posterior,AC-ALG1,1223,1000,multiple_markers,1,1,0,0
svamp,posterior,AC-ALG1,1223,1000,multiple_markers,1,1,1,0
svamp,posterior,AC-ALG1,1223,1000,one_invalid_or_nonterminal_marker,0,0,0,0
svamp,posterior,AC-ALG1,1223,1000,one_invalid_or_nonterminal_marker,0,0,1,0
svamp,posterior,AC-ALG1,1223,1000,one_invalid_or_nonterminal_marker,0,1,0,7
svamp,posterior,AC-ALG1,1223,1000,one_invalid_or_nonterminal_marker,0,1,1,0
svamp,posterior,AC-ALG1,1223,1000,one_invalid_or_nonterminal_marker,1,0,0,0
svamp,posterior,AC-ALG1,1223,1000,one_invalid_or_nonterminal_marker,1,0,1,0
svamp,posterior,AC-ALG1,1223,1000,one_invalid_or_nonterminal_marker,1,1,0,1
svamp,posterior,AC-ALG1,1223,1000,one_invalid_or_nonterminal_marker,1,1,1,0
svamp,posterior,AC-ALG1,1229,1000,strict_correct,0,0,0,0
svamp,posterior,AC-ALG1,1229,1000,strict_correct,0,0,1,0
svamp,posterior,AC-ALG1,1229,1000,strict_correct,0,1,0,0
svamp,posterior,AC-ALG1,1229,1000,strict_correct,0,1,1,0
svamp,posterior,AC-ALG1,1229,1000,strict_correct,1,0,0,0
svamp,posterior,AC-ALG1,1229,1000,strict_correct,1,0,1,0
svamp,posterior,AC-ALG1,1229,1000,strict_correct,1,1,0,645
svamp,posterior,AC-ALG1,1229,1000,strict_correct,1,1,1,0
svamp,posterior,AC-ALG1,1229,1000,strict_valid_wrong,0,0,0,0
svamp,posterior,AC-ALG1,1229,1000,strict_valid_wrong,0,0,1,0
svamp,posterior,AC-ALG1,1229,1000,strict_valid_wrong,0,1,0,108
svamp,posterior,AC-ALG1,1229,1000,strict_valid_wrong,0,1,1,0
svamp,posterior,AC-ALG1,1229,1000,strict_valid_wrong,1,0,0,0
svamp,posterior,AC-ALG1,1229,1000,strict_valid_wrong,1,0,1,0
svamp,posterior,AC-ALG1,1229,1000,strict_valid_wrong,1,1,0,0
svamp,posterior,AC-ALG1,1229,1000,strict_valid_wrong,1,1,1,0
svamp,posterior,AC-ALG1,1229,1000,missing_marker,0,0,0,0
svamp,posterior,AC-ALG1,1229,1000,missing_marker,0,0,1,4
svamp,posterior,AC-ALG1,1229,1000,missing_marker,0,1,0,49
svamp,posterior,AC-ALG1,1229,1000,missing_marker,0,1,1,0
svamp,posterior,AC-ALG1,1229,1000,missing_marker,1,0,0,0
svamp,posterior,AC-ALG1,1229,1000,missing_marker,1,0,1,2
svamp,posterior,AC-ALG1,1229,1000,missing_marker,1,1,0,182
svamp,posterior,AC-ALG1,1229,1000,missing_marker,1,1,1,0
svamp,posterior,AC-ALG1,1229,1000,multiple_markers,0,0,0,0
svamp,posterior,AC-ALG1,1229,1000,multiple_markers,0,0,1,0
svamp,posterior,AC-ALG1,1229,1000,multiple_markers,0,1,0,0
svamp,posterior,AC-ALG1,1229,1000,multiple_markers,0,1,1,0
svamp,posterior,AC-ALG1,1229,1000,multiple_markers,1,0,0,0
svamp,posterior,AC-ALG1,1229,1000,multiple_markers,1,0,1,0
svamp,posterior,AC-ALG1,1229,1000,multiple_markers,1,1,0,0
svamp,posterior,AC-ALG1,1229,1000,multiple_markers,1,1,1,0
svamp,posterior,AC-ALG1,1229,1000,one_invalid_or_nonterminal_marker,0,0,0,0
svamp,posterior,AC-ALG1,1229,1000,one_invalid_or_nonterminal_marker,0,0,1,0
svamp,posterior,AC-ALG1,1229,1000,one_invalid_or_nonterminal_marker,0,1,0,10
svamp,posterior,AC-ALG1,1229,1000,one_invalid_or_nonterminal_marker,0,1,1,0
svamp,posterior,AC-ALG1,1229,1000,one_invalid_or_nonterminal_marker,1,0,0,0
svamp,posterior,AC-ALG1,1229,1000,one_invalid_or_nonterminal_marker,1,0,1,0
svamp,posterior,AC-ALG1,1229,1000,one_invalid_or_nonterminal_marker,1,1,0,0
svamp,posterior,AC-ALG1,1229,1000,one_invalid_or_nonterminal_marker,1,1,1,0
svamp,posterior,AC-ALG1,1231,1000,strict_correct,0,0,0,0
svamp,posterior,AC-ALG1,1231,1000,strict_correct,0,0,1,0
svamp,posterior,AC-ALG1,1231,1000,strict_correct,0,1,0,0
svamp,posterior,AC-ALG1,1231,1000,strict_correct,0,1,1,0
svamp,posterior,AC-ALG1,1231,1000,strict_correct,1,0,0,0
svamp,posterior,AC-ALG1,1231,1000,strict_correct,1,0,1,0
svamp,posterior,AC-ALG1,1231,1000,strict_correct,1,1,0,732
svamp,posterior,AC-ALG1,1231,1000,strict_correct,1,1,1,0
svamp,posterior,AC-ALG1,1231,1000,strict_valid_wrong,0,0,0,0
svamp,posterior,AC-ALG1,1231,1000,strict_valid_wrong,0,0,1,0
svamp,posterior,AC-ALG1,1231,1000,strict_valid_wrong,0,1,0,120
svamp,posterior,AC-ALG1,1231,1000,strict_valid_wrong,0,1,1,0
svamp,posterior,AC-ALG1,1231,1000,strict_valid_wrong,1,0,0,0
svamp,posterior,AC-ALG1,1231,1000,strict_valid_wrong,1,0,1,0
svamp,posterior,AC-ALG1,1231,1000,strict_valid_wrong,1,1,0,0
svamp,posterior,AC-ALG1,1231,1000,strict_valid_wrong,1,1,1,0
svamp,posterior,AC-ALG1,1231,1000,missing_marker,0,0,0,0
svamp,posterior,AC-ALG1,1231,1000,missing_marker,0,0,1,4
svamp,posterior,AC-ALG1,1231,1000,missing_marker,0,1,0,29
svamp,posterior,AC-ALG1,1231,1000,missing_marker,0,1,1,0
svamp,posterior,AC-ALG1,1231,1000,missing_marker,1,0,0,0
svamp,posterior,AC-ALG1,1231,1000,missing_marker,1,0,1,3
svamp,posterior,AC-ALG1,1231,1000,missing_marker,1,1,0,102
svamp,posterior,AC-ALG1,1231,1000,missing_marker,1,1,1,0
svamp,posterior,AC-ALG1,1231,1000,multiple_markers,0,0,0,0
svamp,posterior,AC-ALG1,1231,1000,multiple_markers,0,0,1,0
svamp,posterior,AC-ALG1,1231,1000,multiple_markers,0,1,0,0
svamp,posterior,AC-ALG1,1231,1000,multiple_markers,0,1,1,0
svamp,posterior,AC-ALG1,1231,1000,multiple_markers,1,0,0,0
svamp,posterior,AC-ALG1,1231,1000,multiple_markers,1,0,1,0
svamp,posterior,AC-ALG1,1231,1000,multiple_markers,1,1,0,0
svamp,posterior,AC-ALG1,1231,1000,multiple_markers,1,1,1,0
svamp,posterior,AC-ALG1,1231,1000,one_invalid_or_nonterminal_marker,0,0,0,0
svamp,posterior,AC-ALG1,1231,1000,one_invalid_or_nonterminal_marker,0,0,1,0
svamp,posterior,AC-ALG1,1231,1000,one_invalid_or_nonterminal_marker,0,1,0,8
svamp,posterior,AC-ALG1,1231,1000,one_invalid_or_nonterminal_marker,0,1,1,0
svamp,posterior,AC-ALG1,1231,1000,one_invalid_or_nonterminal_marker,1,0,0,0
svamp,posterior,AC-ALG1,1231,1000,one_invalid_or_nonterminal_marker,1,0,1,1
svamp,posterior,AC-ALG1,1231,1000,one_invalid_or_nonterminal_marker,1,1,0,1
svamp,posterior,AC-ALG1,1231,1000,one_invalid_or_nonterminal_marker,1,1,1,0
svamp,posterior,AC-ALG1,1237,1000,strict_correct,0,0,0,0
svamp,posterior,AC-ALG1,1237,1000,strict_correct,0,0,1,0
svamp,posterior,AC-ALG1,1237,1000,strict_correct,0,1,0,0
svamp,posterior,AC-ALG1,1237,1000,strict_correct,0,1,1,0
svamp,posterior,AC-ALG1,1237,1000,strict_correct,1,0,0,0
svamp,posterior,AC-ALG1,1237,1000,strict_correct,1,0,1,0
svamp,posterior,AC-ALG1,1237,1000,strict_correct,1,1,0,631
svamp,posterior,AC-ALG1,1237,1000,strict_correct,1,1,1,0
svamp,posterior,AC-ALG1,1237,1000,strict_valid_wrong,0,0,0,0
svamp,posterior,AC-ALG1,1237,1000,strict_valid_wrong,0,0,1,0
svamp,posterior,AC-ALG1,1237,1000,strict_valid_wrong,0,1,0,84
svamp,posterior,AC-ALG1,1237,1000,strict_valid_wrong,0,1,1,0
svamp,posterior,AC-ALG1,1237,1000,strict_valid_wrong,1,0,0,0
svamp,posterior,AC-ALG1,1237,1000,strict_valid_wrong,1,0,1,0
svamp,posterior,AC-ALG1,1237,1000,strict_valid_wrong,1,1,0,0
svamp,posterior,AC-ALG1,1237,1000,strict_valid_wrong,1,1,1,0
svamp,posterior,AC-ALG1,1237,1000,missing_marker,0,0,0,0
svamp,posterior,AC-ALG1,1237,1000,missing_marker,0,0,1,6
svamp,posterior,AC-ALG1,1237,1000,missing_marker,0,1,0,55
svamp,posterior,AC-ALG1,1237,1000,missing_marker,0,1,1,0
svamp,posterior,AC-ALG1,1237,1000,missing_marker,1,0,0,0
svamp,posterior,AC-ALG1,1237,1000,missing_marker,1,0,1,2
svamp,posterior,AC-ALG1,1237,1000,missing_marker,1,1,0,212
svamp,posterior,AC-ALG1,1237,1000,missing_marker,1,1,1,0
svamp,posterior,AC-ALG1,1237,1000,multiple_markers,0,0,0,0
svamp,posterior,AC-ALG1,1237,1000,multiple_markers,0,0,1,0
svamp,posterior,AC-ALG1,1237,1000,multiple_markers,0,1,0,0
svamp,posterior,AC-ALG1,1237,1000,multiple_markers,0,1,1,0
svamp,posterior,AC-ALG1,1237,1000,multiple_markers,1,0,0,0
svamp,posterior,AC-ALG1,1237,1000,multiple_markers,1,0,1,0
svamp,posterior,AC-ALG1,1237,1000,multiple_markers,1,1,0,0
svamp,posterior,AC-ALG1,1237,1000,multiple_markers,1,1,1,0
svamp,posterior,AC-ALG1,1237,1000,one_invalid_or_nonterminal_marker,0,0,0,0
svamp,posterior,AC-ALG1,1237,1000,one_invalid_or_nonterminal_marker,0,0,1,0
svamp,posterior,AC-ALG1,1237,1000,one_invalid_or_nonterminal_marker,0,1,0,10
svamp,posterior,AC-ALG1,1237,1000,one_invalid_or_nonterminal_marker,0,1,1,0
svamp,posterior,AC-ALG1,1237,1000,one_invalid_or_nonterminal_marker,1,0,0,0
svamp,posterior,AC-ALG1,1237,1000,one_invalid_or_nonterminal_marker,1,0,1,0
svamp,posterior,AC-ALG1,1237,1000,one_invalid_or_nonterminal_marker,1,1,0,0
svamp,posterior,AC-ALG1,1237,1000,one_invalid_or_nonterminal_marker,1,1,1,0
svamp,non_rl_self_training,TRICE,1201,1000,strict_correct,0,0,0,0
svamp,non_rl_self_training,TRICE,1201,1000,strict_correct,0,0,1,0
svamp,non_rl_self_training,TRICE,1201,1000,strict_correct,0,1,0,0
svamp,non_rl_self_training,TRICE,1201,1000,strict_correct,0,1,1,0
svamp,non_rl_self_training,TRICE,1201,1000,strict_correct,1,0,0,0
svamp,non_rl_self_training,TRICE,1201,1000,strict_correct,1,0,1,0
svamp,non_rl_self_training,TRICE,1201,1000,strict_correct,1,1,0,789
svamp,non_rl_self_training,TRICE,1201,1000,strict_correct,1,1,1,0
svamp,non_rl_self_training,TRICE,1201,1000,strict_valid_wrong,0,0,0,0
svamp,non_rl_self_training,TRICE,1201,1000,strict_valid_wrong,0,0,1,0
svamp,non_rl_self_training,TRICE,1201,1000,strict_valid_wrong,0,1,0,193
svamp,non_rl_self_training,TRICE,1201,1000,strict_valid_wrong,0,1,1,0
svamp,non_rl_self_training,TRICE,1201,1000,strict_valid_wrong,1,0,0,0
svamp,non_rl_self_training,TRICE,1201,1000,strict_valid_wrong,1,0,1,0
svamp,non_rl_self_training,TRICE,1201,1000,strict_valid_wrong,1,1,0,0
svamp,non_rl_self_training,TRICE,1201,1000,strict_valid_wrong,1,1,1,0
svamp,non_rl_self_training,TRICE,1201,1000,missing_marker,0,0,0,0
svamp,non_rl_self_training,TRICE,1201,1000,missing_marker,0,0,1,3
svamp,non_rl_self_training,TRICE,1201,1000,missing_marker,0,1,0,0
svamp,non_rl_self_training,TRICE,1201,1000,missing_marker,0,1,1,0
svamp,non_rl_self_training,TRICE,1201,1000,missing_marker,1,0,0,0
svamp,non_rl_self_training,TRICE,1201,1000,missing_marker,1,0,1,0
svamp,non_rl_self_training,TRICE,1201,1000,missing_marker,1,1,0,0
svamp,non_rl_self_training,TRICE,1201,1000,missing_marker,1,1,1,0
svamp,non_rl_self_training,TRICE,1201,1000,multiple_markers,0,0,0,0
svamp,non_rl_self_training,TRICE,1201,1000,multiple_markers,0,0,1,0
svamp,non_rl_self_training,TRICE,1201,1000,multiple_markers,0,1,0,0
svamp,non_rl_self_training,TRICE,1201,1000,multiple_markers,0,1,1,0
svamp,non_rl_self_training,TRICE,1201,1000,multiple_markers,1,0,0,0
svamp,non_rl_self_training,TRICE,1201,1000,multiple_markers,1,0,1,0
svamp,non_rl_self_training,TRICE,1201,1000,multiple_markers,1,1,0,0
svamp,non_rl_self_training,TRICE,1201,1000,multiple_markers,1,1,1,0
svamp,non_rl_self_training,TRICE,1201,1000,one_invalid_or_nonterminal_marker,0,0,0,0
svamp,non_rl_self_training,TRICE,1201,1000,one_invalid_or_nonterminal_marker,0,0,1,1
svamp,non_rl_self_training,TRICE,1201,1000,one_invalid_or_nonterminal_marker,0,1,0,14
svamp,non_rl_self_training,TRICE,1201,1000,one_invalid_or_nonterminal_marker,0,1,1,0
svamp,non_rl_self_training,TRICE,1201,1000,one_invalid_or_nonterminal_marker,1,0,0,0
svamp,non_rl_self_training,TRICE,1201,1000,one_invalid_or_nonterminal_marker,1,0,1,0
svamp,non_rl_self_training,TRICE,1201,1000,one_invalid_or_nonterminal_marker,1,1,0,0
svamp,non_rl_self_training,TRICE,1201,1000,one_invalid_or_nonterminal_marker,1,1,1,0
svamp,non_rl_self_training,TRICE,1213,1000,strict_correct,0,0,0,0
svamp,non_rl_self_training,TRICE,1213,1000,strict_correct,0,0,1,0
svamp,non_rl_self_training,TRICE,1213,1000,strict_correct,0,1,0,0
svamp,non_rl_self_training,TRICE,1213,1000,strict_correct,0,1,1,0
svamp,non_rl_self_training,TRICE,1213,1000,strict_correct,1,0,0,0
svamp,non_rl_self_training,TRICE,1213,1000,strict_correct,1,0,1,0
svamp,non_rl_self_training,TRICE,1213,1000,strict_correct,1,1,0,809
svamp,non_rl_self_training,TRICE,1213,1000,strict_correct,1,1,1,0
svamp,non_rl_self_training,TRICE,1213,1000,strict_valid_wrong,0,0,0,0
svamp,non_rl_self_training,TRICE,1213,1000,strict_valid_wrong,0,0,1,0
svamp,non_rl_self_training,TRICE,1213,1000,strict_valid_wrong,0,1,0,178
svamp,non_rl_self_training,TRICE,1213,1000,strict_valid_wrong,0,1,1,0
svamp,non_rl_self_training,TRICE,1213,1000,strict_valid_wrong,1,0,0,0
svamp,non_rl_self_training,TRICE,1213,1000,strict_valid_wrong,1,0,1,0
svamp,non_rl_self_training,TRICE,1213,1000,strict_valid_wrong,1,1,0,0
svamp,non_rl_self_training,TRICE,1213,1000,strict_valid_wrong,1,1,1,0
svamp,non_rl_self_training,TRICE,1213,1000,missing_marker,0,0,0,0
svamp,non_rl_self_training,TRICE,1213,1000,missing_marker,0,0,1,0
svamp,non_rl_self_training,TRICE,1213,1000,missing_marker,0,1,0,0
svamp,non_rl_self_training,TRICE,1213,1000,missing_marker,0,1,1,0
svamp,non_rl_self_training,TRICE,1213,1000,missing_marker,1,0,0,0
svamp,non_rl_self_training,TRICE,1213,1000,missing_marker,1,0,1,1
svamp,non_rl_self_training,TRICE,1213,1000,missing_marker,1,1,0,0
svamp,non_rl_self_training,TRICE,1213,1000,missing_marker,1,1,1,0
svamp,non_rl_self_training,TRICE,1213,1000,multiple_markers,0,0,0,0
svamp,non_rl_self_training,TRICE,1213,1000,multiple_markers,0,0,1,0
svamp,non_rl_self_training,TRICE,1213,1000,multiple_markers,0,1,0,0
svamp,non_rl_self_training,TRICE,1213,1000,multiple_markers,0,1,1,0
svamp,non_rl_self_training,TRICE,1213,1000,multiple_markers,1,0,0,0
svamp,non_rl_self_training,TRICE,1213,1000,multiple_markers,1,0,1,0
svamp,non_rl_self_training,TRICE,1213,1000,multiple_markers,1,1,0,0
svamp,non_rl_self_training,TRICE,1213,1000,multiple_markers,1,1,1,0
svamp,non_rl_self_training,TRICE,1213,1000,one_invalid_or_nonterminal_marker,0,0,0,0
svamp,non_rl_self_training,TRICE,1213,1000,one_invalid_or_nonterminal_marker,0,0,1,0
svamp,non_rl_self_training,TRICE,1213,1000,one_invalid_or_nonterminal_marker,0,1,0,12
svamp,non_rl_self_training,TRICE,1213,1000,one_invalid_or_nonterminal_marker,0,1,1,0
svamp,non_rl_self_training,TRICE,1213,1000,one_invalid_or_nonterminal_marker,1,0,0,0
svamp,non_rl_self_training,TRICE,1213,1000,one_invalid_or_nonterminal_marker,1,0,1,0
svamp,non_rl_self_training,TRICE,1213,1000,one_invalid_or_nonterminal_marker,1,1,0,0
svamp,non_rl_self_training,TRICE,1213,1000,one_invalid_or_nonterminal_marker,1,1,1,0
svamp,non_rl_self_training,TRICE,1217,1000,strict_correct,0,0,0,0
svamp,non_rl_self_training,TRICE,1217,1000,strict_correct,0,0,1,0
svamp,non_rl_self_training,TRICE,1217,1000,strict_correct,0,1,0,0
svamp,non_rl_self_training,TRICE,1217,1000,strict_correct,0,1,1,0
svamp,non_rl_self_training,TRICE,1217,1000,strict_correct,1,0,0,0
svamp,non_rl_self_training,TRICE,1217,1000,strict_correct,1,0,1,0
svamp,non_rl_self_training,TRICE,1217,1000,strict_correct,1,1,0,766
svamp,non_rl_self_training,TRICE,1217,1000,strict_correct,1,1,1,0
svamp,non_rl_self_training,TRICE,1217,1000,strict_valid_wrong,0,0,0,0
svamp,non_rl_self_training,TRICE,1217,1000,strict_valid_wrong,0,0,1,0
svamp,non_rl_self_training,TRICE,1217,1000,strict_valid_wrong,0,1,0,216
svamp,non_rl_self_training,TRICE,1217,1000,strict_valid_wrong,0,1,1,0
svamp,non_rl_self_training,TRICE,1217,1000,strict_valid_wrong,1,0,0,0
svamp,non_rl_self_training,TRICE,1217,1000,strict_valid_wrong,1,0,1,0
svamp,non_rl_self_training,TRICE,1217,1000,strict_valid_wrong,1,1,0,0
svamp,non_rl_self_training,TRICE,1217,1000,strict_valid_wrong,1,1,1,0
svamp,non_rl_self_training,TRICE,1217,1000,missing_marker,0,0,0,0
svamp,non_rl_self_training,TRICE,1217,1000,missing_marker,0,0,1,2
svamp,non_rl_self_training,TRICE,1217,1000,missing_marker,0,1,0,0
svamp,non_rl_self_training,TRICE,1217,1000,missing_marker,0,1,1,0
svamp,non_rl_self_training,TRICE,1217,1000,missing_marker,1,0,0,0
svamp,non_rl_self_training,TRICE,1217,1000,missing_marker,1,0,1,0
svamp,non_rl_self_training,TRICE,1217,1000,missing_marker,1,1,0,0
svamp,non_rl_self_training,TRICE,1217,1000,missing_marker,1,1,1,0
svamp,non_rl_self_training,TRICE,1217,1000,multiple_markers,0,0,0,0
svamp,non_rl_self_training,TRICE,1217,1000,multiple_markers,0,0,1,0
svamp,non_rl_self_training,TRICE,1217,1000,multiple_markers,0,1,0,0
svamp,non_rl_self_training,TRICE,1217,1000,multiple_markers,0,1,1,0
svamp,non_rl_self_training,TRICE,1217,1000,multiple_markers,1,0,0,0
svamp,non_rl_self_training,TRICE,1217,1000,multiple_markers,1,0,1,0
svamp,non_rl_self_training,TRICE,1217,1000,multiple_markers,1,1,0,0
svamp,non_rl_self_training,TRICE,1217,1000,multiple_markers,1,1,1,0
svamp,non_rl_self_training,TRICE,1217,1000,one_invalid_or_nonterminal_marker,0,0,0,0
svamp,non_rl_self_training,TRICE,1217,1000,one_invalid_or_nonterminal_marker,0,0,1,1
svamp,non_rl_self_training,TRICE,1217,1000,one_invalid_or_nonterminal_marker,0,1,0,15
svamp,non_rl_self_training,TRICE,1217,1000,one_invalid_or_nonterminal_marker,0,1,1,0
svamp,non_rl_self_training,TRICE,1217,1000,one_invalid_or_nonterminal_marker,1,0,0,0
svamp,non_rl_self_training,TRICE,1217,1000,one_invalid_or_nonterminal_marker,1,0,1,0
svamp,non_rl_self_training,TRICE,1217,1000,one_invalid_or_nonterminal_marker,1,1,0,0
svamp,non_rl_self_training,TRICE,1217,1000,one_invalid_or_nonterminal_marker,1,1,1,0
svamp,non_rl_self_training,TRICE,1223,1000,strict_correct,0,0,0,0
svamp,non_rl_self_training,TRICE,1223,1000,strict_correct,0,0,1,0
svamp,non_rl_self_training,TRICE,1223,1000,strict_correct,0,1,0,0
svamp,non_rl_self_training,TRICE,1223,1000,strict_correct,0,1,1,0
svamp,non_rl_self_training,TRICE,1223,1000,strict_correct,1,0,0,0
svamp,non_rl_self_training,TRICE,1223,1000,strict_correct,1,0,1,0
svamp,non_rl_self_training,TRICE,1223,1000,strict_correct,1,1,0,787
svamp,non_rl_self_training,TRICE,1223,1000,strict_correct,1,1,1,0
svamp,non_rl_self_training,TRICE,1223,1000,strict_valid_wrong,0,0,0,0
svamp,non_rl_self_training,TRICE,1223,1000,strict_valid_wrong,0,0,1,0
svamp,non_rl_self_training,TRICE,1223,1000,strict_valid_wrong,0,1,0,192
svamp,non_rl_self_training,TRICE,1223,1000,strict_valid_wrong,0,1,1,0
svamp,non_rl_self_training,TRICE,1223,1000,strict_valid_wrong,1,0,0,0
svamp,non_rl_self_training,TRICE,1223,1000,strict_valid_wrong,1,0,1,0
svamp,non_rl_self_training,TRICE,1223,1000,strict_valid_wrong,1,1,0,0
svamp,non_rl_self_training,TRICE,1223,1000,strict_valid_wrong,1,1,1,0
svamp,non_rl_self_training,TRICE,1223,1000,missing_marker,0,0,0,0
svamp,non_rl_self_training,TRICE,1223,1000,missing_marker,0,0,1,5
svamp,non_rl_self_training,TRICE,1223,1000,missing_marker,0,1,0,0
svamp,non_rl_self_training,TRICE,1223,1000,missing_marker,0,1,1,0
svamp,non_rl_self_training,TRICE,1223,1000,missing_marker,1,0,0,0
svamp,non_rl_self_training,TRICE,1223,1000,missing_marker,1,0,1,0
svamp,non_rl_self_training,TRICE,1223,1000,missing_marker,1,1,0,0
svamp,non_rl_self_training,TRICE,1223,1000,missing_marker,1,1,1,0
svamp,non_rl_self_training,TRICE,1223,1000,multiple_markers,0,0,0,0
svamp,non_rl_self_training,TRICE,1223,1000,multiple_markers,0,0,1,0
svamp,non_rl_self_training,TRICE,1223,1000,multiple_markers,0,1,0,0
svamp,non_rl_self_training,TRICE,1223,1000,multiple_markers,0,1,1,0
svamp,non_rl_self_training,TRICE,1223,1000,multiple_markers,1,0,0,0
svamp,non_rl_self_training,TRICE,1223,1000,multiple_markers,1,0,1,0
svamp,non_rl_self_training,TRICE,1223,1000,multiple_markers,1,1,0,0
svamp,non_rl_self_training,TRICE,1223,1000,multiple_markers,1,1,1,0
svamp,non_rl_self_training,TRICE,1223,1000,one_invalid_or_nonterminal_marker,0,0,0,0
svamp,non_rl_self_training,TRICE,1223,1000,one_invalid_or_nonterminal_marker,0,0,1,0
svamp,non_rl_self_training,TRICE,1223,1000,one_invalid_or_nonterminal_marker,0,1,0,16
svamp,non_rl_self_training,TRICE,1223,1000,one_invalid_or_nonterminal_marker,0,1,1,0
svamp,non_rl_self_training,TRICE,1223,1000,one_invalid_or_nonterminal_marker,1,0,0,0
svamp,non_rl_self_training,TRICE,1223,1000,one_invalid_or_nonterminal_marker,1,0,1,0
svamp,non_rl_self_training,TRICE,1223,1000,one_invalid_or_nonterminal_marker,1,1,0,0
svamp,non_rl_self_training,TRICE,1223,1000,one_invalid_or_nonterminal_marker,1,1,1,0
svamp,non_rl_self_training,TRICE,1229,1000,strict_correct,0,0,0,0
svamp,non_rl_self_training,TRICE,1229,1000,strict_correct,0,0,1,0
svamp,non_rl_self_training,TRICE,1229,1000,strict_correct,0,1,0,0
svamp,non_rl_self_training,TRICE,1229,1000,strict_correct,0,1,1,0
svamp,non_rl_self_training,TRICE,1229,1000,strict_correct,1,0,0,0
svamp,non_rl_self_training,TRICE,1229,1000,strict_correct,1,0,1,0
svamp,non_rl_self_training,TRICE,1229,1000,strict_correct,1,1,0,802
svamp,non_rl_self_training,TRICE,1229,1000,strict_correct,1,1,1,0
svamp,non_rl_self_training,TRICE,1229,1000,strict_valid_wrong,0,0,0,0
svamp,non_rl_self_training,TRICE,1229,1000,strict_valid_wrong,0,0,1,0
svamp,non_rl_self_training,TRICE,1229,1000,strict_valid_wrong,0,1,0,180
svamp,non_rl_self_training,TRICE,1229,1000,strict_valid_wrong,0,1,1,0
svamp,non_rl_self_training,TRICE,1229,1000,strict_valid_wrong,1,0,0,0
svamp,non_rl_self_training,TRICE,1229,1000,strict_valid_wrong,1,0,1,0
svamp,non_rl_self_training,TRICE,1229,1000,strict_valid_wrong,1,1,0,0
svamp,non_rl_self_training,TRICE,1229,1000,strict_valid_wrong,1,1,1,0
svamp,non_rl_self_training,TRICE,1229,1000,missing_marker,0,0,0,0
svamp,non_rl_self_training,TRICE,1229,1000,missing_marker,0,0,1,4
svamp,non_rl_self_training,TRICE,1229,1000,missing_marker,0,1,0,0
svamp,non_rl_self_training,TRICE,1229,1000,missing_marker,0,1,1,0
svamp,non_rl_self_training,TRICE,1229,1000,missing_marker,1,0,0,0
svamp,non_rl_self_training,TRICE,1229,1000,missing_marker,1,0,1,0
svamp,non_rl_self_training,TRICE,1229,1000,missing_marker,1,1,0,0
svamp,non_rl_self_training,TRICE,1229,1000,missing_marker,1,1,1,0
svamp,non_rl_self_training,TRICE,1229,1000,multiple_markers,0,0,0,0
svamp,non_rl_self_training,TRICE,1229,1000,multiple_markers,0,0,1,0
svamp,non_rl_self_training,TRICE,1229,1000,multiple_markers,0,1,0,0
svamp,non_rl_self_training,TRICE,1229,1000,multiple_markers,0,1,1,0
svamp,non_rl_self_training,TRICE,1229,1000,multiple_markers,1,0,0,0
svamp,non_rl_self_training,TRICE,1229,1000,multiple_markers,1,0,1,0
svamp,non_rl_self_training,TRICE,1229,1000,multiple_markers,1,1,0,0
svamp,non_rl_self_training,TRICE,1229,1000,multiple_markers,1,1,1,0
svamp,non_rl_self_training,TRICE,1229,1000,one_invalid_or_nonterminal_marker,0,0,0,0
svamp,non_rl_self_training,TRICE,1229,1000,one_invalid_or_nonterminal_marker,0,0,1,0
svamp,non_rl_self_training,TRICE,1229,1000,one_invalid_or_nonterminal_marker,0,1,0,14
svamp,non_rl_self_training,TRICE,1229,1000,one_invalid_or_nonterminal_marker,0,1,1,0
svamp,non_rl_self_training,TRICE,1229,1000,one_invalid_or_nonterminal_marker,1,0,0,0
svamp,non_rl_self_training,TRICE,1229,1000,one_invalid_or_nonterminal_marker,1,0,1,0
svamp,non_rl_self_training,TRICE,1229,1000,one_invalid_or_nonterminal_marker,1,1,0,0
svamp,non_rl_self_training,TRICE,1229,1000,one_invalid_or_nonterminal_marker,1,1,1,0
svamp,non_rl_self_training,TRICE,1231,1000,strict_correct,0,0,0,0
svamp,non_rl_self_training,TRICE,1231,1000,strict_correct,0,0,1,0
svamp,non_rl_self_training,TRICE,1231,1000,strict_correct,0,1,0,0
svamp,non_rl_self_training,TRICE,1231,1000,strict_correct,0,1,1,0
svamp,non_rl_self_training,TRICE,1231,1000,strict_correct,1,0,0,0
svamp,non_rl_self_training,TRICE,1231,1000,strict_correct,1,0,1,0
svamp,non_rl_self_training,TRICE,1231,1000,strict_correct,1,1,0,791
svamp,non_rl_self_training,TRICE,1231,1000,strict_correct,1,1,1,0
svamp,non_rl_self_training,TRICE,1231,1000,strict_valid_wrong,0,0,0,0
svamp,non_rl_self_training,TRICE,1231,1000,strict_valid_wrong,0,0,1,0
svamp,non_rl_self_training,TRICE,1231,1000,strict_valid_wrong,0,1,0,196
svamp,non_rl_self_training,TRICE,1231,1000,strict_valid_wrong,0,1,1,0
svamp,non_rl_self_training,TRICE,1231,1000,strict_valid_wrong,1,0,0,0
svamp,non_rl_self_training,TRICE,1231,1000,strict_valid_wrong,1,0,1,0
svamp,non_rl_self_training,TRICE,1231,1000,strict_valid_wrong,1,1,0,0
svamp,non_rl_self_training,TRICE,1231,1000,strict_valid_wrong,1,1,1,0
svamp,non_rl_self_training,TRICE,1231,1000,missing_marker,0,0,0,0
svamp,non_rl_self_training,TRICE,1231,1000,missing_marker,0,0,1,1
svamp,non_rl_self_training,TRICE,1231,1000,missing_marker,0,1,0,0
svamp,non_rl_self_training,TRICE,1231,1000,missing_marker,0,1,1,0
svamp,non_rl_self_training,TRICE,1231,1000,missing_marker,1,0,0,0
svamp,non_rl_self_training,TRICE,1231,1000,missing_marker,1,0,1,0
svamp,non_rl_self_training,TRICE,1231,1000,missing_marker,1,1,0,0
svamp,non_rl_self_training,TRICE,1231,1000,missing_marker,1,1,1,0
svamp,non_rl_self_training,TRICE,1231,1000,multiple_markers,0,0,0,0
svamp,non_rl_self_training,TRICE,1231,1000,multiple_markers,0,0,1,0
svamp,non_rl_self_training,TRICE,1231,1000,multiple_markers,0,1,0,0
svamp,non_rl_self_training,TRICE,1231,1000,multiple_markers,0,1,1,0
svamp,non_rl_self_training,TRICE,1231,1000,multiple_markers,1,0,0,0
svamp,non_rl_self_training,TRICE,1231,1000,multiple_markers,1,0,1,0
svamp,non_rl_self_training,TRICE,1231,1000,multiple_markers,1,1,0,0
svamp,non_rl_self_training,TRICE,1231,1000,multiple_markers,1,1,1,0
svamp,non_rl_self_training,TRICE,1231,1000,one_invalid_or_nonterminal_marker,0,0,0,0
svamp,non_rl_self_training,TRICE,1231,1000,one_invalid_or_nonterminal_marker,0,0,1,0
svamp,non_rl_self_training,TRICE,1231,1000,one_invalid_or_nonterminal_marker,0,1,0,10
svamp,non_rl_self_training,TRICE,1231,1000,one_invalid_or_nonterminal_marker,0,1,1,0
svamp,non_rl_self_training,TRICE,1231,1000,one_invalid_or_nonterminal_marker,1,0,0,0
svamp,non_rl_self_training,TRICE,1231,1000,one_invalid_or_nonterminal_marker,1,0,1,0
svamp,non_rl_self_training,TRICE,1231,1000,one_invalid_or_nonterminal_marker,1,1,0,2
svamp,non_rl_self_training,TRICE,1231,1000,one_invalid_or_nonterminal_marker,1,1,1,0
svamp,non_rl_self_training,TRICE,1237,1000,strict_correct,0,0,0,0
svamp,non_rl_self_training,TRICE,1237,1000,strict_correct,0,0,1,0
svamp,non_rl_self_training,TRICE,1237,1000,strict_correct,0,1,0,0
svamp,non_rl_self_training,TRICE,1237,1000,strict_correct,0,1,1,0
svamp,non_rl_self_training,TRICE,1237,1000,strict_correct,1,0,0,0
svamp,non_rl_self_training,TRICE,1237,1000,strict_correct,1,0,1,0
svamp,non_rl_self_training,TRICE,1237,1000,strict_correct,1,1,0,743
svamp,non_rl_self_training,TRICE,1237,1000,strict_correct,1,1,1,0
svamp,non_rl_self_training,TRICE,1237,1000,strict_valid_wrong,0,0,0,0
svamp,non_rl_self_training,TRICE,1237,1000,strict_valid_wrong,0,0,1,0
svamp,non_rl_self_training,TRICE,1237,1000,strict_valid_wrong,0,1,0,243
svamp,non_rl_self_training,TRICE,1237,1000,strict_valid_wrong,0,1,1,0
svamp,non_rl_self_training,TRICE,1237,1000,strict_valid_wrong,1,0,0,0
svamp,non_rl_self_training,TRICE,1237,1000,strict_valid_wrong,1,0,1,0
svamp,non_rl_self_training,TRICE,1237,1000,strict_valid_wrong,1,1,0,0
svamp,non_rl_self_training,TRICE,1237,1000,strict_valid_wrong,1,1,1,0
svamp,non_rl_self_training,TRICE,1237,1000,missing_marker,0,0,0,0
svamp,non_rl_self_training,TRICE,1237,1000,missing_marker,0,0,1,2
svamp,non_rl_self_training,TRICE,1237,1000,missing_marker,0,1,0,0
svamp,non_rl_self_training,TRICE,1237,1000,missing_marker,0,1,1,0
svamp,non_rl_self_training,TRICE,1237,1000,missing_marker,1,0,0,0
svamp,non_rl_self_training,TRICE,1237,1000,missing_marker,1,0,1,0
svamp,non_rl_self_training,TRICE,1237,1000,missing_marker,1,1,0,0
svamp,non_rl_self_training,TRICE,1237,1000,missing_marker,1,1,1,0
svamp,non_rl_self_training,TRICE,1237,1000,multiple_markers,0,0,0,0
svamp,non_rl_self_training,TRICE,1237,1000,multiple_markers,0,0,1,0
svamp,non_rl_self_training,TRICE,1237,1000,multiple_markers,0,1,0,0
svamp,non_rl_self_training,TRICE,1237,1000,multiple_markers,0,1,1,0
svamp,non_rl_self_training,TRICE,1237,1000,multiple_markers,1,0,0,0
svamp,non_rl_self_training,TRICE,1237,1000,multiple_markers,1,0,1,0
svamp,non_rl_self_training,TRICE,1237,1000,multiple_markers,1,1,0,0
svamp,non_rl_self_training,TRICE,1237,1000,multiple_markers,1,1,1,0
svamp,non_rl_self_training,TRICE,1237,1000,one_invalid_or_nonterminal_marker,0,0,0,0
svamp,non_rl_self_training,TRICE,1237,1000,one_invalid_or_nonterminal_marker,0,0,1,0
svamp,non_rl_self_training,TRICE,1237,1000,one_invalid_or_nonterminal_marker,0,1,0,12
svamp,non_rl_self_training,TRICE,1237,1000,one_invalid_or_nonterminal_marker,0,1,1,0
svamp,non_rl_self_training,TRICE,1237,1000,one_invalid_or_nonterminal_marker,1,0,0,0
svamp,non_rl_self_training,TRICE,1237,1000,one_invalid_or_nonterminal_marker,1,0,1,0
svamp,non_rl_self_training,TRICE,1237,1000,one_invalid_or_nonterminal_marker,1,1,0,0
svamp,non_rl_self_training,TRICE,1237,1000,one_invalid_or_nonterminal_marker,1,1,1,0
svamp,rl,RLOO,1201,1000,strict_correct,0,0,0,0
svamp,rl,RLOO,1201,1000,strict_correct,0,0,1,0
svamp,rl,RLOO,1201,1000,strict_correct,0,1,0,0
svamp,rl,RLOO,1201,1000,strict_correct,0,1,1,0
svamp,rl,RLOO,1201,1000,strict_correct,1,0,0,0
svamp,rl,RLOO,1201,1000,strict_correct,1,0,1,1
svamp,rl,RLOO,1201,1000,strict_correct,1,1,0,790
svamp,rl,RLOO,1201,1000,strict_correct,1,1,1,0
svamp,rl,RLOO,1201,1000,strict_valid_wrong,0,0,0,0
svamp,rl,RLOO,1201,1000,strict_valid_wrong,0,0,1,0
svamp,rl,RLOO,1201,1000,strict_valid_wrong,0,1,0,184
svamp,rl,RLOO,1201,1000,strict_valid_wrong,0,1,1,0
svamp,rl,RLOO,1201,1000,strict_valid_wrong,1,0,0,0
svamp,rl,RLOO,1201,1000,strict_valid_wrong,1,0,1,0
svamp,rl,RLOO,1201,1000,strict_valid_wrong,1,1,0,0
svamp,rl,RLOO,1201,1000,strict_valid_wrong,1,1,1,0
svamp,rl,RLOO,1201,1000,missing_marker,0,0,0,0
svamp,rl,RLOO,1201,1000,missing_marker,0,0,1,2
svamp,rl,RLOO,1201,1000,missing_marker,0,1,0,1
svamp,rl,RLOO,1201,1000,missing_marker,0,1,1,0
svamp,rl,RLOO,1201,1000,missing_marker,1,0,0,0
svamp,rl,RLOO,1201,1000,missing_marker,1,0,1,0
svamp,rl,RLOO,1201,1000,missing_marker,1,1,0,2
svamp,rl,RLOO,1201,1000,missing_marker,1,1,1,0
svamp,rl,RLOO,1201,1000,multiple_markers,0,0,0,0
svamp,rl,RLOO,1201,1000,multiple_markers,0,0,1,0
svamp,rl,RLOO,1201,1000,multiple_markers,0,1,0,0
svamp,rl,RLOO,1201,1000,multiple_markers,0,1,1,0
svamp,rl,RLOO,1201,1000,multiple_markers,1,0,0,0
svamp,rl,RLOO,1201,1000,multiple_markers,1,0,1,0
svamp,rl,RLOO,1201,1000,multiple_markers,1,1,0,0
svamp,rl,RLOO,1201,1000,multiple_markers,1,1,1,0
svamp,rl,RLOO,1201,1000,one_invalid_or_nonterminal_marker,0,0,0,0
svamp,rl,RLOO,1201,1000,one_invalid_or_nonterminal_marker,0,0,1,1
svamp,rl,RLOO,1201,1000,one_invalid_or_nonterminal_marker,0,1,0,18
svamp,rl,RLOO,1201,1000,one_invalid_or_nonterminal_marker,0,1,1,0
svamp,rl,RLOO,1201,1000,one_invalid_or_nonterminal_marker,1,0,0,0
svamp,rl,RLOO,1201,1000,one_invalid_or_nonterminal_marker,1,0,1,0
svamp,rl,RLOO,1201,1000,one_invalid_or_nonterminal_marker,1,1,0,1
svamp,rl,RLOO,1201,1000,one_invalid_or_nonterminal_marker,1,1,1,0
svamp,rl,RLOO,1213,1000,strict_correct,0,0,0,0
svamp,rl,RLOO,1213,1000,strict_correct,0,0,1,0
svamp,rl,RLOO,1213,1000,strict_correct,0,1,0,0
svamp,rl,RLOO,1213,1000,strict_correct,0,1,1,0
svamp,rl,RLOO,1213,1000,strict_correct,1,0,0,0
svamp,rl,RLOO,1213,1000,strict_correct,1,0,1,0
svamp,rl,RLOO,1213,1000,strict_correct,1,1,0,755
svamp,rl,RLOO,1213,1000,strict_correct,1,1,1,0
svamp,rl,RLOO,1213,1000,strict_valid_wrong,0,0,0,0
svamp,rl,RLOO,1213,1000,strict_valid_wrong,0,0,1,0
svamp,rl,RLOO,1213,1000,strict_valid_wrong,0,1,0,227
svamp,rl,RLOO,1213,1000,strict_valid_wrong,0,1,1,0
svamp,rl,RLOO,1213,1000,strict_valid_wrong,1,0,0,0
svamp,rl,RLOO,1213,1000,strict_valid_wrong,1,0,1,0
svamp,rl,RLOO,1213,1000,strict_valid_wrong,1,1,0,0
svamp,rl,RLOO,1213,1000,strict_valid_wrong,1,1,1,0
svamp,rl,RLOO,1213,1000,missing_marker,0,0,0,0
svamp,rl,RLOO,1213,1000,missing_marker,0,0,1,1
svamp,rl,RLOO,1213,1000,missing_marker,0,1,0,0
svamp,rl,RLOO,1213,1000,missing_marker,0,1,1,0
svamp,rl,RLOO,1213,1000,missing_marker,1,0,0,0
svamp,rl,RLOO,1213,1000,missing_marker,1,0,1,0
svamp,rl,RLOO,1213,1000,missing_marker,1,1,0,1
svamp,rl,RLOO,1213,1000,missing_marker,1,1,1,0
svamp,rl,RLOO,1213,1000,multiple_markers,0,0,0,0
svamp,rl,RLOO,1213,1000,multiple_markers,0,0,1,0
svamp,rl,RLOO,1213,1000,multiple_markers,0,1,0,0
svamp,rl,RLOO,1213,1000,multiple_markers,0,1,1,0
svamp,rl,RLOO,1213,1000,multiple_markers,1,0,0,0
svamp,rl,RLOO,1213,1000,multiple_markers,1,0,1,0
svamp,rl,RLOO,1213,1000,multiple_markers,1,1,0,0
svamp,rl,RLOO,1213,1000,multiple_markers,1,1,1,0
svamp,rl,RLOO,1213,1000,one_invalid_or_nonterminal_marker,0,0,0,0
svamp,rl,RLOO,1213,1000,one_invalid_or_nonterminal_marker,0,0,1,0
svamp,rl,RLOO,1213,1000,one_invalid_or_nonterminal_marker,0,1,0,16
svamp,rl,RLOO,1213,1000,one_invalid_or_nonterminal_marker,0,1,1,0
svamp,rl,RLOO,1213,1000,one_invalid_or_nonterminal_marker,1,0,0,0
svamp,rl,RLOO,1213,1000,one_invalid_or_nonterminal_marker,1,0,1,0
svamp,rl,RLOO,1213,1000,one_invalid_or_nonterminal_marker,1,1,0,0
svamp,rl,RLOO,1213,1000,one_invalid_or_nonterminal_marker,1,1,1,0
svamp,rl,RLOO,1217,1000,strict_correct,0,0,0,0
svamp,rl,RLOO,1217,1000,strict_correct,0,0,1,0
svamp,rl,RLOO,1217,1000,strict_correct,0,1,0,0
svamp,rl,RLOO,1217,1000,strict_correct,0,1,1,0
svamp,rl,RLOO,1217,1000,strict_correct,1,0,0,0
svamp,rl,RLOO,1217,1000,strict_correct,1,0,1,0
svamp,rl,RLOO,1217,1000,strict_correct,1,1,0,843
svamp,rl,RLOO,1217,1000,strict_correct,1,1,1,0
svamp,rl,RLOO,1217,1000,strict_valid_wrong,0,0,0,0
svamp,rl,RLOO,1217,1000,strict_valid_wrong,0,0,1,0
svamp,rl,RLOO,1217,1000,strict_valid_wrong,0,1,0,135
svamp,rl,RLOO,1217,1000,strict_valid_wrong,0,1,1,0
svamp,rl,RLOO,1217,1000,strict_valid_wrong,1,0,0,0
svamp,rl,RLOO,1217,1000,strict_valid_wrong,1,0,1,0
svamp,rl,RLOO,1217,1000,strict_valid_wrong,1,1,0,0
svamp,rl,RLOO,1217,1000,strict_valid_wrong,1,1,1,0
svamp,rl,RLOO,1217,1000,missing_marker,0,0,0,0
svamp,rl,RLOO,1217,1000,missing_marker,0,0,1,3
svamp,rl,RLOO,1217,1000,missing_marker,0,1,0,0
svamp,rl,RLOO,1217,1000,missing_marker,0,1,1,0
svamp,rl,RLOO,1217,1000,missing_marker,1,0,0,0
svamp,rl,RLOO,1217,1000,missing_marker,1,0,1,0
svamp,rl,RLOO,1217,1000,missing_marker,1,1,0,0
svamp,rl,RLOO,1217,1000,missing_marker,1,1,1,0
svamp,rl,RLOO,1217,1000,multiple_markers,0,0,0,0
svamp,rl,RLOO,1217,1000,multiple_markers,0,0,1,0
svamp,rl,RLOO,1217,1000,multiple_markers,0,1,0,0
svamp,rl,RLOO,1217,1000,multiple_markers,0,1,1,0
svamp,rl,RLOO,1217,1000,multiple_markers,1,0,0,0
svamp,rl,RLOO,1217,1000,multiple_markers,1,0,1,0
svamp,rl,RLOO,1217,1000,multiple_markers,1,1,0,0
svamp,rl,RLOO,1217,1000,multiple_markers,1,1,1,0
svamp,rl,RLOO,1217,1000,one_invalid_or_nonterminal_marker,0,0,0,0
svamp,rl,RLOO,1217,1000,one_invalid_or_nonterminal_marker,0,0,1,0
svamp,rl,RLOO,1217,1000,one_invalid_or_nonterminal_marker,0,1,0,18
svamp,rl,RLOO,1217,1000,one_invalid_or_nonterminal_marker,0,1,1,0
svamp,rl,RLOO,1217,1000,one_invalid_or_nonterminal_marker,1,0,0,0
svamp,rl,RLOO,1217,1000,one_invalid_or_nonterminal_marker,1,0,1,0
svamp,rl,RLOO,1217,1000,one_invalid_or_nonterminal_marker,1,1,0,1
svamp,rl,RLOO,1217,1000,one_invalid_or_nonterminal_marker,1,1,1,0
svamp,rl,RLOO,1223,1000,strict_correct,0,0,0,0
svamp,rl,RLOO,1223,1000,strict_correct,0,0,1,0
svamp,rl,RLOO,1223,1000,strict_correct,0,1,0,0
svamp,rl,RLOO,1223,1000,strict_correct,0,1,1,0
svamp,rl,RLOO,1223,1000,strict_correct,1,0,0,0
svamp,rl,RLOO,1223,1000,strict_correct,1,0,1,0
svamp,rl,RLOO,1223,1000,strict_correct,1,1,0,811
svamp,rl,RLOO,1223,1000,strict_correct,1,1,1,0
svamp,rl,RLOO,1223,1000,strict_valid_wrong,0,0,0,0
svamp,rl,RLOO,1223,1000,strict_valid_wrong,0,0,1,0
svamp,rl,RLOO,1223,1000,strict_valid_wrong,0,1,0,166
svamp,rl,RLOO,1223,1000,strict_valid_wrong,0,1,1,0
svamp,rl,RLOO,1223,1000,strict_valid_wrong,1,0,0,0
svamp,rl,RLOO,1223,1000,strict_valid_wrong,1,0,1,0
svamp,rl,RLOO,1223,1000,strict_valid_wrong,1,1,0,0
svamp,rl,RLOO,1223,1000,strict_valid_wrong,1,1,1,0
svamp,rl,RLOO,1223,1000,missing_marker,0,0,0,0
svamp,rl,RLOO,1223,1000,missing_marker,0,0,1,3
svamp,rl,RLOO,1223,1000,missing_marker,0,1,0,0
svamp,rl,RLOO,1223,1000,missing_marker,0,1,1,0
svamp,rl,RLOO,1223,1000,missing_marker,1,0,0,0
svamp,rl,RLOO,1223,1000,missing_marker,1,0,1,1
svamp,rl,RLOO,1223,1000,missing_marker,1,1,0,1
svamp,rl,RLOO,1223,1000,missing_marker,1,1,1,0
svamp,rl,RLOO,1223,1000,multiple_markers,0,0,0,0
svamp,rl,RLOO,1223,1000,multiple_markers,0,0,1,0
svamp,rl,RLOO,1223,1000,multiple_markers,0,1,0,0
svamp,rl,RLOO,1223,1000,multiple_markers,0,1,1,0
svamp,rl,RLOO,1223,1000,multiple_markers,1,0,0,0
svamp,rl,RLOO,1223,1000,multiple_markers,1,0,1,0
svamp,rl,RLOO,1223,1000,multiple_markers,1,1,0,0
svamp,rl,RLOO,1223,1000,multiple_markers,1,1,1,0
svamp,rl,RLOO,1223,1000,one_invalid_or_nonterminal_marker,0,0,0,0
svamp,rl,RLOO,1223,1000,one_invalid_or_nonterminal_marker,0,0,1,0
svamp,rl,RLOO,1223,1000,one_invalid_or_nonterminal_marker,0,1,0,15
svamp,rl,RLOO,1223,1000,one_invalid_or_nonterminal_marker,0,1,1,0
svamp,rl,RLOO,1223,1000,one_invalid_or_nonterminal_marker,1,0,0,0
svamp,rl,RLOO,1223,1000,one_invalid_or_nonterminal_marker,1,0,1,0
svamp,rl,RLOO,1223,1000,one_invalid_or_nonterminal_marker,1,1,0,3
svamp,rl,RLOO,1223,1000,one_invalid_or_nonterminal_marker,1,1,1,0
svamp,rl,RLOO,1229,1000,strict_correct,0,0,0,0
svamp,rl,RLOO,1229,1000,strict_correct,0,0,1,0
svamp,rl,RLOO,1229,1000,strict_correct,0,1,0,0
svamp,rl,RLOO,1229,1000,strict_correct,0,1,1,0
svamp,rl,RLOO,1229,1000,strict_correct,1,0,0,0
svamp,rl,RLOO,1229,1000,strict_correct,1,0,1,0
svamp,rl,RLOO,1229,1000,strict_correct,1,1,0,810
svamp,rl,RLOO,1229,1000,strict_correct,1,1,1,0
svamp,rl,RLOO,1229,1000,strict_valid_wrong,0,0,0,0
svamp,rl,RLOO,1229,1000,strict_valid_wrong,0,0,1,0
svamp,rl,RLOO,1229,1000,strict_valid_wrong,0,1,0,168
svamp,rl,RLOO,1229,1000,strict_valid_wrong,0,1,1,0
svamp,rl,RLOO,1229,1000,strict_valid_wrong,1,0,0,0
svamp,rl,RLOO,1229,1000,strict_valid_wrong,1,0,1,0
svamp,rl,RLOO,1229,1000,strict_valid_wrong,1,1,0,0
svamp,rl,RLOO,1229,1000,strict_valid_wrong,1,1,1,0
svamp,rl,RLOO,1229,1000,missing_marker,0,0,0,0
svamp,rl,RLOO,1229,1000,missing_marker,0,0,1,3
svamp,rl,RLOO,1229,1000,missing_marker,0,1,0,1
svamp,rl,RLOO,1229,1000,missing_marker,0,1,1,0
svamp,rl,RLOO,1229,1000,missing_marker,1,0,0,0
svamp,rl,RLOO,1229,1000,missing_marker,1,0,1,0
svamp,rl,RLOO,1229,1000,missing_marker,1,1,0,1
svamp,rl,RLOO,1229,1000,missing_marker,1,1,1,0
svamp,rl,RLOO,1229,1000,multiple_markers,0,0,0,0
svamp,rl,RLOO,1229,1000,multiple_markers,0,0,1,0
svamp,rl,RLOO,1229,1000,multiple_markers,0,1,0,0
svamp,rl,RLOO,1229,1000,multiple_markers,0,1,1,0
svamp,rl,RLOO,1229,1000,multiple_markers,1,0,0,0
svamp,rl,RLOO,1229,1000,multiple_markers,1,0,1,0
svamp,rl,RLOO,1229,1000,multiple_markers,1,1,0,0
svamp,rl,RLOO,1229,1000,multiple_markers,1,1,1,0
svamp,rl,RLOO,1229,1000,one_invalid_or_nonterminal_marker,0,0,0,0
svamp,rl,RLOO,1229,1000,one_invalid_or_nonterminal_marker,0,0,1,0
svamp,rl,RLOO,1229,1000,one_invalid_or_nonterminal_marker,0,1,0,16
svamp,rl,RLOO,1229,1000,one_invalid_or_nonterminal_marker,0,1,1,0
svamp,rl,RLOO,1229,1000,one_invalid_or_nonterminal_marker,1,0,0,0
svamp,rl,RLOO,1229,1000,one_invalid_or_nonterminal_marker,1,0,1,0
svamp,rl,RLOO,1229,1000,one_invalid_or_nonterminal_marker,1,1,0,1
svamp,rl,RLOO,1229,1000,one_invalid_or_nonterminal_marker,1,1,1,0
svamp,rl,RLOO,1231,1000,strict_correct,0,0,0,0
svamp,rl,RLOO,1231,1000,strict_correct,0,0,1,0
svamp,rl,RLOO,1231,1000,strict_correct,0,1,0,0
svamp,rl,RLOO,1231,1000,strict_correct,0,1,1,0
svamp,rl,RLOO,1231,1000,strict_correct,1,0,0,0
svamp,rl,RLOO,1231,1000,strict_correct,1,0,1,0
svamp,rl,RLOO,1231,1000,strict_correct,1,1,0,766
svamp,rl,RLOO,1231,1000,strict_correct,1,1,1,0
svamp,rl,RLOO,1231,1000,strict_valid_wrong,0,0,0,0
svamp,rl,RLOO,1231,1000,strict_valid_wrong,0,0,1,0
svamp,rl,RLOO,1231,1000,strict_valid_wrong,0,1,0,220
svamp,rl,RLOO,1231,1000,strict_valid_wrong,0,1,1,0
svamp,rl,RLOO,1231,1000,strict_valid_wrong,1,0,0,0
svamp,rl,RLOO,1231,1000,strict_valid_wrong,1,0,1,0
svamp,rl,RLOO,1231,1000,strict_valid_wrong,1,1,0,0
svamp,rl,RLOO,1231,1000,strict_valid_wrong,1,1,1,0
svamp,rl,RLOO,1231,1000,missing_marker,0,0,0,0
svamp,rl,RLOO,1231,1000,missing_marker,0,0,1,0
svamp,rl,RLOO,1231,1000,missing_marker,0,1,0,1
svamp,rl,RLOO,1231,1000,missing_marker,0,1,1,0
svamp,rl,RLOO,1231,1000,missing_marker,1,0,0,0
svamp,rl,RLOO,1231,1000,missing_marker,1,0,1,0
svamp,rl,RLOO,1231,1000,missing_marker,1,1,0,0
svamp,rl,RLOO,1231,1000,missing_marker,1,1,1,0
svamp,rl,RLOO,1231,1000,multiple_markers,0,0,0,0
svamp,rl,RLOO,1231,1000,multiple_markers,0,0,1,0
svamp,rl,RLOO,1231,1000,multiple_markers,0,1,0,0
svamp,rl,RLOO,1231,1000,multiple_markers,0,1,1,0
svamp,rl,RLOO,1231,1000,multiple_markers,1,0,0,0
svamp,rl,RLOO,1231,1000,multiple_markers,1,0,1,0
svamp,rl,RLOO,1231,1000,multiple_markers,1,1,0,0
svamp,rl,RLOO,1231,1000,multiple_markers,1,1,1,0
svamp,rl,RLOO,1231,1000,one_invalid_or_nonterminal_marker,0,0,0,0
svamp,rl,RLOO,1231,1000,one_invalid_or_nonterminal_marker,0,0,1,0
svamp,rl,RLOO,1231,1000,one_invalid_or_nonterminal_marker,0,1,0,12
svamp,rl,RLOO,1231,1000,one_invalid_or_nonterminal_marker,0,1,1,0
svamp,rl,RLOO,1231,1000,one_invalid_or_nonterminal_marker,1,0,0,0
svamp,rl,RLOO,1231,1000,one_invalid_or_nonterminal_marker,1,0,1,0
svamp,rl,RLOO,1231,1000,one_invalid_or_nonterminal_marker,1,1,0,1
svamp,rl,RLOO,1231,1000,one_invalid_or_nonterminal_marker,1,1,1,0
svamp,rl,RLOO,1237,1000,strict_correct,0,0,0,0
svamp,rl,RLOO,1237,1000,strict_correct,0,0,1,0
svamp,rl,RLOO,1237,1000,strict_correct,0,1,0,0
svamp,rl,RLOO,1237,1000,strict_correct,0,1,1,0
svamp,rl,RLOO,1237,1000,strict_correct,1,0,0,0
svamp,rl,RLOO,1237,1000,strict_correct,1,0,1,0
svamp,rl,RLOO,1237,1000,strict_correct,1,1,0,789
svamp,rl,RLOO,1237,1000,strict_correct,1,1,1,0
svamp,rl,RLOO,1237,1000,strict_valid_wrong,0,0,0,0
svamp,rl,RLOO,1237,1000,strict_valid_wrong,0,0,1,0
svamp,rl,RLOO,1237,1000,strict_valid_wrong,0,1,0,187
svamp,rl,RLOO,1237,1000,strict_valid_wrong,0,1,1,0
svamp,rl,RLOO,1237,1000,strict_valid_wrong,1,0,0,0
svamp,rl,RLOO,1237,1000,strict_valid_wrong,1,0,1,0
svamp,rl,RLOO,1237,1000,strict_valid_wrong,1,1,0,0
svamp,rl,RLOO,1237,1000,strict_valid_wrong,1,1,1,0
svamp,rl,RLOO,1237,1000,missing_marker,0,0,0,0
svamp,rl,RLOO,1237,1000,missing_marker,0,0,1,1
svamp,rl,RLOO,1237,1000,missing_marker,0,1,0,5
svamp,rl,RLOO,1237,1000,missing_marker,0,1,1,0
svamp,rl,RLOO,1237,1000,missing_marker,1,0,0,0
svamp,rl,RLOO,1237,1000,missing_marker,1,0,1,0
svamp,rl,RLOO,1237,1000,missing_marker,1,1,0,4
svamp,rl,RLOO,1237,1000,missing_marker,1,1,1,0
svamp,rl,RLOO,1237,1000,multiple_markers,0,0,0,0
svamp,rl,RLOO,1237,1000,multiple_markers,0,0,1,0
svamp,rl,RLOO,1237,1000,multiple_markers,0,1,0,0
svamp,rl,RLOO,1237,1000,multiple_markers,0,1,1,0
svamp,rl,RLOO,1237,1000,multiple_markers,1,0,0,0
svamp,rl,RLOO,1237,1000,multiple_markers,1,0,1,0
svamp,rl,RLOO,1237,1000,multiple_markers,1,1,0,0
svamp,rl,RLOO,1237,1000,multiple_markers,1,1,1,0
svamp,rl,RLOO,1237,1000,one_invalid_or_nonterminal_marker,0,0,0,0
svamp,rl,RLOO,1237,1000,one_invalid_or_nonterminal_marker,0,0,1,0
svamp,rl,RLOO,1237,1000,one_invalid_or_nonterminal_marker,0,1,0,14
svamp,rl,RLOO,1237,1000,one_invalid_or_nonterminal_marker,0,1,1,0
svamp,rl,RLOO,1237,1000,one_invalid_or_nonterminal_marker,1,0,0,0
svamp,rl,RLOO,1237,1000,one_invalid_or_nonterminal_marker,1,0,1,0
svamp,rl,RLOO,1237,1000,one_invalid_or_nonterminal_marker,1,1,0,0
svamp,rl,RLOO,1237,1000,one_invalid_or_nonterminal_marker,1,1,1,0
math_500,frozen_base,base,1201,500,strict_correct,0,0,0,0
math_500,frozen_base,base,1201,500,strict_correct,0,0,1,0
math_500,frozen_base,base,1201,500,strict_correct,0,1,0,0
math_500,frozen_base,base,1201,500,strict_correct,0,1,1,0
math_500,frozen_base,base,1201,500,strict_correct,1,0,0,0
math_500,frozen_base,base,1201,500,strict_correct,1,0,1,0
math_500,frozen_base,base,1201,500,strict_correct,1,1,0,86
math_500,frozen_base,base,1201,500,strict_correct,1,1,1,0
math_500,frozen_base,base,1201,500,strict_valid_wrong,0,0,0,0
math_500,frozen_base,base,1201,500,strict_valid_wrong,0,0,1,1
math_500,frozen_base,base,1201,500,strict_valid_wrong,0,1,0,90
math_500,frozen_base,base,1201,500,strict_valid_wrong,0,1,1,0
math_500,frozen_base,base,1201,500,strict_valid_wrong,1,0,0,0
math_500,frozen_base,base,1201,500,strict_valid_wrong,1,0,1,0
math_500,frozen_base,base,1201,500,strict_valid_wrong,1,1,0,0
math_500,frozen_base,base,1201,500,strict_valid_wrong,1,1,1,0
math_500,frozen_base,base,1201,500,missing_marker,0,0,0,0
math_500,frozen_base,base,1201,500,missing_marker,0,0,1,94
math_500,frozen_base,base,1201,500,missing_marker,0,1,0,166
math_500,frozen_base,base,1201,500,missing_marker,0,1,1,0
math_500,frozen_base,base,1201,500,missing_marker,1,0,0,0
math_500,frozen_base,base,1201,500,missing_marker,1,0,1,0
math_500,frozen_base,base,1201,500,missing_marker,1,1,0,62
math_500,frozen_base,base,1201,500,missing_marker,1,1,1,0
math_500,frozen_base,base,1201,500,multiple_markers,0,0,0,0
math_500,frozen_base,base,1201,500,multiple_markers,0,0,1,0
math_500,frozen_base,base,1201,500,multiple_markers,0,1,0,0
math_500,frozen_base,base,1201,500,multiple_markers,0,1,1,0
math_500,frozen_base,base,1201,500,multiple_markers,1,0,0,0
math_500,frozen_base,base,1201,500,multiple_markers,1,0,1,0
math_500,frozen_base,base,1201,500,multiple_markers,1,1,0,0
math_500,frozen_base,base,1201,500,multiple_markers,1,1,1,0
math_500,frozen_base,base,1201,500,one_invalid_or_nonterminal_marker,0,0,0,0
math_500,frozen_base,base,1201,500,one_invalid_or_nonterminal_marker,0,0,1,1
math_500,frozen_base,base,1201,500,one_invalid_or_nonterminal_marker,0,1,0,0
math_500,frozen_base,base,1201,500,one_invalid_or_nonterminal_marker,0,1,1,0
math_500,frozen_base,base,1201,500,one_invalid_or_nonterminal_marker,1,0,0,0
math_500,frozen_base,base,1201,500,one_invalid_or_nonterminal_marker,1,0,1,0
math_500,frozen_base,base,1201,500,one_invalid_or_nonterminal_marker,1,1,0,0
math_500,frozen_base,base,1201,500,one_invalid_or_nonterminal_marker,1,1,1,0
math_500,frozen_base,base,1213,500,strict_correct,0,0,0,0
math_500,frozen_base,base,1213,500,strict_correct,0,0,1,0
math_500,frozen_base,base,1213,500,strict_correct,0,1,0,0
math_500,frozen_base,base,1213,500,strict_correct,0,1,1,0
math_500,frozen_base,base,1213,500,strict_correct,1,0,0,0
math_500,frozen_base,base,1213,500,strict_correct,1,0,1,0
math_500,frozen_base,base,1213,500,strict_correct,1,1,0,127
math_500,frozen_base,base,1213,500,strict_correct,1,1,1,0
math_500,frozen_base,base,1213,500,strict_valid_wrong,0,0,0,0
math_500,frozen_base,base,1213,500,strict_valid_wrong,0,0,1,0
math_500,frozen_base,base,1213,500,strict_valid_wrong,0,1,0,153
math_500,frozen_base,base,1213,500,strict_valid_wrong,0,1,1,0
math_500,frozen_base,base,1213,500,strict_valid_wrong,1,0,0,0
math_500,frozen_base,base,1213,500,strict_valid_wrong,1,0,1,0
math_500,frozen_base,base,1213,500,strict_valid_wrong,1,1,0,0
math_500,frozen_base,base,1213,500,strict_valid_wrong,1,1,1,0
math_500,frozen_base,base,1213,500,missing_marker,0,0,0,0
math_500,frozen_base,base,1213,500,missing_marker,0,0,1,86
math_500,frozen_base,base,1213,500,missing_marker,0,1,0,95
math_500,frozen_base,base,1213,500,missing_marker,0,1,1,0
math_500,frozen_base,base,1213,500,missing_marker,1,0,0,0
math_500,frozen_base,base,1213,500,missing_marker,1,0,1,0
math_500,frozen_base,base,1213,500,missing_marker,1,1,0,37
math_500,frozen_base,base,1213,500,missing_marker,1,1,1,0
math_500,frozen_base,base,1213,500,multiple_markers,0,0,0,0
math_500,frozen_base,base,1213,500,multiple_markers,0,0,1,1
math_500,frozen_base,base,1213,500,multiple_markers,0,1,0,0
math_500,frozen_base,base,1213,500,multiple_markers,0,1,1,0
math_500,frozen_base,base,1213,500,multiple_markers,1,0,0,0
math_500,frozen_base,base,1213,500,multiple_markers,1,0,1,0
math_500,frozen_base,base,1213,500,multiple_markers,1,1,0,0
math_500,frozen_base,base,1213,500,multiple_markers,1,1,1,0
math_500,frozen_base,base,1213,500,one_invalid_or_nonterminal_marker,0,0,0,0
math_500,frozen_base,base,1213,500,one_invalid_or_nonterminal_marker,0,0,1,1
math_500,frozen_base,base,1213,500,one_invalid_or_nonterminal_marker,0,1,0,0
math_500,frozen_base,base,1213,500,one_invalid_or_nonterminal_marker,0,1,1,0
math_500,frozen_base,base,1213,500,one_invalid_or_nonterminal_marker,1,0,0,0
math_500,frozen_base,base,1213,500,one_invalid_or_nonterminal_marker,1,0,1,0
math_500,frozen_base,base,1213,500,one_invalid_or_nonterminal_marker,1,1,0,0
math_500,frozen_base,base,1213,500,one_invalid_or_nonterminal_marker,1,1,1,0
math_500,frozen_base,base,1217,500,strict_correct,0,0,0,0
math_500,frozen_base,base,1217,500,strict_correct,0,0,1,0
math_500,frozen_base,base,1217,500,strict_correct,0,1,0,0
math_500,frozen_base,base,1217,500,strict_correct,0,1,1,0
math_500,frozen_base,base,1217,500,strict_correct,1,0,0,0
math_500,frozen_base,base,1217,500,strict_correct,1,0,1,0
math_500,frozen_base,base,1217,500,strict_correct,1,1,0,66
math_500,frozen_base,base,1217,500,strict_correct,1,1,1,0
math_500,frozen_base,base,1217,500,strict_valid_wrong,0,0,0,0
math_500,frozen_base,base,1217,500,strict_valid_wrong,0,0,1,0
math_500,frozen_base,base,1217,500,strict_valid_wrong,0,1,0,78
math_500,frozen_base,base,1217,500,strict_valid_wrong,0,1,1,0
math_500,frozen_base,base,1217,500,strict_valid_wrong,1,0,0,0
math_500,frozen_base,base,1217,500,strict_valid_wrong,1,0,1,0
math_500,frozen_base,base,1217,500,strict_valid_wrong,1,1,0,0
math_500,frozen_base,base,1217,500,strict_valid_wrong,1,1,1,0
math_500,frozen_base,base,1217,500,missing_marker,0,0,0,0
math_500,frozen_base,base,1217,500,missing_marker,0,0,1,99
math_500,frozen_base,base,1217,500,missing_marker,0,1,0,169
math_500,frozen_base,base,1217,500,missing_marker,0,1,1,0
math_500,frozen_base,base,1217,500,missing_marker,1,0,0,0
math_500,frozen_base,base,1217,500,missing_marker,1,0,1,0
math_500,frozen_base,base,1217,500,missing_marker,1,1,0,84
math_500,frozen_base,base,1217,500,missing_marker,1,1,1,0
math_500,frozen_base,base,1217,500,multiple_markers,0,0,0,0
math_500,frozen_base,base,1217,500,multiple_markers,0,0,1,4
math_500,frozen_base,base,1217,500,multiple_markers,0,1,0,0
math_500,frozen_base,base,1217,500,multiple_markers,0,1,1,0
math_500,frozen_base,base,1217,500,multiple_markers,1,0,0,0
math_500,frozen_base,base,1217,500,multiple_markers,1,0,1,0
math_500,frozen_base,base,1217,500,multiple_markers,1,1,0,0
math_500,frozen_base,base,1217,500,multiple_markers,1,1,1,0
math_500,frozen_base,base,1217,500,one_invalid_or_nonterminal_marker,0,0,0,0
math_500,frozen_base,base,1217,500,one_invalid_or_nonterminal_marker,0,0,1,0
math_500,frozen_base,base,1217,500,one_invalid_or_nonterminal_marker,0,1,0,0
math_500,frozen_base,base,1217,500,one_invalid_or_nonterminal_marker,0,1,1,0
math_500,frozen_base,base,1217,500,one_invalid_or_nonterminal_marker,1,0,0,0
math_500,frozen_base,base,1217,500,one_invalid_or_nonterminal_marker,1,0,1,0
math_500,frozen_base,base,1217,500,one_invalid_or_nonterminal_marker,1,1,0,0
math_500,frozen_base,base,1217,500,one_invalid_or_nonterminal_marker,1,1,1,0
math_500,frozen_base,base,1223,500,strict_correct,0,0,0,0
math_500,frozen_base,base,1223,500,strict_correct,0,0,1,0
math_500,frozen_base,base,1223,500,strict_correct,0,1,0,0
math_500,frozen_base,base,1223,500,strict_correct,0,1,1,0
math_500,frozen_base,base,1223,500,strict_correct,1,0,0,0
math_500,frozen_base,base,1223,500,strict_correct,1,0,1,0
math_500,frozen_base,base,1223,500,strict_correct,1,1,0,86
math_500,frozen_base,base,1223,500,strict_correct,1,1,1,0
math_500,frozen_base,base,1223,500,strict_valid_wrong,0,0,0,0
math_500,frozen_base,base,1223,500,strict_valid_wrong,0,0,1,0
math_500,frozen_base,base,1223,500,strict_valid_wrong,0,1,0,95
math_500,frozen_base,base,1223,500,strict_valid_wrong,0,1,1,0
math_500,frozen_base,base,1223,500,strict_valid_wrong,1,0,0,0
math_500,frozen_base,base,1223,500,strict_valid_wrong,1,0,1,0
math_500,frozen_base,base,1223,500,strict_valid_wrong,1,1,0,0
math_500,frozen_base,base,1223,500,strict_valid_wrong,1,1,1,0
math_500,frozen_base,base,1223,500,missing_marker,0,0,0,0
math_500,frozen_base,base,1223,500,missing_marker,0,0,1,100
math_500,frozen_base,base,1223,500,missing_marker,0,1,0,155
math_500,frozen_base,base,1223,500,missing_marker,0,1,1,0
math_500,frozen_base,base,1223,500,missing_marker,1,0,0,0
math_500,frozen_base,base,1223,500,missing_marker,1,0,1,0
math_500,frozen_base,base,1223,500,missing_marker,1,1,0,63
math_500,frozen_base,base,1223,500,missing_marker,1,1,1,0
math_500,frozen_base,base,1223,500,multiple_markers,0,0,0,0
math_500,frozen_base,base,1223,500,multiple_markers,0,0,1,1
math_500,frozen_base,base,1223,500,multiple_markers,0,1,0,0
math_500,frozen_base,base,1223,500,multiple_markers,0,1,1,0
math_500,frozen_base,base,1223,500,multiple_markers,1,0,0,0
math_500,frozen_base,base,1223,500,multiple_markers,1,0,1,0
math_500,frozen_base,base,1223,500,multiple_markers,1,1,0,0
math_500,frozen_base,base,1223,500,multiple_markers,1,1,1,0
math_500,frozen_base,base,1223,500,one_invalid_or_nonterminal_marker,0,0,0,0
math_500,frozen_base,base,1223,500,one_invalid_or_nonterminal_marker,0,0,1,0
math_500,frozen_base,base,1223,500,one_invalid_or_nonterminal_marker,0,1,0,0
math_500,frozen_base,base,1223,500,one_invalid_or_nonterminal_marker,0,1,1,0
math_500,frozen_base,base,1223,500,one_invalid_or_nonterminal_marker,1,0,0,0
math_500,frozen_base,base,1223,500,one_invalid_or_nonterminal_marker,1,0,1,0
math_500,frozen_base,base,1223,500,one_invalid_or_nonterminal_marker,1,1,0,0
math_500,frozen_base,base,1223,500,one_invalid_or_nonterminal_marker,1,1,1,0
math_500,frozen_base,base,1229,500,strict_correct,0,0,0,0
math_500,frozen_base,base,1229,500,strict_correct,0,0,1,0
math_500,frozen_base,base,1229,500,strict_correct,0,1,0,0
math_500,frozen_base,base,1229,500,strict_correct,0,1,1,0
math_500,frozen_base,base,1229,500,strict_correct,1,0,0,0
math_500,frozen_base,base,1229,500,strict_correct,1,0,1,0
math_500,frozen_base,base,1229,500,strict_correct,1,1,0,40
math_500,frozen_base,base,1229,500,strict_correct,1,1,1,0
math_500,frozen_base,base,1229,500,strict_valid_wrong,0,0,0,0
math_500,frozen_base,base,1229,500,strict_valid_wrong,0,0,1,0
math_500,frozen_base,base,1229,500,strict_valid_wrong,0,1,0,59
math_500,frozen_base,base,1229,500,strict_valid_wrong,0,1,1,0
math_500,frozen_base,base,1229,500,strict_valid_wrong,1,0,0,0
math_500,frozen_base,base,1229,500,strict_valid_wrong,1,0,1,0
math_500,frozen_base,base,1229,500,strict_valid_wrong,1,1,0,0
math_500,frozen_base,base,1229,500,strict_valid_wrong,1,1,1,0
math_500,frozen_base,base,1229,500,missing_marker,0,0,0,0
math_500,frozen_base,base,1229,500,missing_marker,0,0,1,92
math_500,frozen_base,base,1229,500,missing_marker,0,1,0,236
math_500,frozen_base,base,1229,500,missing_marker,0,1,1,0
math_500,frozen_base,base,1229,500,missing_marker,1,0,0,0
math_500,frozen_base,base,1229,500,missing_marker,1,0,1,0
math_500,frozen_base,base,1229,500,missing_marker,1,1,0,72
math_500,frozen_base,base,1229,500,missing_marker,1,1,1,0
math_500,frozen_base,base,1229,500,multiple_markers,0,0,0,0
math_500,frozen_base,base,1229,500,multiple_markers,0,0,1,1
math_500,frozen_base,base,1229,500,multiple_markers,0,1,0,0
math_500,frozen_base,base,1229,500,multiple_markers,0,1,1,0
math_500,frozen_base,base,1229,500,multiple_markers,1,0,0,0
math_500,frozen_base,base,1229,500,multiple_markers,1,0,1,0
math_500,frozen_base,base,1229,500,multiple_markers,1,1,0,0
math_500,frozen_base,base,1229,500,multiple_markers,1,1,1,0
math_500,frozen_base,base,1229,500,one_invalid_or_nonterminal_marker,0,0,0,0
math_500,frozen_base,base,1229,500,one_invalid_or_nonterminal_marker,0,0,1,0
math_500,frozen_base,base,1229,500,one_invalid_or_nonterminal_marker,0,1,0,0
math_500,frozen_base,base,1229,500,one_invalid_or_nonterminal_marker,0,1,1,0
math_500,frozen_base,base,1229,500,one_invalid_or_nonterminal_marker,1,0,0,0
math_500,frozen_base,base,1229,500,one_invalid_or_nonterminal_marker,1,0,1,0
math_500,frozen_base,base,1229,500,one_invalid_or_nonterminal_marker,1,1,0,0
math_500,frozen_base,base,1229,500,one_invalid_or_nonterminal_marker,1,1,1,0
math_500,frozen_base,base,1231,500,strict_correct,0,0,0,0
math_500,frozen_base,base,1231,500,strict_correct,0,0,1,0
math_500,frozen_base,base,1231,500,strict_correct,0,1,0,0
math_500,frozen_base,base,1231,500,strict_correct,0,1,1,0
math_500,frozen_base,base,1231,500,strict_correct,1,0,0,0
math_500,frozen_base,base,1231,500,strict_correct,1,0,1,0
math_500,frozen_base,base,1231,500,strict_correct,1,1,0,74
math_500,frozen_base,base,1231,500,strict_correct,1,1,1,0
math_500,frozen_base,base,1231,500,strict_valid_wrong,0,0,0,0
math_500,frozen_base,base,1231,500,strict_valid_wrong,0,0,1,0
math_500,frozen_base,base,1231,500,strict_valid_wrong,0,1,0,67
math_500,frozen_base,base,1231,500,strict_valid_wrong,0,1,1,0
math_500,frozen_base,base,1231,500,strict_valid_wrong,1,0,0,0
math_500,frozen_base,base,1231,500,strict_valid_wrong,1,0,1,0
math_500,frozen_base,base,1231,500,strict_valid_wrong,1,1,0,0
math_500,frozen_base,base,1231,500,strict_valid_wrong,1,1,1,0
math_500,frozen_base,base,1231,500,missing_marker,0,0,0,0
math_500,frozen_base,base,1231,500,missing_marker,0,0,1,111
math_500,frozen_base,base,1231,500,missing_marker,0,1,0,180
math_500,frozen_base,base,1231,500,missing_marker,0,1,1,0
math_500,frozen_base,base,1231,500,missing_marker,1,0,0,0
math_500,frozen_base,base,1231,500,missing_marker,1,0,1,0
math_500,frozen_base,base,1231,500,missing_marker,1,1,0,65
math_500,frozen_base,base,1231,500,missing_marker,1,1,1,0
math_500,frozen_base,base,1231,500,multiple_markers,0,0,0,0
math_500,frozen_base,base,1231,500,multiple_markers,0,0,1,1
math_500,frozen_base,base,1231,500,multiple_markers,0,1,0,0
math_500,frozen_base,base,1231,500,multiple_markers,0,1,1,0
math_500,frozen_base,base,1231,500,multiple_markers,1,0,0,0
math_500,frozen_base,base,1231,500,multiple_markers,1,0,1,0
math_500,frozen_base,base,1231,500,multiple_markers,1,1,0,0
math_500,frozen_base,base,1231,500,multiple_markers,1,1,1,0
math_500,frozen_base,base,1231,500,one_invalid_or_nonterminal_marker,0,0,0,0
math_500,frozen_base,base,1231,500,one_invalid_or_nonterminal_marker,0,0,1,0
math_500,frozen_base,base,1231,500,one_invalid_or_nonterminal_marker,0,1,0,2
math_500,frozen_base,base,1231,500,one_invalid_or_nonterminal_marker,0,1,1,0
math_500,frozen_base,base,1231,500,one_invalid_or_nonterminal_marker,1,0,0,0
math_500,frozen_base,base,1231,500,one_invalid_or_nonterminal_marker,1,0,1,0
math_500,frozen_base,base,1231,500,one_invalid_or_nonterminal_marker,1,1,0,0
math_500,frozen_base,base,1231,500,one_invalid_or_nonterminal_marker,1,1,1,0
math_500,frozen_base,base,1237,500,strict_correct,0,0,0,0
math_500,frozen_base,base,1237,500,strict_correct,0,0,1,0
math_500,frozen_base,base,1237,500,strict_correct,0,1,0,0
math_500,frozen_base,base,1237,500,strict_correct,0,1,1,0
math_500,frozen_base,base,1237,500,strict_correct,1,0,0,0
math_500,frozen_base,base,1237,500,strict_correct,1,0,1,0
math_500,frozen_base,base,1237,500,strict_correct,1,1,0,104
math_500,frozen_base,base,1237,500,strict_correct,1,1,1,0
math_500,frozen_base,base,1237,500,strict_valid_wrong,0,0,0,0
math_500,frozen_base,base,1237,500,strict_valid_wrong,0,0,1,1
math_500,frozen_base,base,1237,500,strict_valid_wrong,0,1,0,119
math_500,frozen_base,base,1237,500,strict_valid_wrong,0,1,1,0
math_500,frozen_base,base,1237,500,strict_valid_wrong,1,0,0,0
math_500,frozen_base,base,1237,500,strict_valid_wrong,1,0,1,0
math_500,frozen_base,base,1237,500,strict_valid_wrong,1,1,0,0
math_500,frozen_base,base,1237,500,strict_valid_wrong,1,1,1,0
math_500,frozen_base,base,1237,500,missing_marker,0,0,0,0
math_500,frozen_base,base,1237,500,missing_marker,0,0,1,94
math_500,frozen_base,base,1237,500,missing_marker,0,1,0,101
math_500,frozen_base,base,1237,500,missing_marker,0,1,1,0
math_500,frozen_base,base,1237,500,missing_marker,1,0,0,0
math_500,frozen_base,base,1237,500,missing_marker,1,0,1,0
math_500,frozen_base,base,1237,500,missing_marker,1,1,0,65
math_500,frozen_base,base,1237,500,missing_marker,1,1,1,0
math_500,frozen_base,base,1237,500,multiple_markers,0,0,0,0
math_500,frozen_base,base,1237,500,multiple_markers,0,0,1,4
math_500,frozen_base,base,1237,500,multiple_markers,0,1,0,3
math_500,frozen_base,base,1237,500,multiple_markers,0,1,1,0
math_500,frozen_base,base,1237,500,multiple_markers,1,0,0,0
math_500,frozen_base,base,1237,500,multiple_markers,1,0,1,0
math_500,frozen_base,base,1237,500,multiple_markers,1,1,0,2
math_500,frozen_base,base,1237,500,multiple_markers,1,1,1,0
math_500,frozen_base,base,1237,500,one_invalid_or_nonterminal_marker,0,0,0,0
math_500,frozen_base,base,1237,500,one_invalid_or_nonterminal_marker,0,0,1,4
math_500,frozen_base,base,1237,500,one_invalid_or_nonterminal_marker,0,1,0,2
math_500,frozen_base,base,1237,500,one_invalid_or_nonterminal_marker,0,1,1,0
math_500,frozen_base,base,1237,500,one_invalid_or_nonterminal_marker,1,0,0,0
math_500,frozen_base,base,1237,500,one_invalid_or_nonterminal_marker,1,0,1,0
math_500,frozen_base,base,1237,500,one_invalid_or_nonterminal_marker,1,1,0,1
math_500,frozen_base,base,1237,500,one_invalid_or_nonterminal_marker,1,1,1,0
math_500,posterior,AC-ALG1,1201,500,strict_correct,0,0,0,0
math_500,posterior,AC-ALG1,1201,500,strict_correct,0,0,1,0
math_500,posterior,AC-ALG1,1201,500,strict_correct,0,1,0,0
math_500,posterior,AC-ALG1,1201,500,strict_correct,0,1,1,0
math_500,posterior,AC-ALG1,1201,500,strict_correct,1,0,0,0
math_500,posterior,AC-ALG1,1201,500,strict_correct,1,0,1,0
math_500,posterior,AC-ALG1,1201,500,strict_correct,1,1,0,137
math_500,posterior,AC-ALG1,1201,500,strict_correct,1,1,1,0
math_500,posterior,AC-ALG1,1201,500,strict_valid_wrong,0,0,0,0
math_500,posterior,AC-ALG1,1201,500,strict_valid_wrong,0,0,1,0
math_500,posterior,AC-ALG1,1201,500,strict_valid_wrong,0,1,0,121
math_500,posterior,AC-ALG1,1201,500,strict_valid_wrong,0,1,1,0
math_500,posterior,AC-ALG1,1201,500,strict_valid_wrong,1,0,0,0
math_500,posterior,AC-ALG1,1201,500,strict_valid_wrong,1,0,1,0
math_500,posterior,AC-ALG1,1201,500,strict_valid_wrong,1,1,0,0
math_500,posterior,AC-ALG1,1201,500,strict_valid_wrong,1,1,1,0
math_500,posterior,AC-ALG1,1201,500,missing_marker,0,0,0,0
math_500,posterior,AC-ALG1,1201,500,missing_marker,0,0,1,113
math_500,posterior,AC-ALG1,1201,500,missing_marker,0,1,0,92
math_500,posterior,AC-ALG1,1201,500,missing_marker,0,1,1,0
math_500,posterior,AC-ALG1,1201,500,missing_marker,1,0,0,0
math_500,posterior,AC-ALG1,1201,500,missing_marker,1,0,1,0
math_500,posterior,AC-ALG1,1201,500,missing_marker,1,1,0,37
math_500,posterior,AC-ALG1,1201,500,missing_marker,1,1,1,0
math_500,posterior,AC-ALG1,1201,500,multiple_markers,0,0,0,0
math_500,posterior,AC-ALG1,1201,500,multiple_markers,0,0,1,0
math_500,posterior,AC-ALG1,1201,500,multiple_markers,0,1,0,0
math_500,posterior,AC-ALG1,1201,500,multiple_markers,0,1,1,0
math_500,posterior,AC-ALG1,1201,500,multiple_markers,1,0,0,0
math_500,posterior,AC-ALG1,1201,500,multiple_markers,1,0,1,0
math_500,posterior,AC-ALG1,1201,500,multiple_markers,1,1,0,0
math_500,posterior,AC-ALG1,1201,500,multiple_markers,1,1,1,0
math_500,posterior,AC-ALG1,1201,500,one_invalid_or_nonterminal_marker,0,0,0,0
math_500,posterior,AC-ALG1,1201,500,one_invalid_or_nonterminal_marker,0,0,1,0
math_500,posterior,AC-ALG1,1201,500,one_invalid_or_nonterminal_marker,0,1,0,0
math_500,posterior,AC-ALG1,1201,500,one_invalid_or_nonterminal_marker,0,1,1,0
math_500,posterior,AC-ALG1,1201,500,one_invalid_or_nonterminal_marker,1,0,0,0
math_500,posterior,AC-ALG1,1201,500,one_invalid_or_nonterminal_marker,1,0,1,0
math_500,posterior,AC-ALG1,1201,500,one_invalid_or_nonterminal_marker,1,1,0,0
math_500,posterior,AC-ALG1,1201,500,one_invalid_or_nonterminal_marker,1,1,1,0
math_500,posterior,AC-ALG1,1213,500,strict_correct,0,0,0,0
math_500,posterior,AC-ALG1,1213,500,strict_correct,0,0,1,0
math_500,posterior,AC-ALG1,1213,500,strict_correct,0,1,0,0
math_500,posterior,AC-ALG1,1213,500,strict_correct,0,1,1,0
math_500,posterior,AC-ALG1,1213,500,strict_correct,1,0,0,0
math_500,posterior,AC-ALG1,1213,500,strict_correct,1,0,1,0
math_500,posterior,AC-ALG1,1213,500,strict_correct,1,1,0,104
math_500,posterior,AC-ALG1,1213,500,strict_correct,1,1,1,0
math_500,posterior,AC-ALG1,1213,500,strict_valid_wrong,0,0,0,0
math_500,posterior,AC-ALG1,1213,500,strict_valid_wrong,0,0,1,2
math_500,posterior,AC-ALG1,1213,500,strict_valid_wrong,0,1,0,95
math_500,posterior,AC-ALG1,1213,500,strict_valid_wrong,0,1,1,0
math_500,posterior,AC-ALG1,1213,500,strict_valid_wrong,1,0,0,0
math_500,posterior,AC-ALG1,1213,500,strict_valid_wrong,1,0,1,0
math_500,posterior,AC-ALG1,1213,500,strict_valid_wrong,1,1,0,0
math_500,posterior,AC-ALG1,1213,500,strict_valid_wrong,1,1,1,0
math_500,posterior,AC-ALG1,1213,500,missing_marker,0,0,0,0
math_500,posterior,AC-ALG1,1213,500,missing_marker,0,0,1,112
math_500,posterior,AC-ALG1,1213,500,missing_marker,0,1,0,155
math_500,posterior,AC-ALG1,1213,500,missing_marker,0,1,1,0
math_500,posterior,AC-ALG1,1213,500,missing_marker,1,0,0,0
math_500,posterior,AC-ALG1,1213,500,missing_marker,1,0,1,0
math_500,posterior,AC-ALG1,1213,500,missing_marker,1,1,0,31
math_500,posterior,AC-ALG1,1213,500,missing_marker,1,1,1,0
math_500,posterior,AC-ALG1,1213,500,multiple_markers,0,0,0,0
math_500,posterior,AC-ALG1,1213,500,multiple_markers,0,0,1,0
math_500,posterior,AC-ALG1,1213,500,multiple_markers,0,1,0,0
math_500,posterior,AC-ALG1,1213,500,multiple_markers,0,1,1,0
math_500,posterior,AC-ALG1,1213,500,multiple_markers,1,0,0,0
math_500,posterior,AC-ALG1,1213,500,multiple_markers,1,0,1,0
math_500,posterior,AC-ALG1,1213,500,multiple_markers,1,1,0,0
math_500,posterior,AC-ALG1,1213,500,multiple_markers,1,1,1,0
math_500,posterior,AC-ALG1,1213,500,one_invalid_or_nonterminal_marker,0,0,0,0
math_500,posterior,AC-ALG1,1213,500,one_invalid_or_nonterminal_marker,0,0,1,1
math_500,posterior,AC-ALG1,1213,500,one_invalid_or_nonterminal_marker,0,1,0,0
math_500,posterior,AC-ALG1,1213,500,one_invalid_or_nonterminal_marker,0,1,1,0
math_500,posterior,AC-ALG1,1213,500,one_invalid_or_nonterminal_marker,1,0,0,0
math_500,posterior,AC-ALG1,1213,500,one_invalid_or_nonterminal_marker,1,0,1,0
math_500,posterior,AC-ALG1,1213,500,one_invalid_or_nonterminal_marker,1,1,0,0
math_500,posterior,AC-ALG1,1213,500,one_invalid_or_nonterminal_marker,1,1,1,0
math_500,posterior,AC-ALG1,1217,500,strict_correct,0,0,0,0
math_500,posterior,AC-ALG1,1217,500,strict_correct,0,0,1,0
math_500,posterior,AC-ALG1,1217,500,strict_correct,0,1,0,0
math_500,posterior,AC-ALG1,1217,500,strict_correct,0,1,1,0
math_500,posterior,AC-ALG1,1217,500,strict_correct,1,0,0,0
math_500,posterior,AC-ALG1,1217,500,strict_correct,1,0,1,1
math_500,posterior,AC-ALG1,1217,500,strict_correct,1,1,0,151
math_500,posterior,AC-ALG1,1217,500,strict_correct,1,1,1,0
math_500,posterior,AC-ALG1,1217,500,strict_valid_wrong,0,0,0,0
math_500,posterior,AC-ALG1,1217,500,strict_valid_wrong,0,0,1,1
math_500,posterior,AC-ALG1,1217,500,strict_valid_wrong,0,1,0,130
math_500,posterior,AC-ALG1,1217,500,strict_valid_wrong,0,1,1,0
math_500,posterior,AC-ALG1,1217,500,strict_valid_wrong,1,0,0,0
math_500,posterior,AC-ALG1,1217,500,strict_valid_wrong,1,0,1,0
math_500,posterior,AC-ALG1,1217,500,strict_valid_wrong,1,1,0,0
math_500,posterior,AC-ALG1,1217,500,strict_valid_wrong,1,1,1,0
math_500,posterior,AC-ALG1,1217,500,missing_marker,0,0,0,0
math_500,posterior,AC-ALG1,1217,500,missing_marker,0,0,1,105
math_500,posterior,AC-ALG1,1217,500,missing_marker,0,1,0,81
math_500,posterior,AC-ALG1,1217,500,missing_marker,0,1,1,0
math_500,posterior,AC-ALG1,1217,500,missing_marker,1,0,0,0
math_500,posterior,AC-ALG1,1217,500,missing_marker,1,0,1,0
math_500,posterior,AC-ALG1,1217,500,missing_marker,1,1,0,30
math_500,posterior,AC-ALG1,1217,500,missing_marker,1,1,1,0
math_500,posterior,AC-ALG1,1217,500,multiple_markers,0,0,0,0
math_500,posterior,AC-ALG1,1217,500,multiple_markers,0,0,1,0
math_500,posterior,AC-ALG1,1217,500,multiple_markers,0,1,0,0
math_500,posterior,AC-ALG1,1217,500,multiple_markers,0,1,1,0
math_500,posterior,AC-ALG1,1217,500,multiple_markers,1,0,0,0
math_500,posterior,AC-ALG1,1217,500,multiple_markers,1,0,1,0
math_500,posterior,AC-ALG1,1217,500,multiple_markers,1,1,0,0
math_500,posterior,AC-ALG1,1217,500,multiple_markers,1,1,1,0
math_500,posterior,AC-ALG1,1217,500,one_invalid_or_nonterminal_marker,0,0,0,0
math_500,posterior,AC-ALG1,1217,500,one_invalid_or_nonterminal_marker,0,0,1,1
math_500,posterior,AC-ALG1,1217,500,one_invalid_or_nonterminal_marker,0,1,0,0
math_500,posterior,AC-ALG1,1217,500,one_invalid_or_nonterminal_marker,0,1,1,0
math_500,posterior,AC-ALG1,1217,500,one_invalid_or_nonterminal_marker,1,0,0,0
math_500,posterior,AC-ALG1,1217,500,one_invalid_or_nonterminal_marker,1,0,1,0
math_500,posterior,AC-ALG1,1217,500,one_invalid_or_nonterminal_marker,1,1,0,0
math_500,posterior,AC-ALG1,1217,500,one_invalid_or_nonterminal_marker,1,1,1,0
math_500,posterior,AC-ALG1,1223,500,strict_correct,0,0,0,0
math_500,posterior,AC-ALG1,1223,500,strict_correct,0,0,1,0
math_500,posterior,AC-ALG1,1223,500,strict_correct,0,1,0,0
math_500,posterior,AC-ALG1,1223,500,strict_correct,0,1,1,0
math_500,posterior,AC-ALG1,1223,500,strict_correct,1,0,0,0
math_500,posterior,AC-ALG1,1223,500,strict_correct,1,0,1,0
math_500,posterior,AC-ALG1,1223,500,strict_correct,1,1,0,109
math_500,posterior,AC-ALG1,1223,500,strict_correct,1,1,1,0
math_500,posterior,AC-ALG1,1223,500,strict_valid_wrong,0,0,0,0
math_500,posterior,AC-ALG1,1223,500,strict_valid_wrong,0,0,1,0
math_500,posterior,AC-ALG1,1223,500,strict_valid_wrong,0,1,0,92
math_500,posterior,AC-ALG1,1223,500,strict_valid_wrong,0,1,1,0
math_500,posterior,AC-ALG1,1223,500,strict_valid_wrong,1,0,0,0
math_500,posterior,AC-ALG1,1223,500,strict_valid_wrong,1,0,1,0
math_500,posterior,AC-ALG1,1223,500,strict_valid_wrong,1,1,0,0
math_500,posterior,AC-ALG1,1223,500,strict_valid_wrong,1,1,1,0
math_500,posterior,AC-ALG1,1223,500,missing_marker,0,0,0,0
math_500,posterior,AC-ALG1,1223,500,missing_marker,0,0,1,121
math_500,posterior,AC-ALG1,1223,500,missing_marker,0,1,0,153
math_500,posterior,AC-ALG1,1223,500,missing_marker,0,1,1,0
math_500,posterior,AC-ALG1,1223,500,missing_marker,1,0,0,0
math_500,posterior,AC-ALG1,1223,500,missing_marker,1,0,1,0
math_500,posterior,AC-ALG1,1223,500,missing_marker,1,1,0,23
math_500,posterior,AC-ALG1,1223,500,missing_marker,1,1,1,0
math_500,posterior,AC-ALG1,1223,500,multiple_markers,0,0,0,0
math_500,posterior,AC-ALG1,1223,500,multiple_markers,0,0,1,1
math_500,posterior,AC-ALG1,1223,500,multiple_markers,0,1,0,1
math_500,posterior,AC-ALG1,1223,500,multiple_markers,0,1,1,0
math_500,posterior,AC-ALG1,1223,500,multiple_markers,1,0,0,0
math_500,posterior,AC-ALG1,1223,500,multiple_markers,1,0,1,0
math_500,posterior,AC-ALG1,1223,500,multiple_markers,1,1,0,0
math_500,posterior,AC-ALG1,1223,500,multiple_markers,1,1,1,0
math_500,posterior,AC-ALG1,1223,500,one_invalid_or_nonterminal_marker,0,0,0,0
math_500,posterior,AC-ALG1,1223,500,one_invalid_or_nonterminal_marker,0,0,1,0
math_500,posterior,AC-ALG1,1223,500,one_invalid_or_nonterminal_marker,0,1,0,0
math_500,posterior,AC-ALG1,1223,500,one_invalid_or_nonterminal_marker,0,1,1,0
math_500,posterior,AC-ALG1,1223,500,one_invalid_or_nonterminal_marker,1,0,0,0
math_500,posterior,AC-ALG1,1223,500,one_invalid_or_nonterminal_marker,1,0,1,0
math_500,posterior,AC-ALG1,1223,500,one_invalid_or_nonterminal_marker,1,1,0,0
math_500,posterior,AC-ALG1,1223,500,one_invalid_or_nonterminal_marker,1,1,1,0
math_500,posterior,AC-ALG1,1229,500,strict_correct,0,0,0,0
math_500,posterior,AC-ALG1,1229,500,strict_correct,0,0,1,0
math_500,posterior,AC-ALG1,1229,500,strict_correct,0,1,0,0
math_500,posterior,AC-ALG1,1229,500,strict_correct,0,1,1,0
math_500,posterior,AC-ALG1,1229,500,strict_correct,1,0,0,0
math_500,posterior,AC-ALG1,1229,500,strict_correct,1,0,1,0
math_500,posterior,AC-ALG1,1229,500,strict_correct,1,1,0,127
math_500,posterior,AC-ALG1,1229,500,strict_correct,1,1,1,0
math_500,posterior,AC-ALG1,1229,500,strict_valid_wrong,0,0,0,0
math_500,posterior,AC-ALG1,1229,500,strict_valid_wrong,0,0,1,0
math_500,posterior,AC-ALG1,1229,500,strict_valid_wrong,0,1,0,100
math_500,posterior,AC-ALG1,1229,500,strict_valid_wrong,0,1,1,0
math_500,posterior,AC-ALG1,1229,500,strict_valid_wrong,1,0,0,0
math_500,posterior,AC-ALG1,1229,500,strict_valid_wrong,1,0,1,0
math_500,posterior,AC-ALG1,1229,500,strict_valid_wrong,1,1,0,0
math_500,posterior,AC-ALG1,1229,500,strict_valid_wrong,1,1,1,0
math_500,posterior,AC-ALG1,1229,500,missing_marker,0,0,0,0
math_500,posterior,AC-ALG1,1229,500,missing_marker,0,0,1,110
math_500,posterior,AC-ALG1,1229,500,missing_marker,0,1,0,119
math_500,posterior,AC-ALG1,1229,500,missing_marker,0,1,1,0
math_500,posterior,AC-ALG1,1229,500,missing_marker,1,0,0,0
math_500,posterior,AC-ALG1,1229,500,missing_marker,1,0,1,0
math_500,posterior,AC-ALG1,1229,500,missing_marker,1,1,0,44
math_500,posterior,AC-ALG1,1229,500,missing_marker,1,1,1,0
math_500,posterior,AC-ALG1,1229,500,multiple_markers,0,0,0,0
math_500,posterior,AC-ALG1,1229,500,multiple_markers,0,0,1,0
math_500,posterior,AC-ALG1,1229,500,multiple_markers,0,1,0,0
math_500,posterior,AC-ALG1,1229,500,multiple_markers,0,1,1,0
math_500,posterior,AC-ALG1,1229,500,multiple_markers,1,0,0,0
math_500,posterior,AC-ALG1,1229,500,multiple_markers,1,0,1,0
math_500,posterior,AC-ALG1,1229,500,multiple_markers,1,1,0,0
math_500,posterior,AC-ALG1,1229,500,multiple_markers,1,1,1,0
math_500,posterior,AC-ALG1,1229,500,one_invalid_or_nonterminal_marker,0,0,0,0
math_500,posterior,AC-ALG1,1229,500,one_invalid_or_nonterminal_marker,0,0,1,0
math_500,posterior,AC-ALG1,1229,500,one_invalid_or_nonterminal_marker,0,1,0,0
math_500,posterior,AC-ALG1,1229,500,one_invalid_or_nonterminal_marker,0,1,1,0
math_500,posterior,AC-ALG1,1229,500,one_invalid_or_nonterminal_marker,1,0,0,0
math_500,posterior,AC-ALG1,1229,500,one_invalid_or_nonterminal_marker,1,0,1,0
math_500,posterior,AC-ALG1,1229,500,one_invalid_or_nonterminal_marker,1,1,0,0
math_500,posterior,AC-ALG1,1229,500,one_invalid_or_nonterminal_marker,1,1,1,0
math_500,posterior,AC-ALG1,1231,500,strict_correct,0,0,0,0
math_500,posterior,AC-ALG1,1231,500,strict_correct,0,0,1,0
math_500,posterior,AC-ALG1,1231,500,strict_correct,0,1,0,0
math_500,posterior,AC-ALG1,1231,500,strict_correct,0,1,1,0
math_500,posterior,AC-ALG1,1231,500,strict_correct,1,0,0,0
math_500,posterior,AC-ALG1,1231,500,strict_correct,1,0,1,0
math_500,posterior,AC-ALG1,1231,500,strict_correct,1,1,0,124
math_500,posterior,AC-ALG1,1231,500,strict_correct,1,1,1,0
math_500,posterior,AC-ALG1,1231,500,strict_valid_wrong,0,0,0,0
math_500,posterior,AC-ALG1,1231,500,strict_valid_wrong,0,0,1,1
math_500,posterior,AC-ALG1,1231,500,strict_valid_wrong,0,1,0,114
math_500,posterior,AC-ALG1,1231,500,strict_valid_wrong,0,1,1,0
math_500,posterior,AC-ALG1,1231,500,strict_valid_wrong,1,0,0,0
math_500,posterior,AC-ALG1,1231,500,strict_valid_wrong,1,0,1,0
math_500,posterior,AC-ALG1,1231,500,strict_valid_wrong,1,1,0,0
math_500,posterior,AC-ALG1,1231,500,strict_valid_wrong,1,1,1,0
math_500,posterior,AC-ALG1,1231,500,missing_marker,0,0,0,0
math_500,posterior,AC-ALG1,1231,500,missing_marker,0,0,1,116
math_500,posterior,AC-ALG1,1231,500,missing_marker,0,1,0,102
math_500,posterior,AC-ALG1,1231,500,missing_marker,0,1,1,0
math_500,posterior,AC-ALG1,1231,500,missing_marker,1,0,0,0
math_500,posterior,AC-ALG1,1231,500,missing_marker,1,0,1,0
math_500,posterior,AC-ALG1,1231,500,missing_marker,1,1,0,40
math_500,posterior,AC-ALG1,1231,500,missing_marker,1,1,1,0
math_500,posterior,AC-ALG1,1231,500,multiple_markers,0,0,0,0
math_500,posterior,AC-ALG1,1231,500,multiple_markers,0,0,1,0
math_500,posterior,AC-ALG1,1231,500,multiple_markers,0,1,0,0
math_500,posterior,AC-ALG1,1231,500,multiple_markers,0,1,1,0
math_500,posterior,AC-ALG1,1231,500,multiple_markers,1,0,0,0
math_500,posterior,AC-ALG1,1231,500,multiple_markers,1,0,1,0
math_500,posterior,AC-ALG1,1231,500,multiple_markers,1,1,0,0
math_500,posterior,AC-ALG1,1231,500,multiple_markers,1,1,1,0
math_500,posterior,AC-ALG1,1231,500,one_invalid_or_nonterminal_marker,0,0,0,0
math_500,posterior,AC-ALG1,1231,500,one_invalid_or_nonterminal_marker,0,0,1,1
math_500,posterior,AC-ALG1,1231,500,one_invalid_or_nonterminal_marker,0,1,0,2
math_500,posterior,AC-ALG1,1231,500,one_invalid_or_nonterminal_marker,0,1,1,0
math_500,posterior,AC-ALG1,1231,500,one_invalid_or_nonterminal_marker,1,0,0,0
math_500,posterior,AC-ALG1,1231,500,one_invalid_or_nonterminal_marker,1,0,1,0
math_500,posterior,AC-ALG1,1231,500,one_invalid_or_nonterminal_marker,1,1,0,0
math_500,posterior,AC-ALG1,1231,500,one_invalid_or_nonterminal_marker,1,1,1,0
math_500,posterior,AC-ALG1,1237,500,strict_correct,0,0,0,0
math_500,posterior,AC-ALG1,1237,500,strict_correct,0,0,1,0
math_500,posterior,AC-ALG1,1237,500,strict_correct,0,1,0,0
math_500,posterior,AC-ALG1,1237,500,strict_correct,0,1,1,0
math_500,posterior,AC-ALG1,1237,500,strict_correct,1,0,0,0
math_500,posterior,AC-ALG1,1237,500,strict_correct,1,0,1,0
math_500,posterior,AC-ALG1,1237,500,strict_correct,1,1,0,125
math_500,posterior,AC-ALG1,1237,500,strict_correct,1,1,1,0
math_500,posterior,AC-ALG1,1237,500,strict_valid_wrong,0,0,0,0
math_500,posterior,AC-ALG1,1237,500,strict_valid_wrong,0,0,1,1
math_500,posterior,AC-ALG1,1237,500,strict_valid_wrong,0,1,0,100
math_500,posterior,AC-ALG1,1237,500,strict_valid_wrong,0,1,1,0
math_500,posterior,AC-ALG1,1237,500,strict_valid_wrong,1,0,0,0
math_500,posterior,AC-ALG1,1237,500,strict_valid_wrong,1,0,1,0
math_500,posterior,AC-ALG1,1237,500,strict_valid_wrong,1,1,0,0
math_500,posterior,AC-ALG1,1237,500,strict_valid_wrong,1,1,1,0
math_500,posterior,AC-ALG1,1237,500,missing_marker,0,0,0,0
math_500,posterior,AC-ALG1,1237,500,missing_marker,0,0,1,122
math_500,posterior,AC-ALG1,1237,500,missing_marker,0,1,0,125
math_500,posterior,AC-ALG1,1237,500,missing_marker,0,1,1,0
math_500,posterior,AC-ALG1,1237,500,missing_marker,1,0,0,0
math_500,posterior,AC-ALG1,1237,500,missing_marker,1,0,1,0
math_500,posterior,AC-ALG1,1237,500,missing_marker,1,1,0,27
math_500,posterior,AC-ALG1,1237,500,missing_marker,1,1,1,0
math_500,posterior,AC-ALG1,1237,500,multiple_markers,0,0,0,0
math_500,posterior,AC-ALG1,1237,500,multiple_markers,0,0,1,0
math_500,posterior,AC-ALG1,1237,500,multiple_markers,0,1,0,0
math_500,posterior,AC-ALG1,1237,500,multiple_markers,0,1,1,0
math_500,posterior,AC-ALG1,1237,500,multiple_markers,1,0,0,0
math_500,posterior,AC-ALG1,1237,500,multiple_markers,1,0,1,0
math_500,posterior,AC-ALG1,1237,500,multiple_markers,1,1,0,0
math_500,posterior,AC-ALG1,1237,500,multiple_markers,1,1,1,0
math_500,posterior,AC-ALG1,1237,500,one_invalid_or_nonterminal_marker,0,0,0,0
math_500,posterior,AC-ALG1,1237,500,one_invalid_or_nonterminal_marker,0,0,1,0
math_500,posterior,AC-ALG1,1237,500,one_invalid_or_nonterminal_marker,0,1,0,0
math_500,posterior,AC-ALG1,1237,500,one_invalid_or_nonterminal_marker,0,1,1,0
math_500,posterior,AC-ALG1,1237,500,one_invalid_or_nonterminal_marker,1,0,0,0
math_500,posterior,AC-ALG1,1237,500,one_invalid_or_nonterminal_marker,1,0,1,0
math_500,posterior,AC-ALG1,1237,500,one_invalid_or_nonterminal_marker,1,1,0,0
math_500,posterior,AC-ALG1,1237,500,one_invalid_or_nonterminal_marker,1,1,1,0
math_500,non_rl_self_training,TRICE,1201,500,strict_correct,0,0,0,0
math_500,non_rl_self_training,TRICE,1201,500,strict_correct,0,0,1,0
math_500,non_rl_self_training,TRICE,1201,500,strict_correct,0,1,0,0
math_500,non_rl_self_training,TRICE,1201,500,strict_correct,0,1,1,0
math_500,non_rl_self_training,TRICE,1201,500,strict_correct,1,0,0,0
math_500,non_rl_self_training,TRICE,1201,500,strict_correct,1,0,1,0
math_500,non_rl_self_training,TRICE,1201,500,strict_correct,1,1,0,193
math_500,non_rl_self_training,TRICE,1201,500,strict_correct,1,1,1,0
math_500,non_rl_self_training,TRICE,1201,500,strict_valid_wrong,0,0,0,0
math_500,non_rl_self_training,TRICE,1201,500,strict_valid_wrong,0,0,1,1
math_500,non_rl_self_training,TRICE,1201,500,strict_valid_wrong,0,1,0,215
math_500,non_rl_self_training,TRICE,1201,500,strict_valid_wrong,0,1,1,0
math_500,non_rl_self_training,TRICE,1201,500,strict_valid_wrong,1,0,0,0
math_500,non_rl_self_training,TRICE,1201,500,strict_valid_wrong,1,0,1,0
math_500,non_rl_self_training,TRICE,1201,500,strict_valid_wrong,1,1,0,0
math_500,non_rl_self_training,TRICE,1201,500,strict_valid_wrong,1,1,1,0
math_500,non_rl_self_training,TRICE,1201,500,missing_marker,0,0,0,0
math_500,non_rl_self_training,TRICE,1201,500,missing_marker,0,0,1,69
math_500,non_rl_self_training,TRICE,1201,500,missing_marker,0,1,0,16
math_500,non_rl_self_training,TRICE,1201,500,missing_marker,0,1,1,0
math_500,non_rl_self_training,TRICE,1201,500,missing_marker,1,0,0,0
math_500,non_rl_self_training,TRICE,1201,500,missing_marker,1,0,1,0
math_500,non_rl_self_training,TRICE,1201,500,missing_marker,1,1,0,4
math_500,non_rl_self_training,TRICE,1201,500,missing_marker,1,1,1,0
math_500,non_rl_self_training,TRICE,1201,500,multiple_markers,0,0,0,0
math_500,non_rl_self_training,TRICE,1201,500,multiple_markers,0,0,1,0
math_500,non_rl_self_training,TRICE,1201,500,multiple_markers,0,1,0,0
math_500,non_rl_self_training,TRICE,1201,500,multiple_markers,0,1,1,0
math_500,non_rl_self_training,TRICE,1201,500,multiple_markers,1,0,0,0
math_500,non_rl_self_training,TRICE,1201,500,multiple_markers,1,0,1,0
math_500,non_rl_self_training,TRICE,1201,500,multiple_markers,1,1,0,0
math_500,non_rl_self_training,TRICE,1201,500,multiple_markers,1,1,1,0
math_500,non_rl_self_training,TRICE,1201,500,one_invalid_or_nonterminal_marker,0,0,0,0
math_500,non_rl_self_training,TRICE,1201,500,one_invalid_or_nonterminal_marker,0,0,1,0
math_500,non_rl_self_training,TRICE,1201,500,one_invalid_or_nonterminal_marker,0,1,0,1
math_500,non_rl_self_training,TRICE,1201,500,one_invalid_or_nonterminal_marker,0,1,1,0
math_500,non_rl_self_training,TRICE,1201,500,one_invalid_or_nonterminal_marker,1,0,0,0
math_500,non_rl_self_training,TRICE,1201,500,one_invalid_or_nonterminal_marker,1,0,1,0
math_500,non_rl_self_training,TRICE,1201,500,one_invalid_or_nonterminal_marker,1,1,0,1
math_500,non_rl_self_training,TRICE,1201,500,one_invalid_or_nonterminal_marker,1,1,1,0
math_500,non_rl_self_training,TRICE,1213,500,strict_correct,0,0,0,0
math_500,non_rl_self_training,TRICE,1213,500,strict_correct,0,0,1,0
math_500,non_rl_self_training,TRICE,1213,500,strict_correct,0,1,0,0
math_500,non_rl_self_training,TRICE,1213,500,strict_correct,0,1,1,0
math_500,non_rl_self_training,TRICE,1213,500,strict_correct,1,0,0,0
math_500,non_rl_self_training,TRICE,1213,500,strict_correct,1,0,1,0
math_500,non_rl_self_training,TRICE,1213,500,strict_correct,1,1,0,174
math_500,non_rl_self_training,TRICE,1213,500,strict_correct,1,1,1,0
math_500,non_rl_self_training,TRICE,1213,500,strict_valid_wrong,0,0,0,0
math_500,non_rl_self_training,TRICE,1213,500,strict_valid_wrong,0,0,1,0
math_500,non_rl_self_training,TRICE,1213,500,strict_valid_wrong,0,1,0,183
math_500,non_rl_self_training,TRICE,1213,500,strict_valid_wrong,0,1,1,0
math_500,non_rl_self_training,TRICE,1213,500,strict_valid_wrong,1,0,0,0
math_500,non_rl_self_training,TRICE,1213,500,strict_valid_wrong,1,0,1,0
math_500,non_rl_self_training,TRICE,1213,500,strict_valid_wrong,1,1,0,0
math_500,non_rl_self_training,TRICE,1213,500,strict_valid_wrong,1,1,1,0
math_500,non_rl_self_training,TRICE,1213,500,missing_marker,0,0,0,0
math_500,non_rl_self_training,TRICE,1213,500,missing_marker,0,0,1,60
math_500,non_rl_self_training,TRICE,1213,500,missing_marker,0,1,0,51
math_500,non_rl_self_training,TRICE,1213,500,missing_marker,0,1,1,0
math_500,non_rl_self_training,TRICE,1213,500,missing_marker,1,0,0,0
math_500,non_rl_self_training,TRICE,1213,500,missing_marker,1,0,1,0
math_500,non_rl_self_training,TRICE,1213,500,missing_marker,1,1,0,29
math_500,non_rl_self_training,TRICE,1213,500,missing_marker,1,1,1,0
math_500,non_rl_self_training,TRICE,1213,500,multiple_markers,0,0,0,0
math_500,non_rl_self_training,TRICE,1213,500,multiple_markers,0,0,1,0
math_500,non_rl_self_training,TRICE,1213,500,multiple_markers,0,1,0,0
math_500,non_rl_self_training,TRICE,1213,500,multiple_markers,0,1,1,0
math_500,non_rl_self_training,TRICE,1213,500,multiple_markers,1,0,0,0
math_500,non_rl_self_training,TRICE,1213,500,multiple_markers,1,0,1,0
math_500,non_rl_self_training,TRICE,1213,500,multiple_markers,1,1,0,0
math_500,non_rl_self_training,TRICE,1213,500,multiple_markers,1,1,1,0
math_500,non_rl_self_training,TRICE,1213,500,one_invalid_or_nonterminal_marker,0,0,0,0
math_500,non_rl_self_training,TRICE,1213,500,one_invalid_or_nonterminal_marker,0,0,1,1
math_500,non_rl_self_training,TRICE,1213,500,one_invalid_or_nonterminal_marker,0,1,0,2
math_500,non_rl_self_training,TRICE,1213,500,one_invalid_or_nonterminal_marker,0,1,1,0
math_500,non_rl_self_training,TRICE,1213,500,one_invalid_or_nonterminal_marker,1,0,0,0
math_500,non_rl_self_training,TRICE,1213,500,one_invalid_or_nonterminal_marker,1,0,1,0
math_500,non_rl_self_training,TRICE,1213,500,one_invalid_or_nonterminal_marker,1,1,0,0
math_500,non_rl_self_training,TRICE,1213,500,one_invalid_or_nonterminal_marker,1,1,1,0
math_500,non_rl_self_training,TRICE,1217,500,strict_correct,0,0,0,0
math_500,non_rl_self_training,TRICE,1217,500,strict_correct,0,0,1,0
math_500,non_rl_self_training,TRICE,1217,500,strict_correct,0,1,0,0
math_500,non_rl_self_training,TRICE,1217,500,strict_correct,0,1,1,0
math_500,non_rl_self_training,TRICE,1217,500,strict_correct,1,0,0,0
math_500,non_rl_self_training,TRICE,1217,500,strict_correct,1,0,1,0
math_500,non_rl_self_training,TRICE,1217,500,strict_correct,1,1,0,204
math_500,non_rl_self_training,TRICE,1217,500,strict_correct,1,1,1,0
math_500,non_rl_self_training,TRICE,1217,500,strict_valid_wrong,0,0,0,0
math_500,non_rl_self_training,TRICE,1217,500,strict_valid_wrong,0,0,1,1
math_500,non_rl_self_training,TRICE,1217,500,strict_valid_wrong,0,1,0,192
math_500,non_rl_self_training,TRICE,1217,500,strict_valid_wrong,0,1,1,0
math_500,non_rl_self_training,TRICE,1217,500,strict_valid_wrong,1,0,0,0
math_500,non_rl_self_training,TRICE,1217,500,strict_valid_wrong,1,0,1,0
math_500,non_rl_self_training,TRICE,1217,500,strict_valid_wrong,1,1,0,0
math_500,non_rl_self_training,TRICE,1217,500,strict_valid_wrong,1,1,1,0
math_500,non_rl_self_training,TRICE,1217,500,missing_marker,0,0,0,0
math_500,non_rl_self_training,TRICE,1217,500,missing_marker,0,0,1,100
math_500,non_rl_self_training,TRICE,1217,500,missing_marker,0,1,0,1
math_500,non_rl_self_training,TRICE,1217,500,missing_marker,0,1,1,0
math_500,non_rl_self_training,TRICE,1217,500,missing_marker,1,0,0,0
math_500,non_rl_self_training,TRICE,1217,500,missing_marker,1,0,1,0
math_500,non_rl_self_training,TRICE,1217,500,missing_marker,1,1,0,0
math_500,non_rl_self_training,TRICE,1217,500,missing_marker,1,1,1,0
math_500,non_rl_self_training,TRICE,1217,500,multiple_markers,0,0,0,0
math_500,non_rl_self_training,TRICE,1217,500,multiple_markers,0,0,1,1
math_500,non_rl_self_training,TRICE,1217,500,multiple_markers,0,1,0,0
math_500,non_rl_self_training,TRICE,1217,500,multiple_markers,0,1,1,0
math_500,non_rl_self_training,TRICE,1217,500,multiple_markers,1,0,0,0
math_500,non_rl_self_training,TRICE,1217,500,multiple_markers,1,0,1,0
math_500,non_rl_self_training,TRICE,1217,500,multiple_markers,1,1,0,0
math_500,non_rl_self_training,TRICE,1217,500,multiple_markers,1,1,1,0
math_500,non_rl_self_training,TRICE,1217,500,one_invalid_or_nonterminal_marker,0,0,0,0
math_500,non_rl_self_training,TRICE,1217,500,one_invalid_or_nonterminal_marker,0,0,1,0
math_500,non_rl_self_training,TRICE,1217,500,one_invalid_or_nonterminal_marker,0,1,0,0
math_500,non_rl_self_training,TRICE,1217,500,one_invalid_or_nonterminal_marker,0,1,1,0
math_500,non_rl_self_training,TRICE,1217,500,one_invalid_or_nonterminal_marker,1,0,0,0
math_500,non_rl_self_training,TRICE,1217,500,one_invalid_or_nonterminal_marker,1,0,1,1
math_500,non_rl_self_training,TRICE,1217,500,one_invalid_or_nonterminal_marker,1,1,0,0
math_500,non_rl_self_training,TRICE,1217,500,one_invalid_or_nonterminal_marker,1,1,1,0
math_500,non_rl_self_training,TRICE,1223,500,strict_correct,0,0,0,0
math_500,non_rl_self_training,TRICE,1223,500,strict_correct,0,0,1,0
math_500,non_rl_self_training,TRICE,1223,500,strict_correct,0,1,0,0
math_500,non_rl_self_training,TRICE,1223,500,strict_correct,0,1,1,0
math_500,non_rl_self_training,TRICE,1223,500,strict_correct,1,0,0,0
math_500,non_rl_self_training,TRICE,1223,500,strict_correct,1,0,1,0
math_500,non_rl_self_training,TRICE,1223,500,strict_correct,1,1,0,202
math_500,non_rl_self_training,TRICE,1223,500,strict_correct,1,1,1,0
math_500,non_rl_self_training,TRICE,1223,500,strict_valid_wrong,0,0,0,0
math_500,non_rl_self_training,TRICE,1223,500,strict_valid_wrong,0,0,1,3
math_500,non_rl_self_training,TRICE,1223,500,strict_valid_wrong,0,1,0,223
math_500,non_rl_self_training,TRICE,1223,500,strict_valid_wrong,0,1,1,0
math_500,non_rl_self_training,TRICE,1223,500,strict_valid_wrong,1,0,0,0
math_500,non_rl_self_training,TRICE,1223,500,strict_valid_wrong,1,0,1,0
math_500,non_rl_self_training,TRICE,1223,500,strict_valid_wrong,1,1,0,0
math_500,non_rl_self_training,TRICE,1223,500,strict_valid_wrong,1,1,1,0
math_500,non_rl_self_training,TRICE,1223,500,missing_marker,0,0,0,0
math_500,non_rl_self_training,TRICE,1223,500,missing_marker,0,0,1,71
math_500,non_rl_self_training,TRICE,1223,500,missing_marker,0,1,0,1
math_500,non_rl_self_training,TRICE,1223,500,missing_marker,0,1,1,0
math_500,non_rl_self_training,TRICE,1223,500,missing_marker,1,0,0,0
math_500,non_rl_self_training,TRICE,1223,500,missing_marker,1,0,1,0
math_500,non_rl_self_training,TRICE,1223,500,missing_marker,1,1,0,0
math_500,non_rl_self_training,TRICE,1223,500,missing_marker,1,1,1,0
math_500,non_rl_self_training,TRICE,1223,500,multiple_markers,0,0,0,0
math_500,non_rl_self_training,TRICE,1223,500,multiple_markers,0,0,1,0
math_500,non_rl_self_training,TRICE,1223,500,multiple_markers,0,1,0,0
math_500,non_rl_self_training,TRICE,1223,500,multiple_markers,0,1,1,0
math_500,non_rl_self_training,TRICE,1223,500,multiple_markers,1,0,0,0
math_500,non_rl_self_training,TRICE,1223,500,multiple_markers,1,0,1,0
math_500,non_rl_self_training,TRICE,1223,500,multiple_markers,1,1,0,0
math_500,non_rl_self_training,TRICE,1223,500,multiple_markers,1,1,1,0
math_500,non_rl_self_training,TRICE,1223,500,one_invalid_or_nonterminal_marker,0,0,0,0
math_500,non_rl_self_training,TRICE,1223,500,one_invalid_or_nonterminal_marker,0,0,1,0
math_500,non_rl_self_training,TRICE,1223,500,one_invalid_or_nonterminal_marker,0,1,0,0
math_500,non_rl_self_training,TRICE,1223,500,one_invalid_or_nonterminal_marker,0,1,1,0
math_500,non_rl_self_training,TRICE,1223,500,one_invalid_or_nonterminal_marker,1,0,0,0
math_500,non_rl_self_training,TRICE,1223,500,one_invalid_or_nonterminal_marker,1,0,1,0
math_500,non_rl_self_training,TRICE,1223,500,one_invalid_or_nonterminal_marker,1,1,0,0
math_500,non_rl_self_training,TRICE,1223,500,one_invalid_or_nonterminal_marker,1,1,1,0
math_500,non_rl_self_training,TRICE,1229,500,strict_correct,0,0,0,0
math_500,non_rl_self_training,TRICE,1229,500,strict_correct,0,0,1,0
math_500,non_rl_self_training,TRICE,1229,500,strict_correct,0,1,0,0
math_500,non_rl_self_training,TRICE,1229,500,strict_correct,0,1,1,0
math_500,non_rl_self_training,TRICE,1229,500,strict_correct,1,0,0,0
math_500,non_rl_self_training,TRICE,1229,500,strict_correct,1,0,1,0
math_500,non_rl_self_training,TRICE,1229,500,strict_correct,1,1,0,211
math_500,non_rl_self_training,TRICE,1229,500,strict_correct,1,1,1,0
math_500,non_rl_self_training,TRICE,1229,500,strict_valid_wrong,0,0,0,0
math_500,non_rl_self_training,TRICE,1229,500,strict_valid_wrong,0,0,1,3
math_500,non_rl_self_training,TRICE,1229,500,strict_valid_wrong,0,1,0,192
math_500,non_rl_self_training,TRICE,1229,500,strict_valid_wrong,0,1,1,0
math_500,non_rl_self_training,TRICE,1229,500,strict_valid_wrong,1,0,0,0
math_500,non_rl_self_training,TRICE,1229,500,strict_valid_wrong,1,0,1,0
math_500,non_rl_self_training,TRICE,1229,500,strict_valid_wrong,1,1,0,0
math_500,non_rl_self_training,TRICE,1229,500,strict_valid_wrong,1,1,1,0
math_500,non_rl_self_training,TRICE,1229,500,missing_marker,0,0,0,0
math_500,non_rl_self_training,TRICE,1229,500,missing_marker,0,0,1,91
math_500,non_rl_self_training,TRICE,1229,500,missing_marker,0,1,0,1
math_500,non_rl_self_training,TRICE,1229,500,missing_marker,0,1,1,0
math_500,non_rl_self_training,TRICE,1229,500,missing_marker,1,0,0,0
math_500,non_rl_self_training,TRICE,1229,500,missing_marker,1,0,1,0
math_500,non_rl_self_training,TRICE,1229,500,missing_marker,1,1,0,1
math_500,non_rl_self_training,TRICE,1229,500,missing_marker,1,1,1,0
math_500,non_rl_self_training,TRICE,1229,500,multiple_markers,0,0,0,0
math_500,non_rl_self_training,TRICE,1229,500,multiple_markers,0,0,1,0
math_500,non_rl_self_training,TRICE,1229,500,multiple_markers,0,1,0,0
math_500,non_rl_self_training,TRICE,1229,500,multiple_markers,0,1,1,0
math_500,non_rl_self_training,TRICE,1229,500,multiple_markers,1,0,0,0
math_500,non_rl_self_training,TRICE,1229,500,multiple_markers,1,0,1,0
math_500,non_rl_self_training,TRICE,1229,500,multiple_markers,1,1,0,0
math_500,non_rl_self_training,TRICE,1229,500,multiple_markers,1,1,1,0
math_500,non_rl_self_training,TRICE,1229,500,one_invalid_or_nonterminal_marker,0,0,0,0
math_500,non_rl_self_training,TRICE,1229,500,one_invalid_or_nonterminal_marker,0,0,1,0
math_500,non_rl_self_training,TRICE,1229,500,one_invalid_or_nonterminal_marker,0,1,0,1
math_500,non_rl_self_training,TRICE,1229,500,one_invalid_or_nonterminal_marker,0,1,1,0
math_500,non_rl_self_training,TRICE,1229,500,one_invalid_or_nonterminal_marker,1,0,0,0
math_500,non_rl_self_training,TRICE,1229,500,one_invalid_or_nonterminal_marker,1,0,1,0
math_500,non_rl_self_training,TRICE,1229,500,one_invalid_or_nonterminal_marker,1,1,0,0
math_500,non_rl_self_training,TRICE,1229,500,one_invalid_or_nonterminal_marker,1,1,1,0
math_500,non_rl_self_training,TRICE,1231,500,strict_correct,0,0,0,0
math_500,non_rl_self_training,TRICE,1231,500,strict_correct,0,0,1,0
math_500,non_rl_self_training,TRICE,1231,500,strict_correct,0,1,0,0
math_500,non_rl_self_training,TRICE,1231,500,strict_correct,0,1,1,0
math_500,non_rl_self_training,TRICE,1231,500,strict_correct,1,0,0,0
math_500,non_rl_self_training,TRICE,1231,500,strict_correct,1,0,1,0
math_500,non_rl_self_training,TRICE,1231,500,strict_correct,1,1,0,205
math_500,non_rl_self_training,TRICE,1231,500,strict_correct,1,1,1,0
math_500,non_rl_self_training,TRICE,1231,500,strict_valid_wrong,0,0,0,0
math_500,non_rl_self_training,TRICE,1231,500,strict_valid_wrong,0,0,1,1
math_500,non_rl_self_training,TRICE,1231,500,strict_valid_wrong,0,1,0,185
math_500,non_rl_self_training,TRICE,1231,500,strict_valid_wrong,0,1,1,0
math_500,non_rl_self_training,TRICE,1231,500,strict_valid_wrong,1,0,0,0
math_500,non_rl_self_training,TRICE,1231,500,strict_valid_wrong,1,0,1,0
math_500,non_rl_self_training,TRICE,1231,500,strict_valid_wrong,1,1,0,0
math_500,non_rl_self_training,TRICE,1231,500,strict_valid_wrong,1,1,1,0
math_500,non_rl_self_training,TRICE,1231,500,missing_marker,0,0,0,0
math_500,non_rl_self_training,TRICE,1231,500,missing_marker,0,0,1,104
math_500,non_rl_self_training,TRICE,1231,500,missing_marker,0,1,0,2
math_500,non_rl_self_training,TRICE,1231,500,missing_marker,0,1,1,0
math_500,non_rl_self_training,TRICE,1231,500,missing_marker,1,0,0,0
math_500,non_rl_self_training,TRICE,1231,500,missing_marker,1,0,1,0
math_500,non_rl_self_training,TRICE,1231,500,missing_marker,1,1,0,3
math_500,non_rl_self_training,TRICE,1231,500,missing_marker,1,1,1,0
math_500,non_rl_self_training,TRICE,1231,500,multiple_markers,0,0,0,0
math_500,non_rl_self_training,TRICE,1231,500,multiple_markers,0,0,1,0
math_500,non_rl_self_training,TRICE,1231,500,multiple_markers,0,1,0,0
math_500,non_rl_self_training,TRICE,1231,500,multiple_markers,0,1,1,0
math_500,non_rl_self_training,TRICE,1231,500,multiple_markers,1,0,0,0
math_500,non_rl_self_training,TRICE,1231,500,multiple_markers,1,0,1,0
math_500,non_rl_self_training,TRICE,1231,500,multiple_markers,1,1,0,0
math_500,non_rl_self_training,TRICE,1231,500,multiple_markers,1,1,1,0
math_500,non_rl_self_training,TRICE,1231,500,one_invalid_or_nonterminal_marker,0,0,0,0
math_500,non_rl_self_training,TRICE,1231,500,one_invalid_or_nonterminal_marker,0,0,1,0
math_500,non_rl_self_training,TRICE,1231,500,one_invalid_or_nonterminal_marker,0,1,0,0
math_500,non_rl_self_training,TRICE,1231,500,one_invalid_or_nonterminal_marker,0,1,1,0
math_500,non_rl_self_training,TRICE,1231,500,one_invalid_or_nonterminal_marker,1,0,0,0
math_500,non_rl_self_training,TRICE,1231,500,one_invalid_or_nonterminal_marker,1,0,1,0
math_500,non_rl_self_training,TRICE,1231,500,one_invalid_or_nonterminal_marker,1,1,0,0
math_500,non_rl_self_training,TRICE,1231,500,one_invalid_or_nonterminal_marker,1,1,1,0
math_500,non_rl_self_training,TRICE,1237,500,strict_correct,0,0,0,0
math_500,non_rl_self_training,TRICE,1237,500,strict_correct,0,0,1,0
math_500,non_rl_self_training,TRICE,1237,500,strict_correct,0,1,0,0
math_500,non_rl_self_training,TRICE,1237,500,strict_correct,0,1,1,0
math_500,non_rl_self_training,TRICE,1237,500,strict_correct,1,0,0,0
math_500,non_rl_self_training,TRICE,1237,500,strict_correct,1,0,1,0
math_500,non_rl_self_training,TRICE,1237,500,strict_correct,1,1,0,205
math_500,non_rl_self_training,TRICE,1237,500,strict_correct,1,1,1,0
math_500,non_rl_self_training,TRICE,1237,500,strict_valid_wrong,0,0,0,0
math_500,non_rl_self_training,TRICE,1237,500,strict_valid_wrong,0,0,1,0
math_500,non_rl_self_training,TRICE,1237,500,strict_valid_wrong,0,1,0,202
math_500,non_rl_self_training,TRICE,1237,500,strict_valid_wrong,0,1,1,0
math_500,non_rl_self_training,TRICE,1237,500,strict_valid_wrong,1,0,0,0
math_500,non_rl_self_training,TRICE,1237,500,strict_valid_wrong,1,0,1,0
math_500,non_rl_self_training,TRICE,1237,500,strict_valid_wrong,1,1,0,0
math_500,non_rl_self_training,TRICE,1237,500,strict_valid_wrong,1,1,1,0
math_500,non_rl_self_training,TRICE,1237,500,missing_marker,0,0,0,0
math_500,non_rl_self_training,TRICE,1237,500,missing_marker,0,0,1,90
math_500,non_rl_self_training,TRICE,1237,500,missing_marker,0,1,0,2
math_500,non_rl_self_training,TRICE,1237,500,missing_marker,0,1,1,0
math_500,non_rl_self_training,TRICE,1237,500,missing_marker,1,0,0,0
math_500,non_rl_self_training,TRICE,1237,500,missing_marker,1,0,1,0
math_500,non_rl_self_training,TRICE,1237,500,missing_marker,1,1,0,1
math_500,non_rl_self_training,TRICE,1237,500,missing_marker,1,1,1,0
math_500,non_rl_self_training,TRICE,1237,500,multiple_markers,0,0,0,0
math_500,non_rl_self_training,TRICE,1237,500,multiple_markers,0,0,1,0
math_500,non_rl_self_training,TRICE,1237,500,multiple_markers,0,1,0,0
math_500,non_rl_self_training,TRICE,1237,500,multiple_markers,0,1,1,0
math_500,non_rl_self_training,TRICE,1237,500,multiple_markers,1,0,0,0
math_500,non_rl_self_training,TRICE,1237,500,multiple_markers,1,0,1,0
math_500,non_rl_self_training,TRICE,1237,500,multiple_markers,1,1,0,0
math_500,non_rl_self_training,TRICE,1237,500,multiple_markers,1,1,1,0
math_500,non_rl_self_training,TRICE,1237,500,one_invalid_or_nonterminal_marker,0,0,0,0
math_500,non_rl_self_training,TRICE,1237,500,one_invalid_or_nonterminal_marker,0,0,1,0
math_500,non_rl_self_training,TRICE,1237,500,one_invalid_or_nonterminal_marker,0,1,0,0
math_500,non_rl_self_training,TRICE,1237,500,one_invalid_or_nonterminal_marker,0,1,1,0
math_500,non_rl_self_training,TRICE,1237,500,one_invalid_or_nonterminal_marker,1,0,0,0
math_500,non_rl_self_training,TRICE,1237,500,one_invalid_or_nonterminal_marker,1,0,1,0
math_500,non_rl_self_training,TRICE,1237,500,one_invalid_or_nonterminal_marker,1,1,0,0
math_500,non_rl_self_training,TRICE,1237,500,one_invalid_or_nonterminal_marker,1,1,1,0
math_500,rl,RLOO,1201,500,strict_correct,0,0,0,0
math_500,rl,RLOO,1201,500,strict_correct,0,0,1,0
math_500,rl,RLOO,1201,500,strict_correct,0,1,0,0
math_500,rl,RLOO,1201,500,strict_correct,0,1,1,0
math_500,rl,RLOO,1201,500,strict_correct,1,0,0,0
math_500,rl,RLOO,1201,500,strict_correct,1,0,1,0
math_500,rl,RLOO,1201,500,strict_correct,1,1,0,167
math_500,rl,RLOO,1201,500,strict_correct,1,1,1,0
math_500,rl,RLOO,1201,500,strict_valid_wrong,0,0,0,0
math_500,rl,RLOO,1201,500,strict_valid_wrong,0,0,1,1
math_500,rl,RLOO,1201,500,strict_valid_wrong,0,1,0,183
math_500,rl,RLOO,1201,500,strict_valid_wrong,0,1,1,0
math_500,rl,RLOO,1201,500,strict_valid_wrong,1,0,0,0
math_500,rl,RLOO,1201,500,strict_valid_wrong,1,0,1,0
math_500,rl,RLOO,1201,500,strict_valid_wrong,1,1,0,0
math_500,rl,RLOO,1201,500,strict_valid_wrong,1,1,1,0
math_500,rl,RLOO,1201,500,missing_marker,0,0,0,0
math_500,rl,RLOO,1201,500,missing_marker,0,0,1,70
math_500,rl,RLOO,1201,500,missing_marker,0,1,0,43
math_500,rl,RLOO,1201,500,missing_marker,0,1,1,0
math_500,rl,RLOO,1201,500,missing_marker,1,0,0,0
math_500,rl,RLOO,1201,500,missing_marker,1,0,1,0
math_500,rl,RLOO,1201,500,missing_marker,1,1,0,35
math_500,rl,RLOO,1201,500,missing_marker,1,1,1,0
math_500,rl,RLOO,1201,500,multiple_markers,0,0,0,0
math_500,rl,RLOO,1201,500,multiple_markers,0,0,1,0
math_500,rl,RLOO,1201,500,multiple_markers,0,1,0,0
math_500,rl,RLOO,1201,500,multiple_markers,0,1,1,0
math_500,rl,RLOO,1201,500,multiple_markers,1,0,0,0
math_500,rl,RLOO,1201,500,multiple_markers,1,0,1,0
math_500,rl,RLOO,1201,500,multiple_markers,1,1,0,0
math_500,rl,RLOO,1201,500,multiple_markers,1,1,1,0
math_500,rl,RLOO,1201,500,one_invalid_or_nonterminal_marker,0,0,0,0
math_500,rl,RLOO,1201,500,one_invalid_or_nonterminal_marker,0,0,1,0
math_500,rl,RLOO,1201,500,one_invalid_or_nonterminal_marker,0,1,0,1
math_500,rl,RLOO,1201,500,one_invalid_or_nonterminal_marker,0,1,1,0
math_500,rl,RLOO,1201,500,one_invalid_or_nonterminal_marker,1,0,0,0
math_500,rl,RLOO,1201,500,one_invalid_or_nonterminal_marker,1,0,1,0
math_500,rl,RLOO,1201,500,one_invalid_or_nonterminal_marker,1,1,0,0
math_500,rl,RLOO,1201,500,one_invalid_or_nonterminal_marker,1,1,1,0
math_500,rl,RLOO,1213,500,strict_correct,0,0,0,0
math_500,rl,RLOO,1213,500,strict_correct,0,0,1,0
math_500,rl,RLOO,1213,500,strict_correct,0,1,0,0
math_500,rl,RLOO,1213,500,strict_correct,0,1,1,0
math_500,rl,RLOO,1213,500,strict_correct,1,0,0,0
math_500,rl,RLOO,1213,500,strict_correct,1,0,1,0
math_500,rl,RLOO,1213,500,strict_correct,1,1,0,163
math_500,rl,RLOO,1213,500,strict_correct,1,1,1,0
math_500,rl,RLOO,1213,500,strict_valid_wrong,0,0,0,0
math_500,rl,RLOO,1213,500,strict_valid_wrong,0,0,1,0
math_500,rl,RLOO,1213,500,strict_valid_wrong,0,1,0,210
math_500,rl,RLOO,1213,500,strict_valid_wrong,0,1,1,0
math_500,rl,RLOO,1213,500,strict_valid_wrong,1,0,0,0
math_500,rl,RLOO,1213,500,strict_valid_wrong,1,0,1,0
math_500,rl,RLOO,1213,500,strict_valid_wrong,1,1,0,0
math_500,rl,RLOO,1213,500,strict_valid_wrong,1,1,1,0
math_500,rl,RLOO,1213,500,missing_marker,0,0,0,0
math_500,rl,RLOO,1213,500,missing_marker,0,0,1,45
math_500,rl,RLOO,1213,500,missing_marker,0,1,0,56
math_500,rl,RLOO,1213,500,missing_marker,0,1,1,0
math_500,rl,RLOO,1213,500,missing_marker,1,0,0,0
math_500,rl,RLOO,1213,500,missing_marker,1,0,1,0
math_500,rl,RLOO,1213,500,missing_marker,1,1,0,25
math_500,rl,RLOO,1213,500,missing_marker,1,1,1,0
math_500,rl,RLOO,1213,500,multiple_markers,0,0,0,0
math_500,rl,RLOO,1213,500,multiple_markers,0,0,1,0
math_500,rl,RLOO,1213,500,multiple_markers,0,1,0,0
math_500,rl,RLOO,1213,500,multiple_markers,0,1,1,0
math_500,rl,RLOO,1213,500,multiple_markers,1,0,0,0
math_500,rl,RLOO,1213,500,multiple_markers,1,0,1,0
math_500,rl,RLOO,1213,500,multiple_markers,1,1,0,0
math_500,rl,RLOO,1213,500,multiple_markers,1,1,1,0
math_500,rl,RLOO,1213,500,one_invalid_or_nonterminal_marker,0,0,0,0
math_500,rl,RLOO,1213,500,one_invalid_or_nonterminal_marker,0,0,1,0
math_500,rl,RLOO,1213,500,one_invalid_or_nonterminal_marker,0,1,0,1
math_500,rl,RLOO,1213,500,one_invalid_or_nonterminal_marker,0,1,1,0
math_500,rl,RLOO,1213,500,one_invalid_or_nonterminal_marker,1,0,0,0
math_500,rl,RLOO,1213,500,one_invalid_or_nonterminal_marker,1,0,1,0
math_500,rl,RLOO,1213,500,one_invalid_or_nonterminal_marker,1,1,0,0
math_500,rl,RLOO,1213,500,one_invalid_or_nonterminal_marker,1,1,1,0
math_500,rl,RLOO,1217,500,strict_correct,0,0,0,0
math_500,rl,RLOO,1217,500,strict_correct,0,0,1,0
math_500,rl,RLOO,1217,500,strict_correct,0,1,0,0
math_500,rl,RLOO,1217,500,strict_correct,0,1,1,0
math_500,rl,RLOO,1217,500,strict_correct,1,0,0,0
math_500,rl,RLOO,1217,500,strict_correct,1,0,1,0
math_500,rl,RLOO,1217,500,strict_correct,1,1,0,182
math_500,rl,RLOO,1217,500,strict_correct,1,1,1,0
math_500,rl,RLOO,1217,500,strict_valid_wrong,0,0,0,0
math_500,rl,RLOO,1217,500,strict_valid_wrong,0,0,1,1
math_500,rl,RLOO,1217,500,strict_valid_wrong,0,1,0,176
math_500,rl,RLOO,1217,500,strict_valid_wrong,0,1,1,0
math_500,rl,RLOO,1217,500,strict_valid_wrong,1,0,0,0
math_500,rl,RLOO,1217,500,strict_valid_wrong,1,0,1,0
math_500,rl,RLOO,1217,500,strict_valid_wrong,1,1,0,0
math_500,rl,RLOO,1217,500,strict_valid_wrong,1,1,1,0
math_500,rl,RLOO,1217,500,missing_marker,0,0,0,0
math_500,rl,RLOO,1217,500,missing_marker,0,0,1,89
math_500,rl,RLOO,1217,500,missing_marker,0,1,0,29
math_500,rl,RLOO,1217,500,missing_marker,0,1,1,0
math_500,rl,RLOO,1217,500,missing_marker,1,0,0,0
math_500,rl,RLOO,1217,500,missing_marker,1,0,1,1
math_500,rl,RLOO,1217,500,missing_marker,1,1,0,20
math_500,rl,RLOO,1217,500,missing_marker,1,1,1,0
math_500,rl,RLOO,1217,500,multiple_markers,0,0,0,0
math_500,rl,RLOO,1217,500,multiple_markers,0,0,1,0
math_500,rl,RLOO,1217,500,multiple_markers,0,1,0,0
math_500,rl,RLOO,1217,500,multiple_markers,0,1,1,0
math_500,rl,RLOO,1217,500,multiple_markers,1,0,0,0
math_500,rl,RLOO,1217,500,multiple_markers,1,0,1,0
math_500,rl,RLOO,1217,500,multiple_markers,1,1,0,0
math_500,rl,RLOO,1217,500,multiple_markers,1,1,1,0
math_500,rl,RLOO,1217,500,one_invalid_or_nonterminal_marker,0,0,0,0
math_500,rl,RLOO,1217,500,one_invalid_or_nonterminal_marker,0,0,1,1
math_500,rl,RLOO,1217,500,one_invalid_or_nonterminal_marker,0,1,0,1
math_500,rl,RLOO,1217,500,one_invalid_or_nonterminal_marker,0,1,1,0
math_500,rl,RLOO,1217,500,one_invalid_or_nonterminal_marker,1,0,0,0
math_500,rl,RLOO,1217,500,one_invalid_or_nonterminal_marker,1,0,1,0
math_500,rl,RLOO,1217,500,one_invalid_or_nonterminal_marker,1,1,0,0
math_500,rl,RLOO,1217,500,one_invalid_or_nonterminal_marker,1,1,1,0
math_500,rl,RLOO,1223,500,strict_correct,0,0,0,0
math_500,rl,RLOO,1223,500,strict_correct,0,0,1,0
math_500,rl,RLOO,1223,500,strict_correct,0,1,0,0
math_500,rl,RLOO,1223,500,strict_correct,0,1,1,0
math_500,rl,RLOO,1223,500,strict_correct,1,0,0,0
math_500,rl,RLOO,1223,500,strict_correct,1,0,1,0
math_500,rl,RLOO,1223,500,strict_correct,1,1,0,185
math_500,rl,RLOO,1223,500,strict_correct,1,1,1,0
math_500,rl,RLOO,1223,500,strict_valid_wrong,0,0,0,0
math_500,rl,RLOO,1223,500,strict_valid_wrong,0,0,1,1
math_500,rl,RLOO,1223,500,strict_valid_wrong,0,1,0,170
math_500,rl,RLOO,1223,500,strict_valid_wrong,0,1,1,0
math_500,rl,RLOO,1223,500,strict_valid_wrong,1,0,0,0
math_500,rl,RLOO,1223,500,strict_valid_wrong,1,0,1,0
math_500,rl,RLOO,1223,500,strict_valid_wrong,1,1,0,0
math_500,rl,RLOO,1223,500,strict_valid_wrong,1,1,1,0
math_500,rl,RLOO,1223,500,missing_marker,0,0,0,0
math_500,rl,RLOO,1223,500,missing_marker,0,0,1,94
math_500,rl,RLOO,1223,500,missing_marker,0,1,0,31
math_500,rl,RLOO,1223,500,missing_marker,0,1,1,0
math_500,rl,RLOO,1223,500,missing_marker,1,0,0,0
math_500,rl,RLOO,1223,500,missing_marker,1,0,1,0
math_500,rl,RLOO,1223,500,missing_marker,1,1,0,18
math_500,rl,RLOO,1223,500,missing_marker,1,1,1,0
math_500,rl,RLOO,1223,500,multiple_markers,0,0,0,0
math_500,rl,RLOO,1223,500,multiple_markers,0,0,1,0
math_500,rl,RLOO,1223,500,multiple_markers,0,1,0,0
math_500,rl,RLOO,1223,500,multiple_markers,0,1,1,0
math_500,rl,RLOO,1223,500,multiple_markers,1,0,0,0
math_500,rl,RLOO,1223,500,multiple_markers,1,0,1,0
math_500,rl,RLOO,1223,500,multiple_markers,1,1,0,0
math_500,rl,RLOO,1223,500,multiple_markers,1,1,1,0
math_500,rl,RLOO,1223,500,one_invalid_or_nonterminal_marker,0,0,0,0
math_500,rl,RLOO,1223,500,one_invalid_or_nonterminal_marker,0,0,1,0
math_500,rl,RLOO,1223,500,one_invalid_or_nonterminal_marker,0,1,0,1
math_500,rl,RLOO,1223,500,one_invalid_or_nonterminal_marker,0,1,1,0
math_500,rl,RLOO,1223,500,one_invalid_or_nonterminal_marker,1,0,0,0
math_500,rl,RLOO,1223,500,one_invalid_or_nonterminal_marker,1,0,1,0
math_500,rl,RLOO,1223,500,one_invalid_or_nonterminal_marker,1,1,0,0
math_500,rl,RLOO,1223,500,one_invalid_or_nonterminal_marker,1,1,1,0
math_500,rl,RLOO,1229,500,strict_correct,0,0,0,0
math_500,rl,RLOO,1229,500,strict_correct,0,0,1,0
math_500,rl,RLOO,1229,500,strict_correct,0,1,0,0
math_500,rl,RLOO,1229,500,strict_correct,0,1,1,0
math_500,rl,RLOO,1229,500,strict_correct,1,0,0,0
math_500,rl,RLOO,1229,500,strict_correct,1,0,1,0
math_500,rl,RLOO,1229,500,strict_correct,1,1,0,193
math_500,rl,RLOO,1229,500,strict_correct,1,1,1,0
math_500,rl,RLOO,1229,500,strict_valid_wrong,0,0,0,0
math_500,rl,RLOO,1229,500,strict_valid_wrong,0,0,1,0
math_500,rl,RLOO,1229,500,strict_valid_wrong,0,1,0,203
math_500,rl,RLOO,1229,500,strict_valid_wrong,0,1,1,0
math_500,rl,RLOO,1229,500,strict_valid_wrong,1,0,0,0
math_500,rl,RLOO,1229,500,strict_valid_wrong,1,0,1,0
math_500,rl,RLOO,1229,500,strict_valid_wrong,1,1,0,0
math_500,rl,RLOO,1229,500,strict_valid_wrong,1,1,1,0
math_500,rl,RLOO,1229,500,missing_marker,0,0,0,0
math_500,rl,RLOO,1229,500,missing_marker,0,0,1,80
math_500,rl,RLOO,1229,500,missing_marker,0,1,0,13
math_500,rl,RLOO,1229,500,missing_marker,0,1,1,0
math_500,rl,RLOO,1229,500,missing_marker,1,0,0,0
math_500,rl,RLOO,1229,500,missing_marker,1,0,1,0
math_500,rl,RLOO,1229,500,missing_marker,1,1,0,10
math_500,rl,RLOO,1229,500,missing_marker,1,1,1,0
math_500,rl,RLOO,1229,500,multiple_markers,0,0,0,0
math_500,rl,RLOO,1229,500,multiple_markers,0,0,1,0
math_500,rl,RLOO,1229,500,multiple_markers,0,1,0,0
math_500,rl,RLOO,1229,500,multiple_markers,0,1,1,0
math_500,rl,RLOO,1229,500,multiple_markers,1,0,0,0
math_500,rl,RLOO,1229,500,multiple_markers,1,0,1,0
math_500,rl,RLOO,1229,500,multiple_markers,1,1,0,0
math_500,rl,RLOO,1229,500,multiple_markers,1,1,1,0
math_500,rl,RLOO,1229,500,one_invalid_or_nonterminal_marker,0,0,0,0
math_500,rl,RLOO,1229,500,one_invalid_or_nonterminal_marker,0,0,1,0
math_500,rl,RLOO,1229,500,one_invalid_or_nonterminal_marker,0,1,0,1
math_500,rl,RLOO,1229,500,one_invalid_or_nonterminal_marker,0,1,1,0
math_500,rl,RLOO,1229,500,one_invalid_or_nonterminal_marker,1,0,0,0
math_500,rl,RLOO,1229,500,one_invalid_or_nonterminal_marker,1,0,1,0
math_500,rl,RLOO,1229,500,one_invalid_or_nonterminal_marker,1,1,0,0
math_500,rl,RLOO,1229,500,one_invalid_or_nonterminal_marker,1,1,1,0
math_500,rl,RLOO,1231,500,strict_correct,0,0,0,0
math_500,rl,RLOO,1231,500,strict_correct,0,0,1,0
math_500,rl,RLOO,1231,500,strict_correct,0,1,0,0
math_500,rl,RLOO,1231,500,strict_correct,0,1,1,0
math_500,rl,RLOO,1231,500,strict_correct,1,0,0,0
math_500,rl,RLOO,1231,500,strict_correct,1,0,1,0
math_500,rl,RLOO,1231,500,strict_correct,1,1,0,161
math_500,rl,RLOO,1231,500,strict_correct,1,1,1,0
math_500,rl,RLOO,1231,500,strict_valid_wrong,0,0,0,0
math_500,rl,RLOO,1231,500,strict_valid_wrong,0,0,1,0
math_500,rl,RLOO,1231,500,strict_valid_wrong,0,1,0,184
math_500,rl,RLOO,1231,500,strict_valid_wrong,0,1,1,0
math_500,rl,RLOO,1231,500,strict_valid_wrong,1,0,0,0
math_500,rl,RLOO,1231,500,strict_valid_wrong,1,0,1,0
math_500,rl,RLOO,1231,500,strict_valid_wrong,1,1,0,0
math_500,rl,RLOO,1231,500,strict_valid_wrong,1,1,1,0
math_500,rl,RLOO,1231,500,missing_marker,0,0,0,0
math_500,rl,RLOO,1231,500,missing_marker,0,0,1,80
math_500,rl,RLOO,1231,500,missing_marker,0,1,0,42
math_500,rl,RLOO,1231,500,missing_marker,0,1,1,0
math_500,rl,RLOO,1231,500,missing_marker,1,0,0,0
math_500,rl,RLOO,1231,500,missing_marker,1,0,1,0
math_500,rl,RLOO,1231,500,missing_marker,1,1,0,31
math_500,rl,RLOO,1231,500,missing_marker,1,1,1,0
math_500,rl,RLOO,1231,500,multiple_markers,0,0,0,0
math_500,rl,RLOO,1231,500,multiple_markers,0,0,1,0
math_500,rl,RLOO,1231,500,multiple_markers,0,1,0,0
math_500,rl,RLOO,1231,500,multiple_markers,0,1,1,0
math_500,rl,RLOO,1231,500,multiple_markers,1,0,0,0
math_500,rl,RLOO,1231,500,multiple_markers,1,0,1,0
math_500,rl,RLOO,1231,500,multiple_markers,1,1,0,0
math_500,rl,RLOO,1231,500,multiple_markers,1,1,1,0
math_500,rl,RLOO,1231,500,one_invalid_or_nonterminal_marker,0,0,0,0
math_500,rl,RLOO,1231,500,one_invalid_or_nonterminal_marker,0,0,1,1
math_500,rl,RLOO,1231,500,one_invalid_or_nonterminal_marker,0,1,0,1
math_500,rl,RLOO,1231,500,one_invalid_or_nonterminal_marker,0,1,1,0
math_500,rl,RLOO,1231,500,one_invalid_or_nonterminal_marker,1,0,0,0
math_500,rl,RLOO,1231,500,one_invalid_or_nonterminal_marker,1,0,1,0
math_500,rl,RLOO,1231,500,one_invalid_or_nonterminal_marker,1,1,0,0
math_500,rl,RLOO,1231,500,one_invalid_or_nonterminal_marker,1,1,1,0
math_500,rl,RLOO,1237,500,strict_correct,0,0,0,0
math_500,rl,RLOO,1237,500,strict_correct,0,0,1,0
math_500,rl,RLOO,1237,500,strict_correct,0,1,0,0
math_500,rl,RLOO,1237,500,strict_correct,0,1,1,0
math_500,rl,RLOO,1237,500,strict_correct,1,0,0,0
math_500,rl,RLOO,1237,500,strict_correct,1,0,1,0
math_500,rl,RLOO,1237,500,strict_correct,1,1,0,180
math_500,rl,RLOO,1237,500,strict_correct,1,1,1,0
math_500,rl,RLOO,1237,500,strict_valid_wrong,0,0,0,0
math_500,rl,RLOO,1237,500,strict_valid_wrong,0,0,1,2
math_500,rl,RLOO,1237,500,strict_valid_wrong,0,1,0,167
math_500,rl,RLOO,1237,500,strict_valid_wrong,0,1,1,0
math_500,rl,RLOO,1237,500,strict_valid_wrong,1,0,0,0
math_500,rl,RLOO,1237,500,strict_valid_wrong,1,0,1,0
math_500,rl,RLOO,1237,500,strict_valid_wrong,1,1,0,0
math_500,rl,RLOO,1237,500,strict_valid_wrong,1,1,1,0
math_500,rl,RLOO,1237,500,missing_marker,0,0,0,0
math_500,rl,RLOO,1237,500,missing_marker,0,0,1,90
math_500,rl,RLOO,1237,500,missing_marker,0,1,0,35
math_500,rl,RLOO,1237,500,missing_marker,0,1,1,0
math_500,rl,RLOO,1237,500,missing_marker,1,0,0,0
math_500,rl,RLOO,1237,500,missing_marker,1,0,1,0
math_500,rl,RLOO,1237,500,missing_marker,1,1,0,23
math_500,rl,RLOO,1237,500,missing_marker,1,1,1,0
math_500,rl,RLOO,1237,500,multiple_markers,0,0,0,0
math_500,rl,RLOO,1237,500,multiple_markers,0,0,1,0
math_500,rl,RLOO,1237,500,multiple_markers,0,1,0,0
math_500,rl,RLOO,1237,500,multiple_markers,0,1,1,0
math_500,rl,RLOO,1237,500,multiple_markers,1,0,0,0
math_500,rl,RLOO,1237,500,multiple_markers,1,0,1,0
math_500,rl,RLOO,1237,500,multiple_markers,1,1,0,0
math_500,rl,RLOO,1237,500,multiple_markers,1,1,1,0
math_500,rl,RLOO,1237,500,one_invalid_or_nonterminal_marker,0,0,0,0
math_500,rl,RLOO,1237,500,one_invalid_or_nonterminal_marker,0,0,1,0
math_500,rl,RLOO,1237,500,one_invalid_or_nonterminal_marker,0,1,0,3
math_500,rl,RLOO,1237,500,one_invalid_or_nonterminal_marker,0,1,1,0
math_500,rl,RLOO,1237,500,one_invalid_or_nonterminal_marker,1,0,0,0
math_500,rl,RLOO,1237,500,one_invalid_or_nonterminal_marker,1,0,1,0
math_500,rl,RLOO,1237,500,one_invalid_or_nonterminal_marker,1,1,0,0
math_500,rl,RLOO,1237,500,one_invalid_or_nonterminal_marker,1,1,1,0
